ref,titre,contenu,date
0001/DC,STOCK APPROVISIONNEMENT,"Rapport d'inventaire, note de service, état de sortie",1995-1996
0276/ST,BONS DROITURES,,"JANVIER,FEVRIER,MARS 1999"
0277/ST,BONS DROITURES,,"AVRIL,MAI,JUIN 1999"
0278/ST,BONS DROITURES,,"JUILLET,AOUT,SEPTEMBRE 1999"
0279/ST,BONS DROITURES,,"OCTOBRE,NOVEMBRE,DECEMBRE 1999"
0280/ST,FICHES DE CONTROLE MOUVEMENT CAMIONS CITERNES,Lettres B à N,1999
0281/ST,FICHES CONTROLE MOUVEMENT CAMIONS CITERNES,Lettres O à Se,1999
0282/ST,FICHES DE CONTROLE MOUVEMENT CAMIONS CITERNES,Lettres So à Z,1999
0283/ST,CERTIFICATS DE JAUGEAGE DES CAMIONS CITERNES,,1989-1996
0284/ST,CERTIFICATS DE JAUGEAGE DES CAMIONS CITERNES,,1989-1996
0285/ST,CERTIFICATS DE JAUGEAGE DES CAMIONS CITERNES,,1989-1996
0286/ST,CERTIFICATS DE JAUGEAGE DES CAMIONS CITERNES,,1989-1996
0287/ST,CERTIFICATS DE JAUGEAGE DES CAMIONS CITERNES,,1997-2000
0288/ST,ETATS SUIVI D'ENLEVEMENTS,,1991-1998
0289/ST,CONTROLE CAMIONS CITERNES,"Gendarmerie frontalière, liste des camions",1991-1996
0290/ST,CAMIONS CITERNE,gaz butane,1989-1994
0291/ST,DIVERS COURRIERS,,1990-2000
0292/ST,ETATS ECORS,,1997-2000
0293/ST,"BONS D'ENLEVEMENT : BURKINA ET SHELL CONTENU;"": Etats d'enlèvement des produits ; bons.""",,"AVRIL,JUILLET 1998"
0294/ST,"BONS D'ENLEVEMENT : BURKINA ET SHELL CONTENU;"": Etats d'enlèvement des produits ; bons.""",,"AOUT,SEPTEMBRE,OCTOBRE,NOVEMBRE,DECEMBRE 1998"
0295/ST,"BONS D'ENLEVEMENT : ELF OIL BURKINA CONTENU;"": Etats d'enlèvement des produits ; bons.""",,"AVRIL,MAI,JUIN,JUILLET,AOUT 1998"
0296/ST,"BONS D'ENLEVEMENT : ELF OIL BURKINA CONTENU;"": Etats d'enlèvement des produits ; bons.""",,"SEPTEMBRE,OCTOBRE,NOVEMBRE,DECEMBRE 1998"
0297/ST,"BONS D'ENLEVEMENT : MOBIL OIL BURKINA CONTENU;"": Etats d'enlèvement des produits ; bons.""",,"AVRIL,MAI,JUIN,JUILLET,AOUT,SEPTEMBRE,OCTOBRE,NOV EMBRE,DECEMBRE 1998"
0298/ST,"BONS D'ENLEVEMENT : TAGUI CONTENU;"": Etats d'enlèvement des produits ; bons.""",,"AVRIL,MAI,JUIN,JUILLET,AOUT,SEPTEMBRE,OCTOBRE,NOV EMBRE,DECEMBRE 1998"
0299/ST,"BONS D'ENLEVEMENT : TOTAL BURKINA CONTENU;"": Etats d'enlèvement des produits ; bons.""",,"AVRIL,MAI,JUIN,JUILLET,AOUT,SEPTEMBRE,OCTOBRE,NOV EMBRE,DECEMBRE 1998"
0300/ST,"BONS D'ENLEVEMENT : TOTAL BURKINA CONTENU;"": Etats d'enlèvement des produits ; bons.""",,"SEPTEMBRE,OCTOBRE,NOVEMBRE,DECEMBRE 1998"
0301/ST,"BONS D'ENLEVEMENT : STD ET DIVERS CONTENU;"": Etats d'enlèvement des produits ; bons.""",,"AVRIL,MAI,JUIN,JUILLET,AOUT,SEPTEMBRE,OCTOBRE,NOV EMBRE,DECEMBRE 1998"
0302/ST,"BONS D'ENLEVEMENT : BURKINA ET SHELL CONTENU;"": Etats d'enlèvement des produits ; bons.""",,"JANVIER,FEVRIER,MARS,AVRIL,MAI 1999"
0303/ST,"BONS D'ENLEVEMENT : BURKINA ET SHELL CONTENU;"": Etats d'enlèvement des produits ; bons.""",,"JUIN,JUILLET,AOUT 1999"
0304/ST,"BONS D'ENLEVEMENT : BURKINA ET SHELL CONTENU;"": Etats d'enlèvement des produits ; bons.""",,"SEPTEMBRE,OCTOBRE,NOVEMBRE,DECEMBRE 1999"
0305/ST,"BONS D'ENLEVEMENT : ELF OIL BURKINA CONTENU;"": Etats d'enlèvement des produits ; bons.""",,"JANVIER,FEVRIER,MARS,AVRIL,MAI,JUIN,JUILLET,AOUT 2000"
0306/ST,"BONS D'ENLEVEMENT : ELF OIL BURKINA CONTENU;"": Etats d'enlèvement des produits ; bons.""",,"JANVIER,FEVRIER,MARS,AVRIL,MAI,JUIN,JUILLET,AOUT 1999"
0307/ST,"BONS D'ENLEVEMENT : ELF OIL BURKINA CONTENU;"": Etats d'enlèvement des produits ; bons.""",,"SEPTEMBRE,OCTOBRE,NOVEMBRE,DECEMBRE 1999"
0308/ST,"BONS D'ENLEVEMENT : MOBIL OIL BURKINA CONTENU;"": Etats d'enlèvement des produits ; bons.""",,"JANVIER,FEVRIER,MARS,AVRIL,MAI,JUIN,JUILLET,AOUT, SEPTEMBRE,OCTOBRE,NOVEMBRE,DECEMBRE 1999"
0309/ST,"BONS D'ENLEVEMENT : TAGUI CONTENU;"": Etats d'enlèvement des produits ; bons.""",,"JANVIER,FEVRIER,MARS,AVRIL,MAI,JUIN,JUILLET,AOUT, SEPTEMBRE,OCTOBRE,NOVEMBRE,DECEMBRE 1999"
0310/ST,"BONS D'ENLEVEMENT : TOTAL BURKINA CONTENU;"": Etats d'enlèvement des produits ; bons.""",,"JANVIER,FEVRIER,MARS,AVRIL,MAI,JUIN 1999"
0311/ST,"BONS D'ENLEVEMENT : TOTAL BURKINA CONTENU;"": Etats d'enlèvement des produits ; bons.""",,"JUILLET,AOUT,SEPTEMBRE,OCTOBRE,NOVEMBRE,DECEMBRE 1999"
0312/ST,"BONS D'ENLEVEMENT : STD DIVERS CONTENU;"": Etats d'enlèvement des produits ; bons.""",,"JANVIER,FEVRIER,MARS,AVRIL,MAI,JUIN,JUILLET,AOUT, SEPTEMBRE,OCTOBRE,NOVEMBRE,DECEMBRE 1999"
0313/ST,"BONS D'ENLEVEMENT : BURKINA ET SHELL CONTENU;"": Etats d'enlèvement des produits ; bons""",,"JANVIER,FEVRIER,MARS,AVRIL,MAI,JUIN,JUILLET 2000"
0314/ST,ETATS DECADAIRES ET MENSUELS : SORTIES ET RECEPTIONS,,1999
315/ST,ETATS DECADAIRES ET MENSUELS : SORTIES ET RECEPTIONS,,2000
316/ST,ETATS DECADAIRES ET MENSUELS : SORTIES ET RECEPTIONS,,"JANVIER,FEVRIER 2001"
317/ST,CONTROLE MOUVEMENT CAMION-CITERNES,A à Z,1997
318/ST,CONTROLE MOUVEMENT CAMION-CITERNES,A à So,1998
319/ST,CONTROLE MOUVEMENT CAMION-CITERNES,"St à Z, A à Z",1998-1999
320/ST,CONTROLE MOUVEMENT CAMION-CITERNES,A à Z,2000
321/ST,CONTROLE MOUVEMENT CAMION-CITERNES,Non utilisées,
0248/SV,ETATS ET FICHES DE SORTIES : GAZ BUTANE,,1998
0249/SV,SORTIES DECADAIRES,,1998
0250/SV,TOTAL BURKINA,"BONS D'ENLEVEMENT, FACTURE",1999
0251/SV,TAGUI,"ETAT DE SORTIE, FACTURE",1999
0252/SV,STRUCTURES DES PRIX,,1999
0253/SV,OPERATIONS SONABHY ET DIVERS DOSSIERS,,1999-2000
0254/SV,AUTRES CLIENTS : FACTURES,FACTURE,1999
0255/SV,ELF BURKINA : FACTURES,,1999
0256/SV,MOBIL OIL BURKINA : FACTURES,,1999
0257/SV,BURKINA ET SHELL : FACTURES,,1999
0258/SV,ETATS DES SORTIES : DECADES,,1999
0259/SV,MOBIL OIL BURKINASTDBURKINA ET SHELL ELF OIL BURKINA TOTAL BURKINA,FACTURES 1 à  211,1999
0002/DC,MOBIL OIL BURKINA,FACTURE,1989-1991
0003/DC,TAGUI,FACTURE,1989-1991
0004/DC,SITUATION DES VENTES,,1990
0005/DC,SITUATION DES VENTES,,1991
0006/DC,GAZ PERSONNEL SONABHY,,1990-1991
0008/DC,FACTURES LUBRIFIANTS,,1991
0009/DC,"ETAT RECAPITULATIF : OUAGA, BOBO",,1990-1991
0010/DC,DIVERS,,1991-1995
0011/DC,TELEX,,1991-1996
0012/DC,MINUTES DE LA SECRETAIRE DC,,1993-1996
0013/DC,MINUTES DE LA SECRETAIRE DC,,1993-1995
0014/DC,MINUTES DE LA SECRETAIRE DC,,1996-1997
0015/DC,BORDEREAUX D'ENVOI SONABHY BOBO,,1996
0016/DC,FACTURES DIVERSES,,
0017/DC,BURKINA ET SHELL,FACTURE,1989-1990
0322/ST,MOUVEMENT DE STOCK,DECADE BINGO,SEPTEMBRE-DECEMBRE 1995
0323/ST,MOUVEMENT DE STOCK,DECADE BINGO,JANVIER-MAI 1996
0324/ST,MOUVEMENT DE STOCK,DECADE BINGO,JUIN-NOVEMBRE 1996
0325/ST,MOUVEMENT DE STOCK,DECADE BOBO,JANVIER-AVRIL 1996
0326/ST,MOUVEMENT DE STOCK,DECADE BINGO,OCTOBRE-DECEMBRE 1997
0327/ST,MOUVEMENT DE STOCK,DECADE BINGO,MAI-SEPTEMBRE 1997
0328/ST,MOUVEMENT DE STOCK,DECADE BINGO,JANVIER-MAI 1998
0329/ST,MOUVEMENT DE STOCK,DECADE BINGO,MAI-SEPTEMBRE 1998
0330/ST,MOUVEMENT DE STOCK,DECADE BINGO,OCTOBRE 1998
0331/ST,STSL,BONS DE TRANSFERT,AVRIL 1994-1995
0332/ST,STSL,BONS DE TRANSFERT,MARS-NOVEMBRE 1995
0333/ST,STSL,BONS DE TRANSFERT,DECEMBRE-SEPTEMBRE 1995-1996
0334/ST,STSL,BONS DE TRANSFERT,"OCTOBRE,AVRIL 1996-1997"
0335/ST,STSL,BONS DE TRANSFERT,"MAI,DECEMBRE 1997"
0336/ST,STSL,BONS DE TRANSFERT,"DECEMBRE,MAI 1997-1998"
0337/ST,GESTOCI,BONS DE TRANSFERT,"JANVIER,OCTOBRE 1995-1996"
0338/ST,GESTOCI,BONS DE TRANSFERT,"SEPTEMBRE,MAI 1996-1997"
0339/ST,GESTOCI,BONS DE TRANSFERT,"JUIN,MARS 1997-1998"
0340/ST,GESTOCI,BONS DE TRANSFERT,"AVRIL,FEVRIER 1998-2000"
0341/ST,GESTOCI,BONS DE TRANSFERT,"FEVRIER,JUILLET 2000"
0342/ST,BONS POUR GAZ,ETATS D'ENLEVEMENT,"JANVIER,DECEMBRE 1994"
0343/ST,BONS POUR GAZ,ETATS D'ENLEVEMENT,"JANVIER,DECEMBRE 1995-1996"
0344/ST,GESTOCI ET GNPC,ETATS D'ENLEVEMENT GAZ,"JANVIER,DECEMBRE 1997"
0345/ST,GESTOCI BINGO ET BOBO,ETATS DES ENLEVEMENTS,"JANVIER, NOVEMBRE 1994-1996"
0346/ST,GESTOCI,ETATS DES ENLEVEMENTS,"JANVIER,DECEMBRE 1995-1996"
0347/ST,GNPC TEMA,ETATS DES ENLEVEMENTS,1995-1996
0348/ST,STSL : OPERATION STD ET COULDIATY IDRISSA,ETATS DES ENLEVEMENTS,DECEMBRE 1994-1997
0349/ST,STSL : DROITURE SATOM & COLAS,ETATS DES ENLEVEMENTS,"AOUT,DECEMBRE 1997-1998"
0350/ST,ETATS DE RECEPTION BINGO,,"FEVRIER,NOVEMBRE 1995-1998"
0351/ST,GESTOCI  BOBO,ETATS DES ENLEVEMENTS,"JANVIER,NOVEMBRE 1997-1998"
0352/ST,ETATS DES ENLEVEMENTS BOBO,,"AOUT,SEPTEMBRE 1998-1999"
0353/ST,MOBIL OIL BURKINA,ETATS DES ENLEVEMENTS,JANVIER 1997-1998
0354/ST,GNPC ET GESTOCI,ETAT DE RECEPTION GAZ BINGO ET BOBO,1993-1997
0355/ST,ETATS DE RECEPTION BINGO,,"JANVIER,OCTOBRE 1995-1996"
0356/ST,ETATS DE RECEPTION BOBO,,JUIN 1995-1997
0357/ST,ETATS DE RECEPTION BOBO,,"AVRIL,SEPTEMBRE 1996-1998"
0358/ST,ETATS DE RECEPTION BINGO,,"SEPTEMBRE,FEVRIER 1996-1998"
0359/ST,ETATS DE RECEPTION,FAX ARRIVEE,"AVRIL,AOUT 1999"
0360/ST,ETATS DE RECEPTION BOBO,,"MARS,DECEMBRE 1999-2000"
0361/ST,DECLASSEMENT : RECONNAISSANCE EN RESERVOIRS,,1992-1997
0362/ST,ETATS DES MOUVEMENTS DE PRODUITS EN STOCK,,"JANVIER,JUILLET 1995-1996"
0363/ST,ETATS DECADAIRES DES SORTIES : PORTES DE BINGO ET BOBO,,"MAI,JANVIER 1995-1997"
0364/ST,ETATS MENSUELS DES ENTREES : BINGO,,1999
0365/ST,DROITURES ABIDJAN : ETATS DES REEXPORTATIONS,,2000
0366/ST,FICHES DE CAMIONS CITERNES S A Z,,1990
0367/ST,ETATS ECORS,,"FEVRIER,DECEMBRE 1996-1997"
0368/ST,BONS JAUNES,,"JANVIER,JUIN 2000"
0369/ST,TOTAL BURKINA,BONS D'ENLEVEMENT,"JANVIER,JUILLET 2000"
0260/SV,GAZ DU PERSONNEL,"Reçus de caisse, Bons de réception, Bons d'enlèvement, Etats divers","1993,1996,1998-1999"
0261/SV,GAZ DU PERSONNEL,"Reçus de caisse, bons de réception, bons d'enlèvement, Etats divers",2000-2001
0262/SV,DIVERS DOCUMENTS,"Bon, lettre, fax, état de sortie, planning d'enlèvement",1997-1999
0370/ST,PLANNING APPROVISIONNEMENT,,JANVIER 1987-2000
0371/ST,BURKINA ET SHELL,BORDEREAUX D'envoi,"Août,decembre 2000"
0372/ST,ELF OIL BURKINA,Bordereaux d'envoi,"Septembre,decembre 2000"
0373/ST,MOBIL OIL BURKINA,Bordereaux d'envoi,"Janvier,décembre 2000"
0374/ST,"STD, SONABHY",Bordereaux d'envoi,"Janvier,Décembre 2000"
0375/ST,TAGUI,Bordereaux d'envoi,Janvier 2000
0376/ST,TOTAL BURKINA,Bordereaux d'envoi,"Août,décembre 2000"
0377/ST,BONS ANNULES,,1999
0378/ST,BONS JAUNES,,"JANVIER,JUIN 1999"
0379/ST,BONS JAUNES,,"JUILLET,AOUT 1999"
0380/ST,BONS JAUNES,,SEPTEMBRE 1999
0381/ST,BONS JAUNES,,OCTOBRE 1999
0382/ST,BONS JAUNES,,NOVEMBRE 1999
0383/ST,BONS JAUNES,,DECEMBRE 1999
0384/ST,BONS JAUNES,SHELL,2000
0385/ST,BONS JAUNES,ELF,2000
0386/ST,BONS JAUNES,MOBIL,2000
0387/ST,BONS JAUNES,TOTAL,2000
0388/ST,BONS JAUNES,SONABHY,"JANVIER,AOUT 2000"
0389/ST,BURKINA ET SHELL,Bons jaunes,"OCTOBRE,DECEMBRE 2000"
0390/ST,ELF OIL BURKINA,Bons jaunes,"OCTOBRE,DECEMBRE 2000"
0391/ST,MOBIL OIL BURKINA,Bons jaunes,"OCTOBRE,DECEMBRE 2000"
0392/ST,SONABHY,Bons jaunes,"SEPTEMBRE,DECEMBRE 2000"
0393/ST,TOTAL BURKINA,Bons jaunes,"OCTOBRE,DECEMBRE 2000"
0394/ST,FICHES CONTROLE MOUVEMENT CAMION-CITERNE,Lettre B à R,2000
0395/ST,FICHES CONTROLE MOUVEMENT CAMION-CITERNE,Lettre S à Z,2000
0396/ST,BONS ANNULES,,1997
0397/ST,SHELL : SONACOP DROITURE,Etat journalier,1998
0398/ST,SHELL,Etat journalier,1998
0399/ST,ELF : DROITURE,Etat journalier,1998
0400/ST,MOBIL OIL BURKINA,Etat journalier,1998
0401/ST,TOTAL BURKINA : DROITURE DDO/FUEL,Etat journalier,1998
0402/ST,TOTAL BURKINA : DROITURE JET,Etat journalier,1998
0403/ST,MOBIL OIL BURKINA,Bons jaunes JET A1,1998
0404/ST,SITUATION DES SORTIES SONABHY A STSL,,
0405/ST,BURKINA ET SHELL,,NOVEMBRE 2000
0406/ST,MOBIL OIL BURKINA,,JANVIER 2001
0263/SV,DIVERS DOCUMENTS,"COURRIER, ETAT DE SORTIE, FACTURE, BON DE LIVRAISON",1998
0264/SV,DIVERS DOCUMENTS,"STRUCTURE DE PRIX,  ENTRETIEN BOUTEILLES",1998
0265/SV,FACTURES,N°401 - 650,1999
0266/SV,FACTURES,N°651 -,1999
0267/SV,SITUATION DES STOCKS : SYNTHESE MENSUELLE DES VENTES,,2000
0268/SV,STRUCTURES DES PRIX,,2000
0269/SV,TAGUI,ETAT DE SORTIE,2000
0270/SV,BUDGET ET PROJET D'INVESTISSEMENT,,
0271/SV,DOCUMENTS DE DIFFERENTS SERVICES ET DIRECTIONS,,
0272/SV,"DIVERS DOCUMENTS : FOURNISSEURS, GESTOCI, MOBIL-CI, SIR, SMB, GNPC, SONACOP",,
0273/SV,"DIVERS DOCUMENTS : SHELL, TOTAL, ELF, MOBIL",,
0274/SV,DIVERS DOCUMENTS,"CREANCE, RECOUVREMENT, PROCES VERBAL, COMPTE RENDU, DOUANE, SITARAIL",
0275/SV,MOUVEMENT DE STOCK BINGO,"ETAT DE SORTIE, ETAT D'ENTREE",1999
0276/SV,MOUVEMENT DE STOCK BINGO,"ETAT DE SORTIE, ETAT D'ENTREE",1999
0277/SV,MOUVEMENT DE STOCK BOBO,,2000
0278/SV,DIVERS DOCUMENTS : AUTRES CLIENTS,,1998-1999
0407/ST,ENLEVEMENT DES PRODUITS,,"JANVIER,JUIN 1999"
0408/ST,ENLEVEMENT DES PRODUITS,,"AOUT,OCTOBRE 1999"
0409/ST,ENLEVEMENT DES PRODUITS,,"NOVEMBRE,DECEMBRE 1999"
0410/ST,ENLEVEMENT DES PRODUITS,,"JANVIER,MARS 2000"
0411/ST,ENLEVEMENT DES PRODUITS,,"AVRIL,JUIN 2000"
0412/ST,ENLEVEMENT DES PRODUITS,,"JUILLET,AOUT 2000"
0413/ST,ENLEVEMENT DES PRODUITS,,"SEPTEMBRE,DECEMBRE 2000"
0414/ST,ENLEVEMENT DES PRODUITS,,"JANVIER,JUILLET 2001"
0018/DC,"COURRIER DEPART DC ANA. DIPLOM. : (LETTRE, APPEL D'OFFRE, ORDRE DE MISSION)",,1991 - 1993
0019/DC,"COURRIER DEPART DC MAI 1993 ANA. DIPLOM. : (LETTRE, BON DE COMMANDE, APPEL D'OFFRE, ORDRE DE MISSION)",,1993 - 1995
"ANA. DIPLOM. : (TELEX ARRIVEE, FACTURE)",,,1989 - 1996
"ANA. DIPLOM. : (FAX DEPART, LETTRE)",,,1996 - 1998
0022/DC,BORDEREAU D'ENVOI JUILLET 1996 ANA. DIPLOM. : (BORDEREAU D'ENVOI),,1996 - 1998
0023/DC,"PROCES VERBAUX ET COMPTES RENDUS 1996 ANA. DIPLOM. : (COMPTE RENDU, PROCES VERBAL)",,1991 - 1996
0024/DC,"COURRIER ARRIVEE 1996, 1997, 1998, 1999, 2000 ANA. DIPLOM. : (ARRETE, DECRET, BORDEREAU D'ENVOI)",,1996 - 2000
0025/DC,"COURRIER DEPART SIGNATURE DG/SG 1996, 1997, 1998, 1999 ANA. DIPLOM. : (LETTRE, CONTRAT, DECISION, SPECIMEN DE SIGNATURE)",,1996 - 1999
0026/DC,"COURRIER DEPART DC 2000 ANA. DIPLOM. : (BORDEREAU D'ENVOI, PROCES VERBAL, FACTURE)",,JANVIER - SEPTEMBRE 2000
0279/SV,STRUCTURES DES PRIX 1986 - 2001,"STRUCTURE DE PRIX, HYDROCARBURE, GAZ BUTANE ANA. DIPLOM. : (Rapport, arrêté)",1986 - 2001
0280/SV,ELABORATION DES STRUCTURES DES PRIX 1998 - 2000,"STRUCTURE DE PRIX, HYDROCARBURE, GAZ BUTANE ANA. DIPLOM. : (Correspondance, tableau, note)",1998 - 2000
0281/SV,MOUVEMENT DES STOCKS OUAGA,"MOUVEMENT DE STOCK, HYDROCARBURE, BINGO",JANVIER - DECEMBRE 1997 - 1999
0282/SV,MOUVEMENT DES STOCKS BOBO,"MOUVEMENT DE STOCK, HYDROCARBURE, BOBO","JANVIER - DECEMBRE,MARS - MAI 1998 - 2000"
ETATS DE SORTIE,,"DECADE, ETAT DE SORTIE, ETAT D'ENTREE, BINGO, BOBO, SONABHY ANA. DIPLOM. : (Etat)","NOVEMBRE - DECEMBRE,JANVIER - AVRIL 1999 - 2000"
0284/SV,DIVERSES FACTURES VENTES,"FACTURE, VENTE, HYDROCARBURE ANA. DIPLOM. : (FACTURE)","1992,1998 - 2001"
0285/SV,DIVERS COURRIERS DU SERVICE VENTES,"COURRIER, VENTE, HYDROCARBURE ANA. DIPLOM. : (Correspondance)",1994 - 2001
0286/SV,ORGANISATION ET BUDGET VENTES,"BUDGET, VENTE, REVISION BUDGETAIRE, REORIENTATION, SONABHY, CGP, ETUDE MATTHEWS, BANQUE MONDIALE ANA. DIPLOM. : (Lettre, note de service, étude)",1996 - 2000
0287/SV,PRODUITS PETROLIERS JET ET FUEL OIL : APPELS D'OFFRE D'YDROCARBURE,"JET A1, FUEL OIL, HYDROCARBURE, APPEL D'OFFRE, SONABEL ANA. DIPLOM. : (Telex, fax, lettre, rapport, note de service, compte rendu)",1991 - 2001
0288/SV,DOSSIER GAZ SERVICE VENTES,"GAZ DU PERSONNEL, GAZ, PROMOTION, PARE ALI, BOUTEILLE DE GAZ, KABORE WAMBILA ANA. DIPLOM. : (Reçu, bon de livraison, bon de reception, lettre)",1993 - 1999
SPONSORING ET OFFRES DE SERVICE,,"GADGET, SPONSOR, OFFRE DE SERVICE, SONABHY ANA. DIPLOM. : (Correspondance, liste de personnel)",1995 - 2001
VENTES,,"SOCIETE PETROLIERE, SANAM KOOM INTERNATIONAL, TORNO, FASO YAAR, CAMION ACCIDENTE, FRAUDE, ETPS, SITUATION FISCALE, TAGUI, STD SODIGAZ, ARMEE DE L'AIR ANA. DIPLOM. : (Facture, correspondance)",1992 - 2001
0291/SV,FACTURES N°001 - 311,"FACTURE, VENTE, HYDROCARBURE ANA. DIPLOM. : (Facture)",2000
0292/SV,FACTURES N°312 - 650,"FACTURE, VENTE, HYDROCARBURE ANA. DIPLOM. : (Facture)",2000
0293/SV,FACTURES N°651 - 866,"FACTURE, VENTE, HYDROCARBURE ANA. DIPLOM. : (Facture)",2000
0294/SV,MOUVEMENTS DECADAIRES DES STOCKS,"DECADE, PRODUIT PETROLIER ANA. DIPLOM. : (Etat de sortie)",JANVIER - MARS 2000
0295/SV,MOUVEMENTS DECADAIRES DES STOCKS,"DECADE, PRODUIT PETROLIER ANA. DIPLOM. : (Etat de sortie)",AVRIL - JUIN 2000
0296/SV,BORDEREAU DE LIVRAISON STSL - SONABHY: GAZ - SONABHY : RECEPTIONS ET SORTIES,"STSL, GAZ, SONABHY, RECEPTION, SORTIE ANA. DIPLOM. : (Bordereau de livraison, etat de reception, etat de sortie)",2000
0297/SV,FACTURES : BURKINA ET SHELL,"FACTURE, VENTE, HYDROCARBURE, BURKINA ET SHELL ANA. DIPLOM. : (Facture)",JANVIER - AOUT 2001
0298/SV,FACTURES : BURKINA ET SHELL,"FACTURE, VENTE, HYDROCARBURE, BURKINA ET SHELL ANA. DIPLOM. : (Facture)",SEPTEMBRE - DECEMBRE 2001
0299/SV,FACTURES : TOTAL FINA ELF,"FACTURE, VENTE, HYDROCARBURE, TOTAL FINA ELF ANA. DIPLOM. : (Facture)",JANVIER - AOUT 2001
0300/SV,FACTURES : TOTAL FINA ELF,"FACTURE, VENTE, HYDROCARBURE, TOTAL FINA ELF ANA. DIPLOM. : (Facture)",SEPTEMBRE - DECEMBRE 2001
0301/SV,FACTURES : TOTAL FINA ELF,"FACTURE, VENTE, HYDROCARBURE, TOTAL FINA ELF ANA. DIPLOM. : (Facture)",DECEMBRE 2001
0302/SV,FACTURES : MOBIL OIL BURKINA,"FACTURE, VENTE, HYDROCARBURE, MOBIL OIL BURKINA ANA. DIPLOM. : (Facture)",JANVIER - DECEMBRE 2001
0303/SV,"FACTURES : SONABHY, TAGUI, CMI, EMGA, AUTRES CLIENTS","FACTURE, VENTE, HYDROCARBURE, SONABHY, TAGUI, CMI, EMGA ANA. DIPLOM. : (Facture)",JANVIER - DECEMBRE 2001
0304/SV,"FACTURES : STD SODIGAZ, SKI, ECODIS, TAMOIL, ENTREPRISE OK, SOGEL/B,","FACTURE, VENTE, HYDROCARBURE, STD SODIGAZ, SKI, ECODIS, TAMOIL, ENTREPRISE OK, SOGEL/B ANA. DIPLOM. : (Facture)",JANVIER - DECEMBRE 2001
0305/SV,"SYNTHESES DES VENTES : FACTURES DE CESSION ET D'AVOIRS, PROFORMA","FACTURE, VENTE, HYDROCARBURE ANA. DIPLOM. : (Facture, synthèse)",JANVIER - DECEMBRE 2001
0306/SV,AVOIRS - FACTURES DE CESSION,"FACTURE DE CESSION, AVOIR ANA. DIPLOM. : (Facture)",2000
0307/SV,MOUVEMENT DECADAIRE DES STOCKS,"DECADE, SORTIE, RECEPTION ANA. DIPLOM. : (Fax, etat de sortie, etat d'entrée)",2000
0308/SV,MOUVEMENT DECADAIRE DES STOCKS,"DECADE, SORTIE, ENTREE ANA. DIPLOM. : (Fax, etat de sortie, etat de reception)",2000
0309/SV,ETATS DECADAIRES ET MENSUELS BINGO ET BOBO,"DECADE, BINGO, BOBO, PRODUIT PETROLIER ANA. DIPLOM. : (Etat de sortie, fax)",2001
0310/SV,MOUVEMENT DES STOCKS DECADE ET MENSUEL BOBO - BINGO : FEVRIER 3E DECADE A AVRIL 1ER DECADE,"DECADE, PRODUIT PETROLIER, BINGO, BOBO ANA. DIPLOM. : (Etat de sortie, fax)",3e d - 1er d. FEVRIER - AVRIL 2001
0311/SV,MOUVEMENT DES STOCKS DECADE ET MENSUEL BOBO - BINGO : AVRIL  2E DECADE A MAI 3E DECADE,"DECADE, PRODUIT PETROLIER, BINGO, BOBO ANA. DIPLOM. : (Etat de sortie)",2e d. - 3e d. AVRIL - MAI 2001
0312/SV,MOUVEMENT DES STOCKS DECADE ET MENSUEL BOBO - BINGO : JUIN A JUILLET 2E DECADE,"DECADE, PRODUIT PETROLIER, BINGO, BOBO ANA. DIPLOM. : (Etat de sortie, fax)",2001
0313/SV,MOUVEMENT DES STOCKS : JUILLET 3E DECADE A SEPTEMBRE 2E DECADE,"DECADE, PRODUIT PETROLIER, SORTIE ANA. DIPLOM. : (Etat de sortie)",3e d. - 2e d. JUILLET - SEPTEMBRE 2001
0314/SV,MOUVEMENT DES STOCKS BOBO - BINGO,"MOUVEMENT DE STOCK, BINGO, BOBO ANA. DIPLOM. : (Etat de sortie)",2000
0315/SV,BORDEREAU DE LIVRAISON SORTIE BINGO,"SORTIE, PRODUIT PETROLIER, BINGO ANA. DIPLOM. : (Fiche de sortie)",JANVIER - MAI 2001
0316/SV,BORDEREAU DE LIVRAISON SORTIES BINGO ET BOBO (JUIN A SEPTEMBRE) OK ET CMI (JUIN A DECEMBRE),"SORTIE, PRODUIT PETROLIER, BINGO, BOBO, OK, CMI ANA. DIPLOM. : (Fiche de sortie)",JUIN - DECEMBRE 2001
0317/SV,"BORDEREAU DE LIVRAISON SORTIES BINGO, BOBO : FACTURATION OCTOBRE-DECEMBRE","SORTIE, PRODUIT PETROLIER, BINGO, BOBO, FACTURATION ANA. DIPLOM. : (Fiche de sortie)",OCTOBRE - DECEMBRE 2001
0318/SV,COPIES BORDEREAU DE LIVRAISON DES DEPOTS LIVRANCIERS AU COMPTE DE LA SONABHY,"STSL, PRODUIT PETROLIER, ORYX BENIN, GESTOCI ANA. DIPLOM. : (Bon de livraison)",JUILLET - DECEMBRE 2001
0319/SV,DIVERSES REGULARISATIONS DE FIN D'EXERCICE,"REGULARISATION, HYDROCARBURE, VENTE ANA. DIPLOM. : (Facture)",2000
0320/SV,MOUVEMENT DES STOCKS BOBO - BINGO : SEPTEMBRE 3E DECADE A NOVEMBRE 3E  DECADE,"DECADE, SORTIE, BINGO, BOBO ANA. DIPLOM. : (Etat de sortie)",3e d. - 3e d. SEPTEMBRE - NOVEMBRE 2001
0321/SV,MOUVEMENT DES STOCKS BOBO - BINGO : DECEMBRE,"DECADE, SORTIE, BINGO, BOBO ANA. DIPLOM. : (Etat de sortie)",DECEMBRE 2001
0415/ST,ENLEVEMENT DES PRODUITS DES DEPOTS COTIERS : GESTOCI,"PRODUIT PETROLIER, DEPOT COTIER, GESTOCI ANA. DIPLOM. : (Bulletin d'enlèvement, bon )","JANVIER,MAI,JUILLET - DECEMBRE 1996"
0416/ST,ENLEVEMENT DES PRODUITS DES DEPOTS COTIERS : GESTOCI,"PRODUIT PETROLIER, DEPOT COTIER, GESTOCI ANA. DIPLOM. : (Bulletin d'enlèvement, bon )",JANVIER - AVRIL 1997
0417/ST,ENLEVEMENT DES PRODUITS DES DEPOTS COTIERS : GESTOCI,"PRODUIT PETROLIER, DEPOT COTIER, GESTOCI ANA. DIPLOM. : (Bulletin d'enlèvement, bon )",MAI - DECEMBRE 1997
0418/ST,ENLEVEMENT DES PRODUITS DES DEPOTS COTIERS : GESTOCI,"PRODUIT PETROLIER, DEPOT COTIER, GESTOCI ANA. DIPLOM. : (Bulletin d'enlèvement, bon )",JANVIER - AVRIL 1998
0419/ST,ENLEVEMENT DES PRODUITS DES DEPOTS COTIERS : GESTOCI,"PRODUIT PETROLIER, DEPOT COTIER, GESTOCI ANA. DIPLOM. : (Bulletin d'enlèvement, bon )",MAI - JUILLET 1998
0420/ST,ENLEVEMENT DES PRODUITS DES DEPOTS COTIERS : GESTOCI,"PRODUIT PETROLIER, DEPOT COTIER, GESTOCI ANA. DIPLOM. : (Bulletin d'enlèvement, bon )",AOUT - OCTOBRE 1998
0421/ST,MOUVEMENT DES STOCKS PAR MARKETERS,"MOUVEMENT DE STOCK, PRODUIT PETROLIER, MARKETER",NOVEMBRE - FEVRIER 1998 - 1999
0422/ST,ENLEVEMENT DES PRODUITS DES DEPOTS COTIERS : GESTOCI,"PRODUIT PETROLIER, DEPOT COTIER, GESTOCI ANA. DIPLOM. : (Bulletin d'enlèvement, bon )",JANVIER - MARS 1999
0423/ST,ENLEVEMENT DES PRODUITS DES DEPOTS COTIERS : GESTOCI,"PRODUIT PETROLIER, DEPOT COTIER, GESTOCI ANA. DIPLOM. : (Bulletin d'enlèvement, bon )",AVRIL - JUIN 1999
0424/ST,"ETAT RECAPITULATIF MOUVEMENT ET RECEPTION DES ""PRODUITS 1996-1997 ; BONS JAUNES 1998-1999"" ANA. DIPLOM. : (BON, LETTRE, ETAT, BON )",,1996 - 1999
0424/ST (bis),APPROVISIONNEMENT I,FACTURATION ANA. DIPLOM. : (Etat),1984 - 1985
0425/ST,APPROVISIONNEMENT II,FACTURATION ANA. DIPLOM. : (Etat),1985 - 1986
0426/ST,APPROVISIONNEMENT III,FACTURATION ANA. DIPLOM. : (Etat),1986
0427/ST,APPROVISIONNEMENT V,FACTURATION ANA. DIPLOM. : (Etat),1987 - 1988
0428/ST,APPROVISIONNEMENT VI,FACTURATION ANA. DIPLOM. : (Etat),1988
0429/ST,APPROVISIONNEMENT VII,FACTURATION ANA. DIPLOM. : (Etat),1988 - 1989
0430/ST,APPROVISIONNEMENT VIII,FACTURATION ANA. DIPLOM. : (Etat),1989
0431/ST,APPROVISIONNEMENT IX,FACTURATION ANA. DIPLOM. : (Etat),1989 -1990
0432/ST,APPROVISIONNEMENT X,FACTURATION ANA. DIPLOM. : (Etat),1990 - 1991
0433/ST,APPROVISIONNEMENT XI : ADDAX,FACTURATION ANA. DIPLOM. : (Etat),1991
0434/ST,"APPROVISIONNEMENT XII : ADDAX, CHEVRON I",FACTURATION ANA. DIPLOM. : (Etat),1991
0435/ST,"APPROVISIONNEMENT XIII : TOTAL 2, ADDAX 10",FACTURATION ANA. DIPLOM. : (Etat),1992 - 1993
0436/ST,"APPROVISIONNEMENT XIV : TEXAN OIL, ELF 5",FACTURATION ANA. DIPLOM. : (Etat),1992 - 1993
0437/ST,"APPROVISIONNEMENT XV : SOCAP 1, ADDAX XI",FACTURATION ANA. DIPLOM. : (Etat),1993
0438/ST,"APPROVISIONNEMENT XVI : SOCAP2, LENOIL I, ELF VI",FACTURATION ANA. DIPLOM. : (Etat),1994
0439/ST,"APPROVISIONNEMENT XVII : AVIDOR 1, AVIDOR 2, SOCAP 3",FACTURATION ANA. DIPLOM. : (Etat),1994
0440/ST,APPROVISIONNEMENT XVIII : STINNES,FACTURATION ANA. DIPLOM. : (Etat),1994 - 1995
0441/ST,"APPROVISIONNEMENT XIX : AVIDOR 3, TRAFIGURA I",FACTURATION ANA. DIPLOM. : (Etat),1995
0442/ST,"APPROVISIONNEMENT XX : SOCAP 4, AVIDOR 4",FACTURATION ANA. DIPLOM. : (Etat),1995
0443/ST,"APPROVISIONNEMENT : STR XX, OPERATION AVIDOR IV",FACTURATION ANA. DIPLOM. : (Etat),1995
0444/ST,"SYNTHESE SIR 1988, 1989, 1990, 1991",,1988 - 1991
0445/ST,STSL 10 : 1989 - 1990,FACTURATION ANA. DIPLOM. : (Etat),1989 - 1990
0446/ST,RECAPITULATIF MENSUEL SORTIES CARBURANT,,1986 - 1995
0447/ST,"STSL 10 : 1991, 1992, 1993",,1991 - 1993
0448/ST,SERVICE TRANSPORT : DIVERS,,1994 - 1995
0449/ST,SERVICE TRANSPORT  : DIVERS,,1995
0450/ST,SERVICE TRANSPORT : SITUATION N°6,,1995
0451/ST,SERVICE TRANSPORT : SITUATION N°7,,1996
0452/ST,STSL 10,FACTURATION ANA. DIPLOM. : (Etat),1994 - 1995
0453/ST,STSL 10,FACTURATION ANA. DIPLOM. : (Etat),1996 - 1998
0454/ST,GESTOCI : ENLEVEMENT PAR CAMIONS CITERNES,"GESTOCI, CAMION, ENLEVEMENT ANA. DIPLOM. : (Etat)",1990 - 1991
0455/ST,"SYNTHESE SIR, GESTOCI",,1994
0456/ST,DECADE GESTOCI ANA. DIPLOM. : (ETAT),,1995 - 1996
0457/ST,"BONS DROITURE ANNULES 1997, 1998, 1999, 2000, 2001 ANA. DIPLOM. : (BON )",,1997 - 2001
0458/ST,CMCC DROITURE 2001 A-Z ANA. DIPLOM. : (FICHE CMCC),,2001
0459/ST,ETATS JOURNALIERS DES BONS D'ENLEVEMENT DROITURE JANVIER A DECEMBRE 1999 ANA. DIPLOM. : (ETAT),,JANVIER - DECEMBRE 1998 - 1999
0460/ST,ETATS  JOURNALIERS DES BONS D'ENLEVEMENT DROITURE JANVIER A JUIN 2000 ANA. DIPLOM. : (ETAT),,JANVIER - JUIN 2000
0461/ST,ETATS JOURNALIERS DES BONS D'ENLEVEMENT DROITURE JUILLET A DECEMBRE 2000 ANA. DIPLOM. : (ETAT),,JUILLET - DECEMBRE 2000
0462/ST,SONABHY : BONS JAUNES 2001,"SONABHY, BON JAUNE, PRODUIT PETROLIER ANA. DIPLOM. : (BON)",JANVIER-AVRIL 2001
0463/ST,SONABHY : BONS JAUNES 2001,"SONABHY, BON JAUNE, PRODUIT PETROLIER ANA. DIPLOM. : (BON)",MAI-AOUT 2001
0464/ST,SONABHY : BONS JAUNES 2001,"SONABHY, BON JAUNE, PRODUIT PETROLIER ANA. DIPLOM. : (BON)",SEPTEMBRE-DECEMBRE 2001
0465/ST,BURKINA ET SHELL : BONS JAUNES 2001,"BURKINA ET SHELL, BON JAUNE, PRODUIT PETROLIER ANA. DIPLOM. : (BON)",JANVIER-MAI 2001
0466/ST,BURKINA ET SHELL : BONS JAUNES 2001,"BURKINA ET SHELL, BON JAUNE, PRODUIT PETROLIER ANA. DIPLOM. : (BON)",JUIN-DECEMBRE 2001
0467/ST,TOTAL - ELF : BONS JAUNES 2001,"TOTAL, ELF, BON JAUNE, PRODUIT PETROLIER ANA. DIPLOM. : (BON)",JANVIER-MARS 2001
0468/ST,TOTA - ELF : BONS JAUNES 2001,"TOTAL, ELF, BON JAUNE, PRODUIT PETROLIER ANA. DIPLOM. : (BON)",AVRIL-JUIN 2001
0469/ST,TOTAL - ELF : BONS JAUNES 2001,"TOTAL, ELF, BON JAUNE, PRODUIT PETROLIER ANA. DIPLOM. : (BON)",JUILLET-DECEMBRE 2001
0470/ST,MOBIL OIL BURKINA : BONS JAUNES 2001,"MOBIL OIL BURKINA, BON JAUNE, PRODUIT PETROLIER ANA. DIPLOM. : (BON)",JANVIER-DECEMBRE 2001
0471/ST,BURKINA ET SHELL : BONS D'ENLEVEMENT 2001,"BURKINA ET SHELL, BON D'ENLEVEMENT, ETAT D'ENLEVEMENT, PRODUIT PETROLIER ANA. DIPLOM. : (ETAT, BON)",JANVIER-AVRIL 2001
0472/ST,BURKINA ET SHELL : BONS D'ENLEVEMENT 2001,"BURKINA ET SHELL, BON D'ENLEVEMENT, ETAT D'ENLEVEMENT, PRODUIT PETROLIER ANA. DIPLOM. : (ETAT, BON)",MAI-SEPTEMBRE 2001
0473/ST,BURKINA ET SHELL : BONS D'ENLEVEMENT 2001,"BURKINA ET SHELL, BON D'ENLEVEMENT, ETAT D'ENLEVEMENT, PRODUIT PETROLIER ANA. DIPLOM. : (ETAT, BON)",OCTOBRE-DECEMBRE 2001
0474/ST,TOTAL BURKINA : BONS D'ENLEVEMENT 2001,"TOTAL BURKINA, BON D'ENLEVEMENT, ETAT D'ENLEVEMENT, PRODUIT PETROLIER ANA. DIPLOM. : (ETAT, BON)",JANVIER-AVRIL 2001
0475/ST,TOTAL BURKINA : BONS D'ENLEVEMENT 2001,"TOTAL BURKINA, BON D'ENLEVEMENT, ETAT D'ENLEVEMENT, PRODUIT PETROLIER ANA. DIPLOM. : (ETAT, BON)",MAI-AOUT 2001
0476/ST,TOTAL BURKINA : BONS D'ENLEVEMENT 2001,"TOTAL BURKINA, BON D'ENLEVEMENT, ETAT D'ENLEVEMENT, PRODUIT PETROLIER ANA. DIPLOM. : (ETAT, BON)",SEPTEMBRE-DECEMBRE 2001
0477/ST,ELF OIL BURKINA : BONS D'ENLEVEMENT 2001,"ELF OIL BURKINA, BON D'ENLEVEMENT, ETAT D'ENLEVEMENT, PRODUIT PETROLIER ANA. DIPLOM. : (ETAT, BON)",JANVIER-AVRIL 2001
0478/ST,MOBIL OIL BURKINA : BONS D'ENLEVEMENT 2001,"MOBIL OIL BURKINA, BON D'ENLEVEMENT, ETAT D'ENLEVEMENT, PRODUIT PETROLIER ANA. DIPLOM. : (ETAT, BON)",JANVIER-DECEMBRE 2001
0479/ST,SONABHY : BONS D'ENLEVEMENT 2001,"SONABHY, BON D'ENLEVEMENT, ETAT D'ENLEVEMENT, PRODUIT PETROLIER ANA. DIPLOM. : (ETAT, BON)",JANVIER-DECEMBRE 2001
0480/ST,CONTROLE MOUVEMENT DES CAMIONS CITERNES : A A N 2001,"CMCC, TRANSPORT, PRODUIT PETROLIER ANA. DIPLOM. : (FICHE)",2001
0481/ST,CONTROLE MOUVEMENT DES CAMIONS CITERNES : O A R 2001,"CMCC, TRANSPORT, PRODUIT PETROLIER ANA. DIPLOM. : (FICHE)",2001
0482/ST,CONTROLE MOUVEMENT DES CAMIONS CITERNES : S A Z 2001,"CMCC, TRANSPORT, PRODUIT PETROLIER ANA. DIPLOM. : (FICHE)",2001
0483/ST,CERTIFICATS DE JAUGEAGE,"JAUGEAGE, CAMION CITERNE ANA. DIPLOM. : (CERTIFICAT)",2000-2002
0323/SV,"CLIENTS SPECIAUX : EMGA, COULDIATY","EMGA, COULDIATY, VENTE, PRODUIT PETROLIER ANA. DIPLOM. : (FACTURE)",1999
0324/SV,GAZ POUR LE PERSONNEL,"GAZ, VENTE, PERSONNEL SONABHY ANA. DIPLOM. : (RECU, ETAT)","JANVIER,FEVRIER,MARS,AVRIL 1998"
0325/SV,GAZ POUR LE PERSONNEL,"GAZ, VENTE, PERSONNEL SONABHY ANA. DIPLOM. : (RECU, ETAT)",1998
0326/SV,"DIVERS DOSSIERS : CREDIT REVOLVING, MARKETERS","CREDIT REVOLVING, TAGUI, BURKINA ET SHELL, ELF OIL BURKINA, TOTAL BURKINA, MOBIL OIL BURKINA, STD- SODIGAZ ANA. DIPLOM. : (LETTRE, FAX, DOCUMENT LEGISLATIF, BORDEREAU)",1999
0327/SV,"CONSULTATION RESTREINTE DE GADGETS PUBLICITAIRES : CALENDRIERS, STYLOS, MONTRES, TEE SHIRTS","GADGET PUBLICITAIRE, CONSULTATION RESTREINTE ANA. DIPLOM. : (APPEL D'OFFRE)",20012002
0328/SV,STRUCTURES  DES PRIX,"STRUCTURE DE PRIX, PRODUIT PETROLIER, SONABHY ANA. DIPLOM. : (RAPPORT)","OCTOBRE,SEPTEMBRE 2000-2001"
0329/SV,STRUCTURES DES PRIX,"STRUCTURE DE PRIX, PRODUIT PETROLIER, SONABHY ANA. DIPLOM. : (RAPPORT)","OCTOBRE,JUIN 20012002"
0484/ST,SONABHY: BONS D'ENLEVEMENT,"ENLEVEMENT, PRODUIT PETROLIER, SONABHY ANA. DIPLOM. : (ETAT, BON)","JANVIER,SEPTEMBRE 2002"
0485/ST,SONABHY : BONS D'ENLEVEMENT,"ENLEVEMENT, PRODUIT PETROLIER, SONABHY ANA. DIPLOM. : (ETAT, BON)",OCTOBRE 2002
0486/ST,SONABHY : BONS D'ENLEVEMENT,"ENLEVEMENT, PRODUIT PETROLIER, SONABHY ANA. DIPLOM. : (ETAT, BON)",NOVEMBRE 2002
0487/ST,SONABHY : BONS D'ENLEVEMENT,"ENLEVEMENT, PRODUIT PETROLIER, SONABHY ANA. DIPLOM. : (ETAT, BON)",DECEMBRE 2002
0488/ST,BURKINA ET SHELL : BONS D'ENLEVEMENT,"ENLEVEMENT, PRODUIT PETROLIER, BURKINA ET SHELL ANA. DIPLOM. : (ETAT, BON)","JANVIER,AVRIL 2002"
0489/ST,BURKINA ET SHELL : BONS D'ENLEVEMENT,"ENLEVEMENT, PRODUIT PETROLIER, BURKINA ET SHELL ANA. DIPLOM. : (ETAT, BON)","MAI,DECEMBRE 2002"
0490/ST,TOTAL ELF : BONS D'ENLEVEMENT,"ENLEVEMENT, PRODUIT PETROLIER, TOTAL ELF ANA. DIPLOM. : (ETAT, BON)","JANVIER,AVRIL 2002"
0491/ST,TOTAL ELF : BONS D'ENLEVEMENT,"ENLEVEMENT, PRODUIT PETROLIER, TOTAL ELF ANA. DIPLOM. : (ETAT, BON)","MAI,NOVEMBRE 2002"
0492/ST,TOTAL ELF : BONS D'ENLEVEMENT,"ENLEVEMENT, PRODUIT PETROLIER, TOTAL ELF ANA. DIPLOM. : (ETAT, BON)",DECEMBRE 2002
0493/ST,MOBIL OIL BURKINA : BONS D'ENLEVEMENT,"ENLEVEMENT, PRODUIT PETROLIER, MOBIL OIL BURKINA ANA. DIPLOM. : (ETAT, BON)","JANVIER,DECEMBRE 2002"
0494/ST,SONABHY : BONS JAUNES,"BON JAUNE, PRODUIT PETROLIER, SONABHY, TRANSPORT ANA. DIPLOM. : (BON)","JANVIER,JUILLET 2002"
0495/ST,SONABHY : BONS JAUNES,"BON JAUNE, PRODUIT PETROLIER, SONABHY, TRANSPORT ANA. DIPLOM. : (BON)","AOUT,OCTOBRE 2002"
0496/ST,SONABHY : BONS JAUNES,"BON JAUNE, PRODUIT PETROLIER, SONABHY, TRANSPORT ANA. DIPLOM. : (BON)","NOVEMBRE,DECEMBRE 2002"
0497/ST,TOTAL ELF : BONS JAUNES,"BON JAUNE, PRODUIT PETROLIER, TOTAL ELF, TRANSPORT ANA. DIPLOM. : (BON)","JANVIER,JUILLET 2002"
0498/ST,TOTAL ELF : BONS JAUNES,"BON JAUNE, PRODUIT PETROLIER, TOTAL ELF, TRANSPORT ANA. DIPLOM. : (BON)","AOUT,DECEMBRE 2002"
0499/ST,MOBIL OIL BURKINA : BONS JAUNES,"BON JAUNE, PRODUIT PETROLIER, MOBIL OIL BURKINA, TRANSPORT ANA. DIPLOM. : (BON)","JANVIER,DECEMBRE 2002"
0500/ST,BURKINA ET SHELL : BONS JAUNES,"BON JAUNE, PRODUIT PETROLIER, BURKINA ET SHELL, TRANSPORT ANA. DIPLOM. : (BON)","JANVIER,DECEMBRE 2002"
0330/SV,STRUCTURES DES PRIX,"STRUCTURE DE PRIX, HYDROCARBURE, SONABHY ANA. DIPLOM. : (RAPPORT)","AVRIL,JUILLET,DECEMBRE,JANVIER,JUIN 2001-2002"
0331/SV,REVISION DE LA STRUCTURE DES PRIX,"STRUCTURE DES PRIX, REVISION, HYDROCARBURE, SONABHY ANA. DIPLOM. : (LETTRE, ETAT, ARRETE, TABLEAU)",2002
0332/SV,SUIVI DES SORTIES DEPOT BINGO ET BOBO : FACTURATION,"FACTURATION, VENTE, HYDROCARBURE, DEPOT BINGO, DEPOT BOBO ANA. DIPLOM. : (ETAT)","JANVIER,DECEMBRE 2002"
0333/SV,ETAT DES FACTURES - ETAT DES DROITURES - SITUATION DES VENTES,"FACTURE, VENTE, DROITURE, HYDROCARBURE ANA. DIPLOM. : (ETAT)",2002
0012/SA,SIR : BULLETIN DE RECEPTION,"SIR, GESTOCI, RECEPTION, PRODUIT PETROLIER ANA. DIPLOM. : (BULLETIN, FACTURE)",1991
0013/SA,SIR 1992 - 1993 : BULLETIN DE RECEPTION,"SIR, GESTOCI, RECEPTION, PRODUIT PETROLIER ANA. DIPLOM. : (BULLETIN, FACTURE)",1992 - 1993
0014/SA,SIR 1993 : BULLETIN DE RECEPTION,"SIR, GESTOCI, RECEPTION, PRODUIT PETROLIER ANA. DIPLOM. : (BULLETIN, FACTURE)",1993
0015/SA,SIR 1994 : BULLETIN DE RECEPTION,"SIR, GESTOCI, RECEPTION, PRODUIT PETROLIER ANA. DIPLOM. : (BULLETIN, FACTURE)",1994
0016/SA,SIR 1995 : BULLETIN DE RECEPTION,"SIR, GESTOCI, RECEPTION, PRODUIT PETROLIER ANA. DIPLOM. : (BULLETIN, FACTURE)",1995
0017/SA,SIR 1996 : BULLETIN DE RECEPTION,"SIR, GESTOCI, RECEPTION, PRODUIT PETROLIER ANA. DIPLOM. : (BULLETIN, FACTURE)",1996
0018/SA,SIR 1997 - 1998 : BULLETIN DE RECEPTION,"SIR, GESTOCI, RECEPTION, PRODUIT PETROLIER ANA. DIPLOM. : (BULLETIN, FACTURE)",1997 - 1998
0019/SA,SIR 1999 : BULLETIN DE RECEPTION,"SIR, GESTOCI, RECEPTION, PRODUIT PETROLIER ANA. DIPLOM. : (BULLETIN, FACTURE)",1999
0020/SA,ACHATS  1994 - 1995 : APPELS D'OFFRE,"ACHAT, FOURNISSEUR, DEPOT COTIER, PRODUIT PETROLIER ANA. DIPLOM. : (APPEL D'OFFRE)",1994 - 1995
0021/SA,ACHATS  1996 I : APPELS D'OFFRE,"ACHAT, FOURNISSEUR, DEPOT COTIER, PRODUIT PETROLIER ANA. DIPLOM. : (APPEL D'OFFRE)",1996
0022/SA,ACHATS  1996  II : APPELS D'OFFRE,"ACHAT, FOURNISSEUR, DEPOT COTIER, PRODUIT PETROLIER ANA. DIPLOM. : (APPEL D'OFFRE)",1996
0023/SA,ACHATS  1997 I : APPELS D'OFFRE,"ACHAT, FOURNISSEUR, DEPOT COTIER, PRODUIT PETROLIER ANA. DIPLOM. : (APPEL D'OFFRE)",1997
0024/SA,ACHATS  1997 II : APPELS D'OFFRE,"ACHAT, FOURNISSEUR, DEPOT COTIER, PRODUIT PETROLIER ANA. DIPLOM. : (APPEL D'OFFRE, COMPTE RENDU)",1997
0025/SA,ACHATS 1998 I : APPELS D'OFFRE,"ACHAT, FOURNISSEUR, DEPOT COTIER, PRODUIT PETROLIER ANA. DIPLOM. : (APPEL D'OFFRE, COMPTE RENDU)",1998
0026/SA,ACHATS 1998 II : APPELS D'OFFRE,"ACHAT, FOURNISSEUR, DEPOT COTIER, PRODUIT PETROLIER, STATISTIQUE ANA. DIPLOM. : (APPEL D'OFFRE, COMPTE RENDU, ANNUAIRE)",
0027/SA,ACHATS  1999 I : APPELS D'OFFRE,"ACHAT, FOURNISSEUR, DEPOT COTIER, PRODUIT PETROLIER ANA. DIPLOM. : (APPEL D'OFFRE)",1999
0028/SA,ACHATS 1999 II : APPELS D'OFFRE,"ACHAT, FOURNISSEUR, DEPOT COTIER, PRODUIT PETROLIER ANA. DIPLOM. : (APPEL D'OFFRE, COMPTE RENDU)",1999
0029/SA,OFFRES DIVERSES 1999,"OFFRE, ACHAT, PRODUIT PETROLIER ANA. DIPLOM. : (OFFRE)",1999
0030/SA,"ENLEVEMENT DROITURE, RECEPTION, SITUATION DES VENTES","DROITURE, RECEPTION, VENTE, PRODUIT PETROLIER ANA. DIPLOM. : (ETAT)",1991 - 1996
0031/SA,"RECEPTIONS DEPOTS, ENLEVEMENTS DROITURE","DROITURE, RECEPTION, PRODUIT PETROLIER ANA. DIPLOM. : (ETAT)",1997 - 1998
0032/SA,"VALFIFO 1998 - 1999 : SONACOP, GESTOCI, STSL","VALORISATION, SONACOP, GESTOCI, PRODUIT PETROLIER, STSL ANA. DIPLOM. : (ETAT)",1998 - 1999
0033/SA,DECLARATION PREALABLE D'IMPORTATION : ACHATS 1999,"ACHAT, FOURNISSEUR, PRODUIT PETROLIER ANA. DIPLOM. : (DPI, CORRESPONDANCE)",1999
0034/SA,COURS DEVISES 1998 - 1999,"DEVISE, BCEAO ANA. DIPLOM. : (LETTRE)",1998 - 1999
0035/SA,COMPTES RENDUS DES DEPOUILLEMENTS ET AUTRES 1998 - 1999,"DEPOUILLEMENT, APPEL D'OFFRE, PRODUIT PETROLIER ANA. DIPLOM. : (COMPTE RENDU, CONTRAT)",1998 - 1999
0036/SA,RESULTAT DE L'ENQUETE TRIMESTRIELLE DE CONJONCTURE,"ETC, INSD ANA. DIPLOM. : (LETTRE)",1996
0037/SA,CORRESPONDANCES DIVERSES 1996,"CORRESPONDANCE, APPROVISIONNEMENT, PRODUIT PETROLIER ANA. DIPLOM. : (LETTRE, FAX, ETAT)",1996
0038/SA,CORRESPONDANCES DIVERSES 1997,"CORRESPONDANCE, APPROVISIONNEMENT, PRODUIT PETROLIER ANA. DIPLOM. : (LETTRE, FAX, ETAT)",1997
0039/SA,CORRESPONDANCES DIVERSES 1997 - 1998,"CORRESPONDANCE, APPROVISIONNEMENT, PRODUIT PETROLIER ANA. DIPLOM. : (LETTRE, FAX, ETAT)",1997 - 1998
0040/SA,CORRESPONDANCES DIVERSES 1999,"CORRESPONDANCE, APPROVISIONNEMENT, PRODUIT PETROLIER ANA. DIPLOM. : (LETTRE, FAX, ETAT)",1999
0501/ST,BONS JAUNES,"TRANSPORT, PRODUIT PETROLIER, ENLEVEMENT ANA. DIPLOM. : (BON)",JANVIER-MARS 2000
0502/ST,BONS JAUNES,"TRANSPORT, PRODUIT PETROLIER, ENLEVEMENT ANA. DIPLOM. : (BON)",AVRIL-MAI 2000
0503/ST,BONS JAUNES,"TRANSPORT, PRODUIT PETROLIER, ENLEVEMENT ANA. DIPLOM. : (BON)",JUIN-JUILLET 2000
0504/ST,BONS JAUNES,"TRANSPORT, PRODUIT PETROLIER, ENLEVEMENT ANA. DIPLOM. : (BON)",AOUT-SEPTEMBRE 2000
0505/ST,BONS JAUNES,"TRANSPORT, PRODUIT PETROLIER, ENLEVEMENT ANA. DIPLOM. : (BON)",OCTOBRE-DECEMBRE 2000
0506/ST,BONS JAUNES,"TRANSPORT, PRODUIT PETROLIER, ENLEVEMENT ANA. DIPLOM. : (BON)",JANVIER-FEVRIER 2001
0507/ST,BONS JAUNES,"TRANSPORT, PRODUIT PETROLIER, ENLEVEMENT",MARS-MAI 2001
0508/ST,BONS JAUNES,"TRANSPORT, PRODUIT PETROLIER, ENLEVEMENT ANA. DIPLOM. : (BON)",JUIN-JUILLET 2001
0509/ST,BONS JAUNES,"TRANSPORT, PRODUIT PETROLIER, ENLEVEMENT ANA. DIPLOM. : (BON)",AOUT-SEPTEMBRE 2001
0510/ST,BONS JAUNES,"TRANSPORT, PRODUIT PETROLIER, ENLEVEMENT ANA. DIPLOM. : (BON)",OCTOBRE-NOVEMBRE 2001
0511/ST,BONS JAUNES,"TRANSPORT, PRODUIT PETROLIER, ENLEVEMENT ANA. DIPLOM. : (BON)",DECEMBRE-JANVIER 2001-2002
0335/SV,STRUCTURE DES PRIX,"STRUCTURE DES PRIX, PRODUIT PETROLIER, SONABHY ANA. DIPLOM. : (ARRETE)",2002-2003
TRANSPORT,,"FACTURATION, COULMAGE TRANSPORT, PRODUIT PETROLIER, SONABHY ANA. DIPLOM. : (ETAT, FACTURE)",1999-2003
"TITRE;"": COURRIER 2002-2003; DIVERS 2003""",,"CURRIER, SONABHY, VENTE, PRODUIT PETROLIER ANA. DIPLOM. : (COURRIER, ETAT, FACTURE)",2002-2003
0512/ST,ETAT D'ENLEVEMENT SONABHY,"ENLEVEMENT, PRODUIT PETROLIER, DEPOT COTIER, SONABHY ANA. DIPLOM. : (BON, ETAT)",JANVIER-FEVRIER 2003
0513/ST,ETAT D'ENLEVEMENT SONABHY,"ENLEVEMENT, PRODUIT PETROLIER, DEPOT COTIER, SONABHY ANA. DIPLOM. : (BON, ETAT)",14-18 FEVRIER-MARS 2003
0514/ST,ETAT D'ENLEVEMENT SONABHY,"ENLEVEMENT, PRODUIT PETROLIER, DEPOT COTIER, SONABHY ANA. DIPLOM. : (BON, ETAT)",19-16 MARS-AVRIL 2003
0515/ST,"ETAT D'ENLEVEMENT SONABHYENLEVEMENTPRODUIT PETROLIERDEPOT COTIERSONABHY ANA. DIPLOM. : (BON, ETAT)",,17-26 AVRIL-MAI 2003
0516/ST,ETAT D'ENLEVEMENT SONABHY,"ENLEVEMENT, PRODUIT PETROLIER, DEPOT COTIER, SONABHY ANA. DIPLOM. : (BON, ETAT)",28-26 MAI-JUIN 2003
0517/ST,ETAT D'ENLEVEMENT SONABHY,"ENLEVEMENT, PRODUIT PETROLIER, DEPOT COTIER, SONABHY ANA. DIPLOM. : (BON, ETAT)",27-28 JUIN-JUILLET 2003
0518/ST,ETAT D'ENLEVEMENT SONABHY,"ENLEVEMENT, PRODUIT PETROLIER, DEPOT COTIER, SONABHY",28-25 JUILLET-AOUT 2003
0519/ST,ETAT D'ENLEVEMENT SONABHY,"ENLEVEMENT, PRODUIT PETROLIER, DEPOT COTIER, SONABHY ANA. DIPLOM. : (BON, ETAT)",26-25 AOUT-SEPTEMBRE 2003
0520/ST,ETAT D'ENLEVEMENTS SONABHY,"ENLEVEMENT, PRODUIT PETROLIER, DEPOT COTIER, SONABHY",26-31 SEPTEMBRE-OCTOBRE 2003
0521/ST,ETAT D'ENLEVEMENT SONABHY,"ENLEVEMENT, PRODUIT PETROLIER, DEPOT COTIER, SONABHY ANA. DIPLOM. : (ETAT, BON)",3-28 NOVEMBRE 2003
0522/ST,ETAT D'ENLEVEMENT SONABHY,"ENLEVEMENT, PRODUIT PETROLIER, DEPOT COTIER, SONABHY ANA. DIPLOM. : (BON, ETAT)",DECEMBRE 2003
0523/ST,ETAT D'ENLEVEMENT SHELL,"ENLEVEMENT, PRODUIT PETROLIER, DEPOT COTIER, BURKINA & SHELL ANA. DIPLOM. : (BON, ETAT)",JANVIER-NOVEMBRE 2003
0524/ST,ETAT D'ENLEVEMENT SHELL,"ENLEVEMENT, PRODUIT PETROLIER, DEPOT COTIER, BURKINA & SHELL ANA. DIPLOM. : (BON, ETAT)",DECEMBRE 2003
0525/ST,ETAT D'ENLEVEMENT TOTAL,"ENLEVEMENT, PRODUIT PETROLIER, DEPOT COTIER, TOTAL BURKINA ANA. DIPLOM. : (BON, ETAT)",JANVIER-JUIN 2003
0526/ST,ETAT D'ENLEVEMENT TOTAL,"ENLEVEMENT, PRODUIT PETROLIER, DEPOT COTIER, TOTAL FINA ELF ANA. DIPLOM. : (BON, ETAT)",JUILLET-NOVEMBRE 2003
0527/ST,ETAT D'ENLEVEMENT TOTAL,"ENLEVEMENT, PRODUIT PETROLIER, DEPOT COTIER, TOTAL FINA ELF ANA. DIPLOM. : (BON, ETAT)",DECEMBRE 2003
0528/ST,ETAT D'ENLEVEMENT MOBIL,"ENLEVEMENT, PRODUIT PETROLIER, DEPOT COTIER, MOBIL OIL ANA. DIPLOM. : (BON, ETAT)",JANVIER-DECEMBRE 2003
0529/ST,BONS JAUNES,"BON DE CHARGEMENT, PRODUIT PETROLIER, SONABHY ANA. DIPLOM. : (BON)",JANVIER-FEVRIER 2003
0530/ST,BONS JAUNES,"BON DE CHARGEMENT, SONABHY, PRODUIT PETROLIER ANA. DIPLOM. : (BON)",MARS-AVRIL 2003
0531/ST,BONS JAUNES,"BON DE CHARGEMENT, SONABHY, PRODUIT PETROLIER ANA. DIPLOM. : (BON)",MAI-JUIN 2003
0532/ST,BONS JAUNES,"BON DE CHARGEMENT, SONABHY, PRODUIT PETROLIER ANA. DIPLOM. : (BON)",JUILLET-AOUT 2003
0533/ST,BONS JAUNES,"BON DE CHARGEMENT, SONABHY, PRODUIT PETROLIER ANA. DIPLOM. : (BON)",SEPTEMBRE-OCTOBRE 2003
0534/ST,BONS JAUNES,"BON DE CHARGEMENT, SONABHY, PRODUIT PETROLIER ANA. DIPLOM. : (BON)",NOVEMBRE-DECEMBRE 2003
0535/ST,BONS JAUNES,"CHARGEMENT, TOTAL FINA ELF, PRODUIT PETROLIER ANA. DIPLOM. : (BON DE CHARGEMENT)",JANVIER-JUIN 2003
0536/ST,BONS JAUNES,"BON DE CHARGEMENT, PRODUIT PETROLIER, TOTAL FINA ELF ANA. DIPLOM. : (BON)",JUILLET-DECEMBRE 2003
0537/ST,BONS JAUNES,"BON DE CHARGEMENT, PRODUIT PETROLIER, BURKINA & SHELL ANA. DIPLOM. : (BON)",JANVIER-DECEMBRE 2003
0538/ST,BONS JAUNES,"BON DE CHARGEMENT, PRODUIT PETROLIER, MOBIL OIL ANA. DIPLOM. : (BON)",JANVIER-DECEMBRE 2003
0338/SV,"REGLEMENT DIVERS CLIENTS 2001: SKI, E/SE OK, ECODIS, SOGEL, TAMOIL, EMGA","SANEM KOOM INTERNATIONAL, VENTE, OUMAROU KANAZOE, PRODUIT PETROLIER, ECODIS, SOGEL, TAMOIL, EMGA ANA. DIPLOM. : (FACTURE, BORDEREAU)",2001
0339/SV,ETATS MOUVEMENT STOCKS BINGO & BOBO: JANVIER 2E DECADE 2002,"STOCK, BINGO, BOBO, PRODUIT PETROLIER, RECEPTION, SORTIE ANA. DIPLOM. : (ETAT)",JANVIER-MARS 2002
0340/SV,ETATS DES MOUVEMENTS STOCKS BINGO & BOBO: 3E DECADE MARS-MAI 2002,"STOCK, BINGO, BOBO, PRODUIT PETROLIER, RECEPTION, SORTIE ANA. DIPLOM. : (ETAT)",MARS-MAI 2002
0341/SV,ETATS DES MOUVEMENTS STOCK BING0 & BOBO: JUIN-JUILLET 2002,"STOCK, RECEPTION, SORTIE, PRODUIT PETROLIER, BINGO, BOBO ANA. DIPLOM. : (ETAT)",JUIN-JUILLET 2002
0342/SV,"ETAT DES MOUVEMENTS STOCKS BINGO, BOBO: AOUT-SEPTEMBRE 2002","STOCK, BINGO, BOBO, RECEPTION, SORTIE, PRODUIT PETROLIER ANA. DIPLOM. : (ETAT)",AOUT-SEPTEMBRE 2002
0343/SV,"ETATS DES MOUVEMENTS STOCKS BINGO, BOBO: OCTOBRE-NOVEMBRE 2002","STOCK, BINGO, BOBO, RECEPTION, SORTIE, PRODUIT PETROLIER ANA. DIPLOM. : (ETAT)",OCTOBRE-NOVEMBRE 2002
0344/SV,ETATS MOUVEMENT STOCKS BINGO & BOBO: DECEMBRE 2002,"STOCK, BINGO, BOBO, TRECEPTION, SORTIE, PRODUIT PETROLIER ANA. DIPLOM. : (ETAT)",DECEMBRE 2002
0345/SV,REGLEMENT DIVERS CLIENTS 2002,"VENTE, PRODUIT PETROLIER, SANEM KOOM INTERNATIONAL, ECODIS, SOGEL, TAMOIL, OUMAROU KANAZOE, CMI, EMGA ANA. DIPLOM. : (BORDEREAU, FACTURE)",2002
0346/SV,REGLEMENT DIVERS CLIENTS 2002,"VENTE, PRODUIT PETROLIER, SANEM KOOM INTERNATIONAL, SOGEL, OTAM, OUMAROU KANAZOE, CMI, PETRO-SERVICE, PETROFA, EMGA ANA. DIPLOM. : (BORDEREAU, FACTURE)",2002
0347/SV,REGLEMENT DIOVERS CLIENTS 2002,"VENTE, PRODUIT PETROLIER, PETRO-SERVICE, OTAM, SANEM KOOM INTERNATIONAL, SOGEL, PETROFA, OUMAROU KANAZOE, CMI, EMGA ANA. DIPLOM. : (BORDEREAU, FACTURE)",2002
0348/SV,REGLEMENT DIVERS CLIENTS 2002,"VENTE, PRODUIT PETROLIER, CMI, EMGA, OTAM, SANEM KOOM INTERNATIONAL, SOGEL, PETROFA, OUMAROU KANAZOE, PETRO-SERVICE ANA. DIPLOM. : (BORDEREAU, FACTURE)",2002
0349/SV,REGLEMENT DIVERS CLIENTS 2002,"VENTE, PRODUIT PETROLIER, CMI, EMGA, OUMAROU KANAZOE, PETROFA, SANEM KOOM INTERNATIONAL, SOGEL, OTAM ANA. DIPLOM. : (BORDEREAU, FACTURE)",2002
0350/SV,FICHE DE SORTIE BINGO: CLIENTS-SONABHY,"PRODUIT PETROLIER, VENTE, SORTIE, DEPOT BINGO ANA. DIPLOM. : (FICHE, BORDEREAU DE LIVRAISON)",JANVIER-JUILLET 2002
0351/SV,FICHE SORTIE BINGO: CLIENTS-SONABHY,"PRODUIT PETROLIER, VENTE, SORTIE, DEPOT BINGO ANA. DIPLOM. : (FICHE, BORDEREAU DE LIVRAISON)",AOUT-DECEMBRE 2002
0352/SV,ETATS DECADAIRES ET MENSUELS: OUAGA-BOBO,"PRODUIT PETROLIER, SORTIE, RECEPTION, DEPOT BINGO, DEPOT BOBO, DECADE, MOIS ANA. DIPLOM. : (ETAT)",2002
0353/SV,BON D'ENLEVEMENT: ENTREPRISE OUMAROU KANAZOE,"PRODUIT PETROLIER, ENLEVEMENT, ENTREPRISE OUMAROU KANAZOE ANA. DIPLOM. : (LETTRE)",2002-2003
0354/SV,MOUVEMENT STOCKS BINGO-BOBO,"PRODUIT PETROLIER, STOCK, RECEPTION, SORTIE, DEPOT BINGO, DEPOT BOBO ANA. DIPLOM. : (ETAT)",JANVIER-FEVRIER 2003
0355/SV,MOUVEMENT STOCKS BINGO-BOBO,"PRODUIT PETROLIER, STOCK, RECEPTION, SORTIE, DEPOT BINGO, DEPOT BOBO ANA. DIPLOM. : (ETAT)",MARS 2003
0356/SV,MOUVEMENT STOCKS BINGO-BOBO,"PRODUIT PETROLIER, STOCK, RECEPTION, SORTIE, DEPOT BINGO, DEPOT BOBO ANA. DIPLOM. : (ETAT)",AVRIL-MAI 2003
0357/SV,MOUVEMENT STOCKS BINGO-BOBO,"PRODUIT PETROLIER, STOK, RECEPTION, SORTIE, DEPOT BINGO, DEPOT BOBO ANA. DIPLOM. : (ETAT)",JUIN-JUILLET 2003
0358/SV,MOUVEMENTS STOCKS BINGO-BOBO,"PRODUIT PETROLIER, STOCK, RECEPTION, SORTIE, DEPOT BINGO, DEPOT BOBO ANA. DIPLOM. : (ETAT)",AOUT-SEPTEMBRE 2003
0359/SV,MOUVEMENTS STOCKS BINGO-BOBO,"PRODUIT PETROLIER, STOCK, RECEPTION, SORTIE, DEPOT BINGO, DEPOT BOBO ANA. DIPLOM. : (ETAT)",OCTOBRE-NOVEMBRE 2003
0360/SV,FACTURES: MOBIL OIL BURKINA,"PRODUIT PETROLIER, VENTE, MOBIL OIL BURKINA ANA. DIPLOM. : (FACTURE)",JANVIER-JUILLET 2003
0361/SV,FACTURES: MOBIL OIL BURKINA,"PRODUIT PETROLIER, VENTE, MOBIL OIL BURKINA ANA. DIPLOM. : (FACTURE)",AOUT-DECEMBRE 2003
0362/SV,FACTURES: TOATL FINA ELF,"PRODUIT PETROLIER, VENTE, TOTAL FINA ELF ANA. DIPLOM. : (FACTURE)",JANVIER-JUILLET 2003
0363/SV,FACTURES: TOTAL FINA ELF,"PRODUIT PETROLIER, VENTE, TOTAL FINA ELF ANA. DIPLOM. : (FACTURE)",AOUT-DECEMBRE 2003
0364/SV,FACTURES: STD SODIGAZ,"GAZ, VENTE, STD SODIGAZ ANA. DIPLOM. : (FACTURE)",JANVIER-JUIN 2003
0365/SV,FACTURES: STD SODIGAZ,"GAZ, VENTE, STD SODIGAZ ANA. DIPLOM. : (FACTURE)",JUILLET-DECEMBRE 2003
0366/SV,FACTURES: BURKINA & SHELL,"PRODUIT PETROLIER, VENTE, BURKINA & SHELL ANA. DIPLOM. : (FACTURE)",JANVIER-JUIN 2003
0367/SV,FACTURES: BURKINA & SHELL,"VENTE, PRODUIT PETROLIER, BURKINA & SHELL ANA. DIPLOM. : (FACTURE)",JUILLET-DECEMBRE 2003
0368/SV,FACTURES: SOGEL,"VENTE, PRODUIT PETROLIER, SOGEL ANA. DIPLOM. : (FACTURE)",2003
0369/SV,FACTURES: TAMOIL,"PRODUIT PETROLIER, VENTE, TAMOIL ANA. DIPLOM. : (FACTURE)",2003
0370/SV,FACTURES: ECODIS,"PRODUIT PETROLIER, VENTE, ECODIS ANA. DIPLOM. : (FACTURE)",2003
0371/SV,,,
0372/SV,,,
0373/SV,,,
FACTURATION JOURNALIERE,,"PRODUIT PETROLIER, SORTIE, FACTURATION, DEPOT BINGO, DEPOT BOBO ANA. DIPLOM. : (ETAT)",JANVIER-MARS 2003
BINGO-BOBO,,"PRODUIT PETROLIER, SORTIE, FACTURATION, DEPOT BINGO, DEPOT BOBO ANA. DIPLOM. : (ETAT)",AVRIL-JUIN 2003
0376/SV,ETATS RECAPITULATIFS BINGO-FACTURATION JOURNALIERE BOBO,"PRODUIT PETROLIER, SORTIE, FACTURATION, DEPOT BINGO,  DEPOT BOBO ANA. DIPLOM. : (ETAT)",SEPTEMBRE-DECEMBRE 2003
0377/SV,ETATS RECAPITULATIFS DES SORTIES BINGO-FACTURATION JOURNALIERE BOBO,"PRODUIT PETROLIER, VENTE, SORTIE, FACTURATION, DEPOT BOBO, DEPOT BINGO ANA. DIPLOM. : (ETAT)",SEPTEMBRE-OCTOBRE 2003
0377/SV(bis),ETATS RECAPITULATIFS DES SORTIES BINGO,"PRODUIT PETROLIER, VENTE, SORTIE, DEPOT BINGO ANA. DIPLOM. : (ETAT)",NOVEMBRE-DECEMBRE 2003
0378/SV,ETATS DECADAIRES ET MENSUELS BINGO-BOBO,"PRODUIT PETROLIER, RECEPTION, SORTIE, DEPOT BINGO, DEPOT BOBO ANA. DIPLOM. : (ETAT)",JANVIER-SEPTEMBRE 2003
0379/SV,ETATS DECADAIRES ET MENSUELS BINGO-BOBO,"PRODUIT PETROLIER, RECEPTION, SORTIE,  DEPOT BINGO, DEPOT BOBO ANA. DIPLOM. : (ETAT)",OCTOBRE-DECEMBRE 2003
0380/SV,FICHE DE SORTIE (BORDEREAU DE LIVRAISON): CLIENTS-SONABHY,"PRODUIT PETROLIER, SORTIE, SONABHY, VENTE ANA. DIPLOM. : (FICHE, BORDEREAU DE LIVRAISON)",JANVIER-MAI 2003
0381/SV,FICHES DE SORTIE (BORDEREAU DE LIVRAISON): CLIENTS-SONABHY,"PRODUIT PETROLIER, SORTIE, SONABHY, VENTE ANA. DIPLOM. : (FICHE, BORDEREAU DE LIVRAISON)",JUIN-SEPTEMBRE 2003
0382/SV,FICHES DE SORTIE (BORDEREAU DE LIVRAISON): CLIENTS-SONABHY,"PRODUIT PETROLIER, SORTIE, SONABHY, VENTE ANA. DIPLOM. : (FICHE, BORDEREAU DE LIVRAISON)",OCTOBRE-DECEMBRE
0383/SV,DIVERS ETATS STOCKS BINGO & BOBO,"PRODUIT PETROLIER, VENTE, SORTIE, DEPOT BINGO, DEPOT BOBO ANA. DIPLOM. : (ETAT, BON)",2003-22004
0384/SV,"DIVERS ETATS: DROITURE, ENTRETIEN BOUTEILLE, COULAGE TRANSPORT","PRODUIT PETROLIER, VENTE, SORTIE ANA. DIPLOM. : (ETAT)",2003
0539/ST,ETAT JPURNALIER DES BONS D'ENLEVEMENT EN DROITURE,"PRODUIT PETROLIER, TRANSPORT, DROITURE, BURKINA & SHELL, TOTAL, MOBIL, ELF OIL, SONABHY ANA. DIPLOM. : (ETAT, BON)",JANVIER-MAI 2001
0540/ST,"BONS MARKETERS: BURKINA & SHELL(MAI-DECEMBRE2001), TOTAL FINA ELF(MAI-DECEMBRE2001), MOBIL OIL(JUIN-DECEMBRE2001)","PRODUIT PETROLIER, TRANSPORT, BURKINA & SHELL, TOTAL FINA ELF, MOBIL OIL BURKINA, DROITURE ANA. DIPLOM. : (BON)",MAI-DECEMBRE 2001
0541/ST,BONS MARKETERS DROITURE,"PRODUIT PETROLIER, TRANSPORT, DROITURE, MARKETER ANA. DIPLOM. : (BON)",JANVIER-DECEMBRE 2002
0542/ST,BONS JAUNES DROITURE,"PRODUIT PETROLIER, TRANSPORT, DROITURE, MARKETER ANA. DIPLOM. : (BON)",FEVRIER-AVRIL 2002
0543/ST,BONS JAUNES DROITURE,"PRODUIT PETROLIER, DROITURE, TRANSPORT, MARKETER ANA. DIPLOM. : (BON)",MAI-JUIN 2002
0544/ST,BONS JAUNES DROITURE,"PRODUIT PETROLIER, TRANSPORT, DROITURE, MARKETER ANA. DIPLOM. : (BON)",JUILLET-AOUT 2002
0545/ST,BONS JAUNES DROITURE,"PRODUIT PETROLIER, TRANSPORT, DROITURE, MARKETER ANA. DIPLOM. : (BON)",SEPTEMBRE-OCTOBRE 2002
0546/ST,BONS JAUNES DROITURE,"PRODUIT PETROLIER, TRANSPORT, DROITURE, MARKETER ANA. DIPLOM. : (BON)",NOVEMBRE-DECEMBRE 2002
0547/ST,BONS JAUNES DROITURE,"PRODUIT PETROLIER, TRANSPORT, DROITURE, MARKETER ANA. DIPLOM. : (BON)",JANVIER-MARS 2003
0548/ST,BONS JAUNES DROITURE,"PRODUIT PETROLIER, TRANSPORT, DROITURE, MARKETER ANA. DIPLOM. : (BON)",AVRIL-JUIN 2003
0549/ST,,"PRODUIT PETROLIER, TRANSPORT, DROITURE, MARKETER ANA. DIPLOM. : (BON)",JUILLET-SEPTEMBRE 2003
0550/ST,BONS JAUNES DROITURE,"PRODUIT PETROLIER, TRANSPORT, DROITURE, MARKETER ANA. DIPLOM. : (BON)",OCTOBRE-DECEMBRE 2003
0551/ST,"TRANSPORT PAR FER: SITARAIL, PREAVIS D'ARRIVEE DE WAGONS","PRODUIT PETROLIER, TRANSPORT, SITARAIL, RECEPTION, GESTOCI ANA. DIPLOM. : (FAX, TELEX)",1999-2000
0552/ST,BONS DE TRANSFERT STSL,"PRODUIT PETROLIER, TRANSPORT, STSL, ENLEVEMENT ANA. DIPLOM. : (BON)",2000
0553/ST,ETATS RECAPITULATIFS DES ENLEVEMENTS A LA GESTOCI(JANVIER-AOUT2002)-ETATS D'ENLEVEMENT EN DROITURE STSL(1999-2000),"PRODUIT PETROLIER, DROITURE, TRANSPORT, GESTOCI, STSL, DEPOT COTIER ANA. DIPLOM. : (ETAT)",JANVIER-AOUT 2000-2002
0554/ST,SITUATION DSE STOCKS: DEPOTS COTIERS & DEPOT BINGO-BOBO,"PRODUIT PETROLIER, STOCK, DEPOT BOBO, DEPOT BINGO, DEPOT COTIER ANA. DIPLOM. : (ETAT, CORRESPONDANCE)",2000-2001
0555/ST,DIVERS COURRIER DU SERVICE TRANSPORT,"COURRIER, SERVICE TRANSPORT, PRODUIT PETROLIER, TRANSPORT ANA. DIPLOM. : (LETTRE, FAX, TELEX)",2000
0385/SV,ETATS RECAPITULATIFS DES SORTIES DEPOTS BINGO-BOBO,"PRODUIT PETROLIER, SORTIE, DEPOT BINGO, DEPOT BOBO ANA. DIPLOM. : (ETAT)",JANVIER-MAI 2002
0386/SV,ETATS RECAPITULATIFS DES SORTIES DEPOTS BINGO-BOBO,"PRODUIT PETROLIER, SORTIE, DEPOT BINGO, DEPOT BOBO ANA. DIPLOM. : (ETAT)",JUIN-OCTOBRE 2002
0387/SV,ETATS RECAPITULATIFS DES SORTIES DEPOTS BINGO-BOBO,"PRODUIT PETROLIER, SORTIE, DEPOT BINGO, DEPOT BOBO ANA. DIPLOM. : (ETAT)",NOVEMBRE-DECEMBRE 2002
PROFORMA,,"PRODUIT PETROLIER, VENTE ANA. DIPLOM. : (FACTURE, ETAT)",2002
0389/SV,COPIES BORDEREAU DE LIVRAISON DEPOTS COTIERS: SANS EXCEDENTECOULAGE,"PRODUIT PETROLIER, DEPOT COTIER, RECEPTION ANA. DIPLOM. : (BON)",JUIN-DECEMBRE 2002
0390/SV,FACTURES N° 0001-0320,"PRODUIT PETROLIER, VENTE, FACTURATION ANA. DIPLOM. : (FACTURE)",2002
0391/SV,FACTURES N° 0321-0730,"PRODUIT PETROLIER, VENTE, FACTURATION ANA. DIPLOM. : (FACTURE)",2002
0392/SV,FACTURES N° 0731-0965,"PRODUIT PETROLIER, VENTE, FACTURATION ANA. DIPLOM. : (FACTURE)",2002
0393/SV,FACTURES N° 0966-1229,"PRODUIT PETROLIER, VENTE, FACTURATION ANA. DIPLOM. : (FACTURE)",2002
0394/SV,FACTURES N° 1230-1646,"PRODUIT PETROLIER, VENTE, FACTURATION ANA. DIPLOM. : (FACTURE)",2002
0395/SV,FACTURES N° 1647-1985,"PRODUIT PETROLIER, VENTE, FACTURATION ANA. DIPLOM. : (FACTURE)",2002
0396/SV,FACTURES N° 1986-2371,"PRODUIT PETROLIER, VENTE, FACTURATION ANA. DIPLOM. : (FACTURE)",2002
0397/SV,FACTURES N° 2372-2722,"PRODUIT PETROLIER, VENTE, FACTURATION ANA. DIPLOM. : (FACTURE)",2002
0398/SV,FACTURES N° 2723-3033,"PRODUIT PETROLIER, VENTE, FACTURATION ANA. DIPLOM. : (FACTURE)",2002
0399/SV,"FACTURES: OTAM, SKI","PRODUIT PETROLIER, VENTE, FACTURATION ANA. DIPLOM. : (FACTURE)",2002-2003
0400/SV,REGLEMENT DIVERS CLIENTS I,"PRODUIT PETROLIER, REGLEMENT, OTAM, SKI, OUMAROU KANAZOE, PLUL, PETROFA, PETRO-SERVICE, EMGA ANA. DIPLOM. : (BORDEREAU DE VERSEMENT, ETAT)",JANVIER-FEVRIER 2003
0401/SV,RGLEMENT DIVERS CLIENTS II,"REGLEMENT, PRODUIT PETROLIER, VENTE, OTAM, PLUF, SANEM KOOM INTERNATIONAL, OUMAROU KANAZOE, EMGA, STD-SODIGAZ ANA. DIPLOM. : (BORDEREAU DE VERSEMENT, ETAT)",FEVRIER-MARS 2003
0402/SV,REGLEMENT DIVERS CLIENTS III,"PRODUIT PETROLIER, REGLEMENT, VENTE, OTAM, SANEM KOOM INTERNATIONAL, PETROFA, PETRO-SERVICE, PLUF, ECODIS, EMGA ANA. DIPLOM. : (BORDEREAU DE VERSEMENT, ETAT)",AVRIL-MAI 2003
0403/SV,REGLEMENT DIVERS CLIENTS IV,"REGLEMENT, VENTE, PRODUIT PETROLIER, PETRO-SERVICE, OUMAROU KANAZOE, OTAM, SANEM KOOM INTERNATIONAL, PLUF ANA. DIPLOM. : (BORDEREAU DE VERSEMENT, ETAT)",AVRIL-JUIN 2003
0404/SV,REGLEMENT DIVERS CLIENTS V,"REGLEMENT, PRODUIT PETROLIER, VENTE, OTAM, PLUF, PETRO-SERVICE, OUMAROU KANAZOE, CMI ANA. DIPLOM. : (BORDEREAU DE VERSEMENT, ETAT)",JUIN-JUILLET 2003
0405/SV,REGLEMENT DIVERS CLIENTS VI,"REGLEMENT, PRODUIT PETROLIER, VENTE, EMGA, ENTREPISE FADOUL, ENTREPRISE OUMAROU KANAZOE, SANEM KOOM INTERNATIONAL, PLUF, OTAM ANA. DIPLOM. : (BORDEREAU DE VERSEMENT, ETAT)",AOUT-SEPTEMBRE 2003
0406/SV,REGLEMENT DIVERS CLIENTS VII,"REGLEMENT, PRODUIT PETROLIER, VENTE, ORYX-BURKINA FASO, ENTREPRISE OUMAROU KANAZOE, OTAM, PLUF, SANEM KOOM INTERNATIONAL ANA. DIPLOM. : (BORDEREAU DE VERSEMENT, ETAT)",OCTOBRE-NOVEMBRE 2003
0407/SV,REGLEMENT DIVERS CLIENTS VIII,"REGLEMENT, PRODUIT PETROLIER, VENTE, PLUF, OTAM, SANEM KOOM INTERNATIONAL, ENTREPRISE OUMAROU KANAZOE, ORYX-BURKINA FASO, EMGA, FADOUL ANA. DIPLOM. : (BORDEREAU DE VRESEMENT, ETAT)",NOVEMBRE-DECEMBRE 2003
0408/SV,REGLEMENT DIVERS CLIENTS IX,"REGLEMENT, PRODUIT PETROLIER, VENTE, OTAM, SANEM KOOM INTERNATIONAL, PLUF, ENTREPRISE OUMAROU KANAZOE, COULIDIATI M IDRISSA ANA. DIPLOM. : (BORDEREAU DE VERSEMENT, ETAT)",DECEMBRE 2003
0409/SV,MOUVEMENT STOCKS BINGO-BOBO,"PRODUIT PETROLIER, STOCK, DEPOT BINGO, DEPOT BOBO ANA. DIPLOM. : (ETAT)",DECEMBRE 2003
"""AVIS DE CREDIT; PROFORMA""",,"PRODUIT PETROLIER, VENTE, FACTURATION ANA. DIPLOM. : (FACTURE, ETAT)",2003
0411/SV,DDO SONABEL: SANS EXCEDENT COULAGE,"DDO, SONABEL, ENLEVEMENT, DEPOT COTIER ANA. DIPLOM. : (BON DROITURE)",2003
0412/SV,STRUCTURE DES PRIX,"PRODUIT PETROLIER, VENTE, STRUCTURE DE PRIX ANA. DIPLOM. : (RAPPORT)",JANVIER-DECEMBRE 2003
0413/SV,"DIVERS DOSSIERS: ETATS, FACTURES, COURRIER","PRODUIT PETROLIER, VENTE ANA. DIPLOM. : (ETAT, FACTURE, CORRESPONDANCE)",2000-2001
0041/SA,"ACHAT(APPELS D'OFFRES N°01,02) 2000","ACHAT, PRODUIT PETROLIER, STASCO, MARC RICH, SONABHY, FOURNISSEUR ANA. DIPLOM. : (APPEL D'OFFRE)",2000
"RESTREINTE N° 01, 02, 03",,"ACHAT, PRODUIT PETROLIER, TRAFIGURA, MARC RICH, ADDAX, TAMOIL, SONABHY, FOURNISEUR ANA. DIPLOM. : (APPEL D'OFFRE, CONSULTATION RESTREINTE)",2000
PRETS PRODUITS,,"ACHAT, PRODUIT PETROLIER, TOR, ITM, TRAFIGURA, ADDAX, SONABHY, FOURNISSEURS ANA. DIPLOM. : (ACHAT, OFFRES DIVERSES, PRETS PRODUITS)",2000
0044/SA,SIR JANVIER A DECEMBRE 2000,"ACHAT, PRODUIT PETROLIER, FACTURE, SIR, SONABHY ANA. DIPLOM. : (ACHAT, FACTURE, DIVERS)",2000
0045/SA,"APPELS D'OFFRES N°01, 02, 03, 04","ACHAT, PRODUIT PETROLIER, MARC RICH, SONABHY, FOURNISSEUR ANA. DIPLOM. : (APPEL D'OFFRE)",2001
0046/SA,"APPELS D'OFFRES N°05, 06, 07, 08","ACHAT, PRODUIT PETROLIER, MARC RICH, ADDAX, TOTAL FINA ELF, FOURNISSEUR, SONABHY ANA. DIPLOM. : (APPEL D'OFFRE)",2001
"""GAZ ADDAX N°01, 02, 03, 04; GAZ TOR""",,"ACHAT, PRODUIT PETROLIER, TOR, ADDAX, TAMOIL, VITOL, TRAFIGURA, FOURNISSEUR, SONABHY ANA. DIPLOM. : (APPEL D'OFFRE, CONSULTATION RESTREINTE, ACHAT DIRECT)",2001
0048/SA,"ACHATS: APPELS D'OFFRES N° 01, 02, 03","ACHAT, PRODUIT PETROLIER, ADDAX, TOTAL FINA ELF, AURORA, TRAFIGURA, FOURNISSEUR, SONABHY ANA. DIPLOM. : (APPEL D'OFFRE)",2002
"TITRE;"": ACHATS; APPELS D'OFFRES N°04, 05""",,"ACHAT, PRODUIT PETROLIER, ADDAX, FOURNISSEUR, SONABHY ANA. DIPLOM. : (APPEL D'OFFRE)",2002
"TITRE;"": ACHATS; COMPTES RENDUS; CONTRATS A TERME; ADDAX""",,"ACHAT, PRODUIT PETROLIER, TAMOIL, TRAFIGURA, ADDAX, FOURNISSEUR, SONABHY ANA. DIPLOM. : (CONSULTATION RESTREINTE, CONTRAT à TERME)",2002
"TITRE;"": ACHATS; GAZ ADDAX; GAZ TOR; ACHATS DIRECTS""",,"ACHAT, PRODUIT PETROLIER, TRAFIGURA, TOR, ADDAX, VITOL, FOURNISSEUR, SONABHY ANA. DIPLOM. : (APPEL D'OFFRE, ACHAT DIRECT)",2002
0052/SA,ACHATS SIR 2002,"ACHAT, PRODUIT PETROLIER, SIR, FOURNISSEUR, FACTURE, SONABHY ANA. DIPLOM. : (ACHAT, FACTURE, DIVERS)",2002
0053/SA,DIVRES,"FAX, TELEX, DECLARATION PREALABLE D'IMPORTATION, OFFRE DIVERSE, STATISTIQUE, SUIVI DE STOKS, INTERET DE RETARD, SURESTARIE ANA. DIPLOM. : (ETAT, FACTURE, COURRIER)",2002
"TITRE;"": DIVERS DOSSIERS; GADGETS; SURESTARIES""",,"GADGET, SURESTARIE, COURRIER ANA. DIPLOM. : (FACTURE, BORDEREAU)",2000-2001
SUR LES PRODUITS PETROLIERS,,"RECEPTION, ENLEVEMENT, VENTE, PRODUIT PETROLIER, DROIT CONSTATE ANA. DIPLOM. : (ETAT, COURRIER)",2000-2003
"""DEVISES; COURRIER; MISSION; LOGICIEL MAXIMA""",,"MISSION, COURRIER, CONSEIL D'ADMINISTRATION SIR, LOGICIEL MAXIMA, COURS DE DEVISE ANA. DIPLOM. : (COMPTE RENDU, RAPPORT, COURRIER)",2000-2004
0057/SA,"DIVERS DOSSIERS: VALORISATION DES STOCKS, FUEL ADDAX, STOCKS, MARCHE PETROLIER, PROJET DE CONTRAT, ITM, APPELS D'OFFRES","VALORISATION, CONSULTATION RESTREINTE, STOCK, CONTRAT , LIVRAISON, ITM ANA. DIPLOM. : (RAPPORT, ETAT, CORRESPONDANCE)",2000-2004
"ANA. DIPLOM. : (FACTURE, COURRIER, ETAT)",,,2001-2004
0059/SA,DIVERS DOSSIERS: ACHAT PRODUITS PETROLIERS PLATT'S,"FACTURE, PROFORMA, STOCK, RECAPITULATIF, INSTANCE, COURRIER, OFFRE DIVERSE, PRET PRODUIT, STATISTIQUE, RECEPTION, PLATT'S ANA. DIPLOM. : (COURRIER, ETAT, FACTURE)",2002-2004
0027/DC,APPEL D'OFFRE SONABHY : PRODUITS PETROLIERS 1988-1991,"ACHAT, PRODUIT PETROLIER, ADDAX, CHEVRON, SIR ANA. DIPLOM. : (APPEL D'OFFRE)",1988-1991
0028/DC,APPEL D'OFFRE SONABHY : PRODUITS PETROLIERS 1993,"ACHAT, PRODUIT PETROLIER, ADDAX, GEDIP, SOCAP, GENEVE ANA. DIPLOM. : (APPEL D'OFFRE, CONSULTATION RESTREINTE, COMPTE RENDU DE DEPOUILLEMENT)",1993
0028/DC,APPEL D'OFFRE SONABHY : PRODUITS PETROLIERS 1993,"ACHAT, PRODUIT PETROLIER, ADDAX, GEDIP, SOCAP, GENEVE ANA. DIPLOM. : (APPEL D'OFFRE, CONSULTATION RESTREINTE, COMPTE RENDU DE DEPOUILLEMENT)",1993
0029/DC,APPEL D'OFFRE N°3 ET CONSULTATION RESTREINTE SONABHY POUR 23 000 TM DE PRODUITS PETROLIERS,"ACHAT, PRODUIT PETROLIER, TEXAN OIL, SOCAP, TOTAL ANA. DIPLOM. : (APPEL D'OFFRE, CONSULTATION RESTREINTE, COMPTE RENDU DE DEPOUILLEMENT)",1993
0030/DC,APPEL D'OFFRE N°1 ET N°2 SONABHY : ACHAT DE PRODUITS PETROLIERS 1992,"ACHAT, PRODUIT PETROLIER, ADDAX BV, TOTAL TRADING ANA. DIPLOM. : (APPEL D'OFFRE, CONSULTATION RESTREINTE, COMPTE RENDU DE DEPOUILLEMENT)",1992
0031/DC,DOSSIER DU CONSEIL D'ADMINISTRATION DU 26 JUILLET 1991 ET DU 27 FEVRIER 1992,"BILAN GENERAL 1989, BILAN 1990, BUDGET 1992 ANA. DIPLOM. : (DOSSIER DU CONSEIL D'ADMINISTRATION)",1989-1990
0032/DC,BILAN GENERAL AU 31 DECEMBRE 1991-1992,"BILAN GENERAL , RAPPORT DES COMMISSAIRES AUX COMPTES, NOTE TECHNIQUE, NOTE EXPLICATIVE, PRODUIT PETROLIER, STOCKS DE SECURITE, PROPOSITION DE BUDGET, MARCHE PETROLIER INTERNATIONAL, STOCKS FINAUX, PROJET DE RAPPORT, CONSEIL D'ADMINISTRATION, ASSEMBLEE GENERALE ORDINAIRE, PROJET DE PROCES VERBAL, RAPPORT, CONVOCATION ANA. DIPLOM. : (DOSSIER )",1991-1992
DES STOCKS 1992,,"STRUCTURE DES PRIX, SITUATION DES STOCKS ANA. DIPLOM. : (ETAT)",1992-1995
0034/DC,"ATELIER REGIONAL CILSS SUR LA POLITIQUE DE PROMOTION DU GAZ BUTANE AU SAHEL-OUAGADOUGOU DU 18 AU 22 MAI ""1992; DOCUMENTS TECHNIQUES SIR""","ATELIER REGIONAL, POLITIQUE DE PROMOTION, GAZ BUTANE, SAHEL, ETUDE REGIONALE, PRIX, TRANSPORT, SEED, CEE, PROGRAMME REGIONAL GAZ, COMMUNIQUE FINAL, PETROLE, CONFERENCE ACP, CE, MALI, PROGRAMME DE TRAVAIL, FORMATION EN SENSIBILISATION, TENTINE D'EQUIPEMENT GAZ, STRUCTURE DES PRIX, CONDUITE DES ENQUETES, DOCUMENTS TECHNIQUES, SIR, CERTIFICAT SGS, SGS, BULLETIN D'ANALYSE, OUAGADOUGOU, PLATT'S ANA. DIPLOM. : (DOSSIER)",1991-1992
"""COMMERCIAUX; STRUCTURE DES PRIX 1992-1997""",,"FRAUDE, REEXPORTATION, ACCORDS COMMERCIAUX, STRUCTURE DE PRIX, DECISION, RAABO, KITI, ORDRE DE MISSION ANA. DIPLOM. : (DOSSIER)",1992-1997
0037/DC,BUDGET PUBLICITE,"JEUNE AFRIQUE, INTERPRETE, MB&A, CREA-PUB, GIB, AICD, REGIMONDE, CADO, DISA, DIASSA CONFECTION, DJIRE DECOR, SBMC, INTERNATIONAL TELEX ASSOCIATION, ZOUNGRANA BEN IDRISS ANA. DIPLOM. : (DOSSIER)",1991-1992
0038/DC,"GNPC: GPL - 700TM 94, GPL 700TM 96, GPL 800TM 96, GPL 1600TM 95, PROJET ACHATS GNPC, GPL 600TM 94, GPL 500TM 94, STRUCTURE DE PRIX, FACTURES GNPC","GNPC, DEPOSIT, ACHAT ANA. DIPLOM. : (CORRESPONDANCE, DOCUMENTATION, FACTURE)",1994-1996
0039/DC,"ACHAT PRODUITS PETROLIERS: APPEL D'OFFRE N° 9401, 9402, CONSULTATION RESTREINTE N° 1","ACHAT, PRODUIT PETROLIER ANA. DIPLOM. : (CORRESPONDANCE)",1994
0040/DC,"ACHAT PRODUITS PETROLIERS: APPEL D'OFFRE N° 9403, 18000TM STINNES","ACHAT, PRODUIT PETROLIER ANA. DIPLOM. : (CORRESPONDANCE)",1994
0041/DC,"ACHAT PRODUITS PETROLIERS: CONSULTATION RESTREINTE PETROLE ET GAZ, COMMANDE DE GASOIL, FUEL","ACHAT, PRODUIT PETROLIER, CONSULTATION RESTREINTE, COMMANDE ANA. DIPLOM. : (CORRESPONDANCE)",1995
0042/DC,"ACHAT PRODUITS PETROLIERS, CONSULTATION RESTREINTE, TRAFIGURA","ACHAT, PRODUIT PETROLIER, CONSULTATION RESTREINTE, TRAFIGURA ANA. DIPLOM. : (CORRESPONDANCE)",1995
0043/DC,ACHAT PRODUITS PETROLIERS: APPEL D'OFFRE N° 1/95 20000TM,"ACHAT, PRODUIT PETROLIER, APPEL D'OFFRE ANA. DIPLOM. : (CORRESPONDANCE)",1995
0044/DC,ACHAT PRODUITS PETROLIERS: CARGAISON PROMPTE 9502 DE 20000TM,"ACHAT, PRODUIT PETROLIER, TRAFIGURA ANA. DIPLOM. : (CORRESPONDANCE)",1995
0045/DC,"ACHAT PRODUITS PETROLIERS: APPEL D'OFFRE N° 9503 AVIDOR 30000TM: NERO, ABEBI ATHENIAN-XENEPHON, STELLA, TOURMALET, DOLPHIN V, DIDI, RELIANCE","ACHAT, PRODUIT PETROLIER, APPEL D'OFFRE, AVIDOR ANA. DIPLOM. : (CORRESPONDANCE)",1995
0046/DC,"ACHAT PRODUITS PETROLIERS: CARGAISON A TERME N° 9504, 18000TM AVIDOR","ACHAT, PRODUIT PETROLIER, AVIDOR ANA. DIPLOM. : (CORRESPONDANCE)",1995
0047/DC,"ACHAT PRODUITS PETROLIERS: APPEL D'OFFRE N° 9601 DE 25000TM AVIDOR: OTTAVIANO, TRADEWIND, CORSICA, ORWEIKUMOR, LORI, OCEAN, 2E COMMANDE DE FUEL-OIL 18000TM AVIDOR","ACHAT, PRODUIT PETROLIER, AVIDOR, APPEL D'OFFRE ANA. DIPLOM. : (CORRESPONDANCE, COMPTE RENDU)",1996
0048/DC,"ACHAT PRODUITS PETROLIERS: APPEL D'OFFRE N° 9602 DE 30000TM TRAFIGURA: VANDOURENO, MARI, DOLPHIN V, DONA, 2-N° 9603, 30000TM TRAFIGURA","ACHAT, PRODUIT PETROLIER, TRAFIGURA, APPEL D'OFFRE ANA. DIPLOM. : (CORRESPONDANCE)",1996
0571/ST,FICHES DE CONTROLE MOUVEMENT CAMIONS-CITERNES A A N,"CONTROLE MOUVEMENT CAMION-CITERNE, TRANSPORT, PRODUIT PETROLIER ANA. DIPLOM. : (FICHE)",2002
0572/ST,FICHES DE CONTROLE MOUVEMENT CAMIONS-CITERNES: O A R,"CONTROLE MOUVEMENT CAMION-CITERNE, TRANSPORT, PRODUIT PETROLIER ANA. DIPLOM. : (FICHE)",2002
0573/ST,FICHES DE CONTROLE MOUVEMENT CAMIONS-CITERNES: S A Z,"CONTROLE MOUVEMENT CAMION-CITERNE, TRANSPORT, PRODUIT PETROLIER ANA. DIPLOM. : (FICHE)",2002
0574/ST,ETAT EMISSION DES BONS D'ENLEVEMENT POUR DEPOT DE JANVIER A AVRIL,"PRODUIT PETROLIER, ENLEVEMENT, DEPOT, TRANSPORT ANA. DIPLOM. : (ETAT, BON)",JANVIER-AVRIL 2004
0575/ST,ETATS EMISSION DES BONS ENLEVEMENTS POUR DEPOT MAI A AOUT 2004,"ENLEVEMENT, PRODUIT PETROLIER, DEPOT, TRANSPORT ANA. DIPLOM. : (BON, ETAT)",MAI-AOUT 2004
0576/ST,SONABHY : BONS ENLEVEMENT POUR DEPOT SEPT A DECEMBRE 2004,"PRODUIT PETROLIER, TRANSPORT, ENLEVEMENT, DEPOT ANA. DIPLOM. : (BON)",SEPTEMBRE-DECEMBRE 2004
0577/ST,TOTAL ET MOBIL : ETAT EMISSION DES BONS ENLEVEMENT POUR DEPOT JANVIER A DECEMBRE 2004,"PRODUIT PETROLIER, TRANSPORT, ENLEVEMENT, DEPOT ANA. DIPLOM. : (ETAT, BON)",2004
0578/ST,SONABHY : BONS ENLEVEMENT DROITURE JANVIER A AVRIL 2004,"PRODUIT PETROLIER, ENLEVEMENT, TRANSPORT, DROITURE ANA. DIPLOM. : (BON)",JANVIER-AVRIL 2004
0579/ST,SONABHY : BONS ENLEVEMENT DROITURE MAI A AOUT 2004,"PRODUIT PETROLIER, TRANSPORT, ENLEVEMENT, DROITURE ANA. DIPLOM. : (BON)",MAI-AOUT 2004
0580/ST,SONABHY : BONS ENLEVEMENTDROITURE DE SEPTEMBRE A DECEMBRE 2004,"PRODUIT PETROLIER, TRANSPORT, ENLEVEMENT, DROITURE ANA. DIPLOM. : (BON)",SEPTEMBRE-DECEMBRE 2004
"REGLEMENT (1999-2001), BONS DROITURE (2003)",,"PRODUIT PETROLIER, TRANSPORT, ENLEVEMENT, DROITURE, TOTAL, EL HADJ COULDIATY ANA. DIPLOM. : (BON, FACTURE)",1999-2005
0582/ST,SONABHY : BONS ENLEVEMENT DROITURE JANVIER A AOUT 2003,"PRODUIT PETROLIER, TRANSPORT, ENLEVEMENT, SONABHY, DROITURE ANA. DIPLOM. : (BON)",JANVIER-AOUT 2003
2003,,"PRODUIT PETROLIER, SONABHY, EL HADJ COULDIATY, DROITURE, TRANSPORT, ENLEVEMENT ANA. DIPLOM. : (BON)",SEPTEMBRE-DECEMBRE 2003
"""ENLEVEMENT 2003 ; FADOUL T. : BONS ENLEVEMENT 2003""",,"PRODUIT PETROLIER, TOTAL, MOBIL, FADOUL TECHNIBOIS, ENLEVEMENT, DROITURE ANA. DIPLOM. : (BON)",2003
0585/ST,BONS ENLEVEMENT DROITURE (JAUNE),"PRODUIT PETROLIER, TRANSPORT, ENLEVEMENT, DROITURE ANA. DIPLOM. : (BON)",JANVIER-MARS 2004
0586/ST,BONS ENLEVEMENT DROITURE (JAUNE),"PRODUIT PETROLIER, ENLEVEMENT, TRANSPORT, DROITURE ANA. DIPLOM. : (BON)",AVRIL-JUIN 2004
0587/ST,BONS ENLEVEMENT DROITURE (JAUNE),"PRODUIT PETROLIER, ENLEVEMENT, TRANSPORT, DROITURE ANA. DIPLOM. : (BON)",JUILLET-SEPTEMBRE 2004
0588/ST,BONS ENLEVEMENT DROITURE (JAUNE),"PRODUIT PETROLIER, ENLEVEMENT, TRANSPORT, DROITURE ANA. DIPLOM. : (BON)",OCTOBRE-NOVEMBRE 2004
0589/ST,BULLETIN ENLEVEMENT DE PRODUITS PETROLIERS SEPTEMBRE-DECEMBRE 2003 ET AVRIL-JUILLET 2004,"PRODUIT PETROLIER, ENLEVEMENT, DEPOT COTIER, TRANSPORT ANA. DIPLOM. : (BULLETIN)",2003-2004
0590/ST,"PLANNING ENLEVEMENT DE PRODUITS PETROLIERS 2001-2004 ""; COURRIER DU SERVICE TRANSPORT 2001-2004""","PRODUIT PETROLIER, TRANSPORT, ENLEVEMENT, COURRIER ANA. DIPLOM. : (PLANNING, CORRESPONDANCE)",2001-2004
0591/ST,BONS JAUNES DEPOT JANVIER A FEVRIER 2004,"PRODUIT PETROLIER, SONABHY, TRANSPORT ANA. DIPLOM. : (BON)",JANVIER-FEVRIER 2004
0592/ST,BONS JAUNES DEPOT MARS A MAI 2004,"PRODUIT PETROLIER, TRANSPORT, SONABHY ANA. DIPLOM. : (BON)",MARS-MAI 2004
0593/ST,BONS JAUNES DEPOT JUIN A JUILLET 2004,"PRODUIT PETROLIER, TRANSPORT, SONABHY ANA. DIPLOM. : (BON)",JUIN-JUILLET 2004
0594/ST,BONS JAUNES DEPOT AOUT-SEPTEMBRE 2004,"PRODUIT PETROLIER, TRANSPORT, SONABHY ANA. DIPLOM. : (BON)",AOUT-SEPTEMBRE 2004
0595/ST,BONS JAUNES DEPOT OCTOBRE A DECEMBRE 2004,"PRODUIT PETROLIER, TRANSPORT, SONABHY ANA. DIPLOM. : (BON)",OCTOBRE-DECEMBRE 2004
0414/SV,REGLEMENT COMPTANT SKI I 2004,"REGLEMENT, SKI, PRODUIT PETROLIER, VENTE, SONABHY ANA. DIPLOM. : (REGLEMENT)",2004
0415/SV,REGLEMENT SKI II 2004,"REGLEMENT, PRODUIT PETROLIER, SKI, SONABHY, VENTE ANA. DIPLOM. : (REGLEMENT)",2004
0416/SV,REGLEMENT COMPTANT SKI III 2004,"REGLEMENT, PRODUIT PETROLIER, VENTE, SKI ANA. DIPLOM. : (REGLEMENT)",2004
0417/SV,REGLEMENT COMPTANT OTAM I 2004,"REGLEMENT, PRODUIT PETROLIER, VENTE, OTAM ANA. DIPLOM. : (REGLEMENT)",2004
0418/SV,REGLEMENT COMPTANT OTAM II 2004,"REGLEMENT, PRODUIT PETROLIER, VENTE, OTAM ANA. DIPLOM. : (REGLEMENT)",2004
0419/SV,REGLEMENT COMPTANT PLUF I 2004,"REGLEMENT, PRODUIT PETROLIER, VENTE, PLUF ANA. DIPLOM. : (REGLEMENT)",2004
0420/SV,REGLEMENT COMPTANT PLUF II 2004,"REGLEMENT, PRODUIT PETROLIER, VENTE, PLUF ANA. DIPLOM. : (REGLEMENT)",2004
"TITRE;"": REGLEMENT COMPTANT EMGA ; PETRO SERVICES 2004""",,"REGLEMENT, PRODUIT PETROLIER, VENTE, EMGA, PETRO SERVICES ANA. DIPLOM. : (REGLEMENT)",2004
0422/SV,BORDEREAU DE LIVRAISON SANS EXCEDENT COULAGE TRANSPORT DDO FUEL SONABEL 1999-2002,"SONABEL, TRANSPORT, COULAGE, SONABHY, DDO, FUEL OIL, VENTE ANA. DIPLOM. : (BORDEREAU)",1999-2002
0423/SV,BORDEREAU DE LIVRAISON DEPOT COTIER DDO SONABEL SANS EXCEDENT COULAGE TRANSPORT 2002,"SONABEL, TRANSPORT, COULAGE, SONABHY, DDO, FUEL OIL, VENTE ANA. DIPLOM. : (BORDEREAU)",2002
0424/SV,BORDEREAU DE LIVRAISON DDO SONABEL SANS EXCEDENT COULAGE 2002-2003,"SONABEL, TRANSPORT, COULAGE, SONABHY, DDO, VENTE ANA. DIPLOM. : (BORDEREAU)",2002-2003
0425/SV,RETRAITEMENT COULAGE TRANSPORT 2003,"RETRAITEMENT, TRANSPORT, COULAGE, VENTE, PRODUIT PETROLIER ANA. DIPLOM. : (BORDEREAU)",2003
0426/SV,COPIES BORDEREAU DE LIVRAISON RECEPTION BINGO 2003,"PRODUIT PETROLIER, RECEPTION, VENTE ANA. DIPLOM. : (BORDEREAU)",2003
0427/SV,COPIES BORDEREAU DE LIVRAISON RECEPTION BINGO 2003,"PRODUIT PETROLIER, RECEPTION, VENTE ANA. DIPLOM. : (BORDEREAU)",2003
0428/SV,COPIES BORDEREAU DE LIVRAISON RECEPTION BINGO 2003,"PRODUIT PETROLIER, RECEPTION, VENTE ANA. DIPLOM. : (BORDEREAU)",2003
0429/SV,SUBVENTION STD SODIGAZ BINGO ET BOBO 2001,"PRODUIT PETROLIER, SUBVENTION, STD SODIGAZ, DEPOT BINGO, DEPOT BOBO ANA. DIPLOM. : (SUBVENTION)",2001
0430/SV,JUSTIFICATIFS NOTES DE DEBIT PRODUIT SONABEL 2003,"SONABEL, PRODUIT PETROLIER, VENTE, NOTE DE DEBIT ANA. DIPLOM. : (NOTE DE DEBIT)",2003
0431/SV,NOTES DE DEBIT N°001-105 2003,"PRODUIT PETROLIER, NOTE DE DEBIT, VENTE ANA. DIPLOM. : (REGLEMENT)",2003
0432/SV,NOTES DE DEBIT N°106-210 2003,"PRODUIT PETROLIER, NOTE DE DEBIT, VENTE ANA. DIPLOM. : (REGLEMENT)",2003
0433/SV,NOTES DE DEBIT N°211-310 2003,"PRODUIT PETROLIER, NOTE DE DEBIT, VENTE ANA. DIPLOM. : (REGLEMENT)",2003
0434/SV,NOTES DE DEBIT N°311-370 2003,"PRODUIT PETROLIER, NOTE DE DEBIT, VENTE ANA. DIPLOM. : (REGLEMENT)",2003
0435/SV,NOTES DE DEBIT N°371-516 2003,"PRODUIT PETROLIER, NOTE DE DEBIT, VENTE ANA. DIPLOM. : (REGLEMENT)",2003
0436/SV,NOTES DE DEBIT N°001-200 2004,"PRODUIT PETROLIER, NOTE DE DEBIT, VENTE ANA. DIPLOM. : (REGLEMENT)",2004
0437/SV,NOTES DE DEBIT N°201-301 2004,"PRODUIT PETROLIER, NOTE DE DEBIT, VENTE ANA. DIPLOM. : (REGLEMENT)",2004
0438/SV,FACTURES BURKINA ET SHELL N°0002-2738 2004,"PRODUIT PETROLIER, SONABHY, VENTE, BURKINA ET SHELL ANA. DIPLOM. : (FACTURE)",2004
0439/SV,FACTURES BURKINA ET SHELL N°2758-4840 2004,"PRODUIT PETROLIER, SONABHY, VENTE, BURKINA ET SHELL ANA. DIPLOM. : (FACTURE)",2004
0440/SV,FACTURES MOBIL OIL BURKINA N°0003-4830,"PRODUIT PETROLIER, SONABHY, VENTE, MOBIL OIL BURKINA ANA. DIPLOM. : (FACTURE)",2004
0441/SV,FACTURES TOTAL BURKINA N°0001-4842 2004,"PRODUIT PETROLIER, SONABHY, VENTE, TOTAL BURKINA ANA. DIPLOM. : (FACTURE)",2004
0442/SV,FACTURES STD SODIGAZ N°0029-4858 2004,"PRODUIT PETROLIER, SONABHY, VENTE, STD SODIGAZ ANA. DIPLOM. : (FACTURE)",2004
2004,,"PRODUIT PETROLIER, SONABHY, VENTE, TAMOIL, SKI ANA. DIPLOM. : (FACTURE)",2004
2004,,"PRODUIT PETROLIER, SONABHY, VENTE, PETROFA, SOGEL ANA. DIPLOM. : (FACTURE)",2004
0445/SV,ETATS DECADAIRES ET MENSUELS BINGO JANVIER A MARS 2004,"PRODUIT PETROLIER, DECADE, VENTE, DEPOT BINGO ANA. DIPLOM. : (ETAT)",JANVIER-MARS 2004
0446/SV,ETATS DECADAIRES ET MENSUELS BINGO AVRIL A JUIN 2004,"PRODUIT PETROLIER, DECADE, VENTE, DEPOT BINGO ANA. DIPLOM. : (ETAT)",AVRIL-JUIN 2004
0447/SV,ETATS DECADAIRES ET MENSUELS BINGO JUILLET A SEPTEMBRE 2004,"PRODUIT PETROLIER, DECADE, VENTE, DEPOT BINGO ANA. DIPLOM. : (ETAT)",JUILLET-SEPTEMBRE 2004
0448/SV,ETATS DECADAIRES ET MENSUELS BINGO OCTOBRE A DECEMBRE 2004,"PRODUIT PETROLIER, DECADE, VENTE, DEPOT BINGO ANA. DIPLOM. : (ETAT)",OCTOBRE-DECEMBRE 2004
0449/SV,ETATS DECADAIRES ET MENSUELS BOBO JANVIER A JUIN 2004,"PRODUIT PETROLIER, DECADE, VENTE, DEPOT BINGO ANA. DIPLOM. : (ETAT)",JANVIER-JUIN 2004
0450/SV,ETATS DECADAIRES ET MENSUELS BOBO JUILLET A DECEMBRE 2004,"PRODUIT PETROLIER, DECADE, VENTE, DEPOT BINGO ANA. DIPLOM. : (ETAT)",JUILLET-DECEMBRE 2004 2004
0451/SV,ETATS DECADAIRES DES ENLEVEMENTS EN DROITURE MTTB JUIN 2001 A DECEMBRE 2004,"PRODUIT PETROLIER, DECADE, VENTE, DEPOT BINGO ANA. DIPLOM. : (ETAT)",2001-2004
DROITURE SERVICE TRANSPORT 2001-2004,,"PRODUIT PETROLIER, DROITURE, VENTE, ENLEVEMENT ANA. DIPLOM. : (ETAT)",2001-2004
0453/SV,ETATS RECAPITULATIFS DES FACTURATIONS JOURNALIERES BINGO JANVIER A MARS 2004,"PRODUIT PETROLIER, FACTURATION, VENTE, MARKETER ANA. DIPLOM. : (ETAT RECAPITULATIF)",JANVIER-MARS 2004
0454/SV,ETATS RECAPITULATIFS DES FACTURATIONS JOURNALIERES BINGO AVRIL A JUIN 2004,"PRODUIT PETROLIER, FACTURATION, VENTE, MARKETER ANA. DIPLOM. : (ETAT)",AVRIL-JUIN 2004
0455/SV,ETATS RECAPITULATIFS DES FACTURATIONS JOURNALIERES JUILLET A SEPTEMBRE 2004,"PRODUIT PETROLIER, FACTURATION, VENTE, MARKETER ANA. DIPLOM. : (ETAT)",JUILLET-SEPTEMBRE 2004
0456/SV,ETATS RECAPITULATIFS DES FACTURATIONS JOURNALIERES BINGO OCTOBRE A DECEMBRE 2004,"PRODUIT PETROLIER, FACTURATION, VENTE, MARKETER ANA. DIPLOM. : (ETAT)",OCTOBRE-DECEMBRE 2004
0457/SV,ETATS RECAPITULATIFS DES FACTURATIONS JOURNALIERES BOBO JANVIER A DECEMBRE 2004,"PRODUIT PETROLIER, FACTURATION, VENTE, MARKETER, DEPOT BOBO ANA. DIPLOM. : (ETAT)",2004
0458/SV,FICHES DE SORTIES GAZ BUTANE JANVIER A AVRIL 2004,"GAZ BUTANE, MARKETER, VENTE ANA. DIPLOM. : (FICHE)",JANVIER-AVRIL 2004
0459/SV,FICHES DE SORTIES GAZ BUTANE MAI A AOUT 2004,"GAZ BUTANE, MARKETER, VENTE ANA. DIPLOM. : (FICHE)",MAI-AOUT 2004
0460/SV,FICHES DE SORTIES GAZ BUTANE SEPTEMBRE A DECEMBRE 2004,"GAZ BUTANE, MARKETER, VENTE ANA. DIPLOM. : (FICHE)",SEPTEMBRE-DECEMBRE 2004
0461/SV,BORDEREAUX DE LIVRAISON CLIENTS SONABHY JANVIER A AVRIL 2004,"PRODUIT PETROLIER, MARKETER, VENTE ANA. DIPLOM. : (BORDEREAU)",JANVIER-AVRIL 2004
0462/SV,BORDEREAU DE LIVRAISON CLIENTS SONABHY MAI A SEPTEMBRE 2004,"PRODUIT PETROLIER, MARKETER, VENTE ANA. DIPLOM. : (BORDEREAU)",MAI-SEPTEMBRE 2004
0463/SV,COULAGE DES ANNEES ANTERIEURES 2001,"COULAGE, TRANSPORT, VENTE, PRODUIT PETROLIER ANA. DIPLOM. : (ETAT)",2001
0464/SV,FACTURES ET REGLEMENTS ORYX BURKINA 2004,"GAZ BUTANE, MARKETER, VENTE ANA. DIPLOM. : (FACTURE, REGLEMENT)",2004
0596/ST,ETATS DECADAIRES DECEMBRE 2003 A JANVIER 2005,"ETAT DECADAIRE, ENTREE, SORTIE, SONABHY, TRANSPORT, PRODUIT PETROLIER ANA. DIPLOM. : (ETAT)",2003-2005
DOUANE 2002 2004,,"ETAT DECADAIRE, RECEPTION, FICHIER CAMION-CITERNE, ECOR DOUANE, SONABHY, TRANSPORT, PRODUIT PETROLIER ANA. DIPLOM. : (ETAT)",2002-2004
0049/DC,NOTES DE SERVICE DE LA DIRECTION COMMERCIALE,"DIRECTION COMMERCIALE, SONABHY, COURRIER ANA. DIPLOM. : (NOTE DE SERVICE)",1993-2000
"TITRE;"": COMPTE RENDU (1994-2000) ; FAX ARRIVEE (1996-1998)""",,"COURRIER, DIRECTION COMMERCIALE, SONABHY ANA. DIPLOM. : (CORRESPONDANCE)",1994-2000
0051/DC,COURRIER ARRIVEE DE LA DIRECTION COMMERCIALE,"COURRIER, DIRECTION COMMERCIALE, SONABHY ANA. DIPLOM. : (CORRESPONDANCE)",2000-2002
0052/DC,COURRIER DEPART DU DIRECTEUR COMMERCIAL AU DIRECTEUR GENERAL,"COURRIER, DIRECTION COMMERCIALE, SONABHY ANA. DIPLOM. : (CORRESPONDANCE)",1995-1999
0053/DC,COURRIER DEPART DU DIRECTEUR GENERAL,"COURRIER, DIRECTION GENERALE, SONABHY ANA. DIPLOM. : (CORRESPONDANCE)", 1991-2002
DE PRIX 1993-2000,,"VENTE, PRODUIT PETROLIER, STRUCTURE DE PRIX, EERI-BF, PLATT'S ANA. DIPLOM. : (ETAT, CORRESPONDANCE, DISCOURS)",1993-2000
0598/ST,BONS D'ENLEVEMENT : SONABHY JANVIER - MARS 2005,"TRANSPORT, ENLEVEMENT, PRODUIT PETROLIER, SONABHY ANA. DIPLOM. : (BON)",JANVIER-MARS 2005
0599/ST,BONS D'ENLEVEMENT : SONABHY AVRIL - MAI 2005,"TRANSPORT, ENLEVEMENT, PRODUIT PETROLIER, SONABHY ANA. DIPLOM. : (BON)",AVRIL-MAI 2005
0600/ST,BONS D'ENLEVEMENT DES MARKETERS,"TRANSPORT, ENLEVEMENT, PRODUIT PETROLIER ANA. DIPLOM. : (BON)",JUIN 2005
0601/ST,BONS D'ENLEVEMENT  DES MARKETERS,"TRANSPORT, ENLEVEMENT, PRODUIT PETROLIER ANA. DIPLOM. : (BON)",JUILLET 2005
0602/ST,BONS D'ENLEVEMENT DES MARKETERS,"TRANSPORT, ENLEVEMENT, PRODUIT PETROLIER ANA. DIPLOM. : (BON)",AOUT 2005
0603/ST,BONS D'ENLEVEMENT  DES MARKETERS,"TRANSPORT, ENLEVEMENT, PRODUIT PETROLIER ANA. DIPLOM. : (BON)",SEPTEMBRE 2005
0604/ST,BONS D'ENLEVEMENT DES MARKETERS,"TRANSPORT, ENLEVEMENT, PRODUIT PETROLIER ANA. DIPLOM. : (BON)",OCTOBRE 2005
0605/ST,BONS D'ENLEVEMENT DES MARKETERS,"TRANSPORT, ENLEVEMENT, PRODUIT PETROLIER ANA. DIPLOM. : (BON)",NOVEMBRE 2005
0606/ST,BONS D'ENLEVEMENT DES MARKETERS,"TRANSPORT, ENLEVEMENT, PRODUIT PETROLIER ANA. DIPLOM. : (BON)",DECEMBRE 2005
DE CHARGEMENT :BURKINA ET SHELL 2004 - 2005,,"TRANSPORT, ENLEVEMENT, PRODUIT PETROLIER, TOTAL BURKINA, BURKINA ET SHELL ANA. DIPLOM. : (BON)",2004-2005
0465/SV,"VENTE DE PRODUITS PETROLIERS:SYMPOSIUM SUR LA PROMOTION DU GAZ BUTANE,1988-1989","GAZ BUTANE, VULGARISATION, SYMPOSIUM, SENEGAL ANA. DIPLOM. : (COMMUNIQUE FINALE, LISTES DES PARTICIPANTS, PROGRAMME DE TRAVAIL, PROPOSITION DE FINANCEMENT, MOT DE REMERCIEMENT, RAPPORT)",2020
0466/SV,"VENTE DE PRODUITS PETROLIERS :REALISATION DU PROJET DE VULGARISATION DU GAZ,1976,1985-1992","GAZ BUTANE, VULGARISATION, BURKINA FASO ANA. DIPLOM. : (COMPTE RENDU DE REUNION, CORRESPONDANCE, RAABO, RAPPORT, ARRETE, NOTE DE SERVICE, STRUCTURE DE PRIX GAZ, PROGRAMME DE VULGARISTION DU GAZ, RECOMMANDATION DU BILAN, ETAT DES ACTION, NOTE DE SYNTHESE, CONVOCATION, LISTES DE PARTICIPANT, CAMPAGNE DE SENSIBILISATION, VULGARISATION DU GAZ)",2020
0467/SV,"VENTE DE PRODUITS PETROLIERS : PROJET DE VULGARISTION DU GAZ,1976,1981-1987,1990-1992","VULGARISATION , BURKINA FASO, GAZ BUTANE ANA. DIPLOM. : (COMMUNIQUE, PROCES VERBAL DE PASSATION DE SERVICE, RAABO, CORRESPONDANCE, CONVENTION DE FINANCEMENT, AVENANT AU PROTOCOLE D'EXCECUTION, PLAN, PLAN QUINQUENNAL, PHOTO, BON DE COMMANDE, PROFORMA, OFFRE DE PRIX, ETUDE, RAPPORT D'ETUDE, BORDEREAU RECAPITULATIF, COMPTE RENDU, ORDONNANCE, CIRCULAIRE, CONTRAT, BORDEREAU D'ENVOI, FICHE TECHNIQUE, SCHEMA DES PROPOSITION FINANCIER)",2020
0468/SV,"VENTE DE PRODUITS PETROLIERS :APPLICATION DE LA TAXE UNIQUE SUR LES PRODUITS PETROLIERS ,1995","TAXE , UNIQUE ANA. DIPLOM. : (MEMORANDUM, ARRETE)",2020
0469/SV,"VENTE DE PRODUITS PETROLIERS :MOBIL OIL BURKINA,1994-1995","MOBIL OIL, BURKINA, DOUANE ANA. DIPLOM. : (ELEMENTS JUSTIFICATIVES , DECLARATION DE MISE A LA CONSOMMATION, CORRESPONDANCE, ETAT DES BILLETINS DE LIQUITATION)",2020
0460/SV,"VENTE DE PRODUITS PETROLIERS :DEMANDE DE SUSPENSION D'ENLEVEMENT A CREDIT ET AU COMPTANT ,1993-1995","SUSPENSION D'ENLEVEMENT, CREDIT, COMPTANT ANA. DIPLOM. : (TELECOPIE, RELEVES DES LIQUIDATIONS, CORRESPONDANCE, SITUATION DES LIQUIDATION)",2020
0471/SV,"VENTE DE PRODUITS PETROLIERS :TAXE UNIQUE SUR LES PRODUITS PETROLIERS,BURKINA ET SHELL,1994","TAXE UNIQUE , PRODUIT PETROLIER, BURKINA, SHELL ANA. DIPLOM. : (CORRESPONDANCE , BULLETIN DE LIQUIDATION, DECLARATION DE MISE EN CONSOMMATION, BORDEREAU D'ENVOI)",2020
0472/SV,"VENTE DE PRODUITS PETROLIERS :TAXE UNIQUE SUR LES PRDUITS PETROLIER (TUPP),ELF OIL BURKINA,1994","TAXE UNIQUE, PRDUIT PETROLIER, EFL OIL, BURKINA ANA. DIPLOM. : (CORRESPONDANCE, ETAT, SITUATION DE VENTE, BULLETIN DE LIQUIDATION , DECLARATION DE MISE A LA CONSOMMATION)",2020
0473/SV,"VENTE DE PRODUITS PETROLIERS :STATISTIQUE?CONSOMMATION D'HYDROCARBURES,1976-1982,1984","STATISTIQUE, CONSOMMATION, HYDROCARBURE ANA. DIPLOM. : (STATISTIQUE)",2020
0474/SV,"VENTE DE PRODUITS PETROLIERS :TAXE UNIQUE SUR LES PRODUITS PETROLIERS,STD/SODIGAZ","TAXE UNIQUE, PRODUITS PETROLIERS, STD, SODIGAZ ANA. DIPLOM. : (NOTE DE DEBIT, SITUATION TUPP, RELEVE DES LIQUITATION, BILLETIN DE LIQUIDATION, DECLARATION, ETAT TUPP, FICHE D'ENREGISTREMENT)",2020
0475/SV,VENTE DE PRODUITS PETROLIERS :APPROVISONNEMENT DES FORCES ARMEES POPULAIRE (FAP) ?1987-1993,"APPROVISIONNEMENT, FORCE ARMEE POPULAIRE, FAP ANA. DIPLOM. : (COMPTE RENDU DE REUNION, CORRESPONDANCE, AVIS DE CREDIT, BORDEREAU D'ENVOI, FICHE D'ACCOMPAGNEMENT, MARCHE)",2020
0476/SV,"VENTE DE PRODUITS PETROLIERS :ETA DES SORTIES DE PRODUITS PETROLIERS,1995-1998","ETAT DES SORTIES, PRODUIT PETROLIERS, BCIAB, BIB ANA. DIPLOM. : (RECAPITULATIF DES SORTIE CARBURANT, CORRESPONDANCE, ETAT DE SORTIE DEPOT, BORDEREAU D'ENVOI, FACTURE, ETAT D'ENLEVEMENT, CORRESPONDANCE, ETAT DE SORTIE DEPOT, BORDEREAU D'ENVOI, CORRESPONDANCE, ETAT DE SORTIE DEPOT, BORDEREAU D(ENVOI)",2020
0477/SV,"VENTE DE PRODUITS PETROLIERS : SITUATION DES VENTES DES DEPOTS DE BINGO,BOBO ,COTONOU ET DE LOME ,1996-1997","SITUATION , VENTE, DEPOT, BINGO, BOBO, COTONOU, LOME ANA. DIPLOM. : (BON D'ENLEVEMENT, FACTURE, SITUATION DE VENTE, ETAT JOURNALIER, ETAT MENSUEL, BORDEREAU DE LIVRAISON)",2020
0478/SV,"VENTE DE PRODUITS PETROLIERS :AFFAIRE GROUPEMENT PROFESSIONNEL DE L'INDUSTRIE PETROLIER (GPP) ,1993-1994","AFFAIRE, GROUPEMENT PROFESSIONNEL, INDUSTRIE PETROLIER, GPP ANA. DIPLOM. : (COMPTE RENDU DE REUNION, CORRESPONDANCE, SITUATION DE FACTURE, FICHE D'ACCOMPAGNEMENT DU COURRIER, BOREREAU D'ENVOI)",2020
0479/SV,"VENTE DE PRODUITS PETROLIERS :SAISIE DE PRODUITS PAR LA GENDARMERIE DE DORI,1992","SAISIE, PRODUIT, GENDARMERIE, DORI ANA. DIPLOM. : (PROCES VERBAL D'ANALYSE, CORRESPONDANCE, PROCES VERBAL DE RENSEIGNEMENT)",2020
0480/SV,"VENTE DE PRODUITS PETROLIERS : FACTURATION ,TOTAL BURKINA,BURKINA ET SHELL,MOBIL OIL BURKINA,STD,TANGUI,SODIGAZ,1995-1996","FACTURATION, TOTAL BURKINA, SHELL, MOBIL OIL, STD, TANGUI, SODIGAZ ANA. DIPLOM. : (FACTRE, BORDEREAU D'ENVOI, CORRESPONDANCE, FICCHE DE SORTIE, RECAPITULATIF DE SORTIE, BON DE RECEPTION, CONCIRDANE DE VENTE)",2020
0481/SV,"VENTE DE PRODUITS PETROLIERS :BUDGET PUBLICITAIRE,1992","BUDGET, PUBLICITE ANA. DIPLOM. : (CORRESPONDANCE, BUDGET, MEMORANDUM, REALISATION DE BUDGET, FACTURE)",2020
0482/SV,"VENTE DE PRODUITS PETROLIERS : DEMANDE DE REGLEMENT DE SOLDE : DIASSA CONFECTION,DISA ZOUNGRANA BEN IDRISSA ,DJRE DECOR, 1992-1993","REGLEMENT, SOLDE, DIASSA CONFECTION, DISA, ZOUNGRANA BEN IDRISSA, DJIRE DECOR ANA. DIPLOM. : (BON DDE COMMANDE, FACTURE, BORDEREAU DE LIVRAISON, COMMANDE, CORRESPONDANCE)",2020
0483/SV,"VENTE DE PRODUITS PETROLIERS :PUBLICITE ET DIVERS ,1992","PUBLICITE, DIVERS ANA. DIPLOM. : (FACTURE, CORESPONDANCE, COMMANDE, BON DE COMMANDE, BORDEREAU DE LIVRAISON, LETTRE DE COMMANDE)",2020
0484/SV,"VENTE DE PRODUIT PETROLIERS:PUBLICITE :TROPICOM,CREA PUB,GIB,MATAN,ZAMA PUB,EXIMPORT,DER ,1992-1993","PUBLICITE, TROPICOM, CREA PUB, GIB, MATAN, ZAMA PUB, EXIMPORT, DER ANA. DIPLOM. : (FACTURE, BON DE COMMANDE, CORRESPONDANCE, COMMANDE, RELEVE DE FACTURE D'ACCOMPTE, BUDGET PUBLICITAIRE, BORDEREAU DE LIVRAISON, DEVIS, BON DE LIVRAISON)",2020
0608/ST,"TRANSPOT DES PRODUITS PETROLIERS :SUSPENSION DES OPERATIONS DE CHANGEMENT,1994-1995","SUSPENION, OPERATION, CHARGEMENT GESTOCI ANA. DIPLOM. : (RECOMMANDEMENT, CORRESPONDANCE, BORDEREAU D'ENVOI)",2020
0609/ST,"TRANSPORT DES PROUITS PETROLIERS :ETAS D'ENLEVEMENT DE STSL,JET A1,1990-1992","ETAT, ENLEVEMENT, STSL, JET A1 ANA. DIPLOM. : (RECAPITULATIF)",2020
0610/ST,"TRANSPORT DES PRODUITS PETROLIERS :APPROVIONNEMENT DU BURKINA FASO EN PRODUITS PETROLIERS VIA LA VOIE FERREE,1980-1981,1985,1991-1992,1994-1995","APPROVISIONNEMENT, BURKINA FASO, PRODUIT PETROLIER, VOIE FERREE ANA. DIPLOM. : (COMPTE RENDU, CORRESPONDANCE, BORDEREAU D'ENVOIE, SIYUATION DE L'EXCECUTION DU PLANNING DE LA RAN, RAPPORT D'ANALYSE, NOTE DE DOSSIER, COMPTE RENDU D'AUDIENCE, PROCES VERBALE DE REBCONTRE, RELEVE DES TITRES)",2020
0611/ST,"TRANSPORT DES PRODUITS PETROLIERS :TRANSPORT DES PRODUIT PETROLIERS PAR VOIE FERROVIAIRES,1993-1994","TRANSPORT, PRODUIT PETROLIER, VOIE FERROVIAIRE, ABIDJAN, BINGO, BOBO, SONACOP ANA. DIPLOM. : (CORRESPONDANCE, PROCES VERBAL DE REUNION, NOTE CIRCULAIRE , EXECUTION DE PLANNING, COMPTE RENDU DE REUNION)",2020
0612/ST,"TRANSPORT DES PRDUITS PETROLIERS : ACQUISITION DE 45 WAGONS CITERNES POUR TRANSPORT D'HYDROCARBURES ,1987-1992,1994-1995","ACQUISITION, WAGON CITERNE, TRANSPORT, HYDROCARBURE, CATCI ANA. DIPLOM. : (PROCES VERBALE,  ETAT DES MARCHE, CORRESPONDANCE, NOTE SUR LE PROJET, APPEL D'OFFRE, MEMORANDUM)",2020
0613/ST,"TRANSPORT DES PRODUIT PETROLIERS :PROMOTION DE LA VOIE GHANEEN ,1990-1993","PROMOTION , VOIE GHANEEN ANA. DIPLOM. : (CORRESPONADNCE)",2020
0614/ST,"TRANSPORT DES PRODUITS PETROLIERS :LOCATION DE WAGON CITERNE CATCI,FERTIKEN,1991-1994","LOCATION, WAGON CITERNE, CATCI, FERTIKEN ANA. DIPLOM. : (CORRESPONDANCE, FACTURE, COMPTE RENDU DE REUNION, RELEVE DE KILOMETRAGE, ETAT COMPARATIF)",2020
0615/ST,"TRANSPORT DES PRODUIT PETROLIERS : TRANSIT ROUTIER DES MARCHANDISES,1992,1994-1995","TRANSIT ROUTIER, MARCHANDISES ANA. DIPLOM. : (BILLETIN STATISTIQUE, CORRESPONDANCE, RAPPORT DE DOUANE)",2020
0616/ST,"TRANSPORT DES PRODUITS PETROLIERS :LISTE DES TRANSPORTEUR DEMANDE PAR LA DGI ,1993-1994","LISTE, TRANSPORTEUR, DGI, DEMANDE ANA. DIPLOM. : (LISTES DES TRANSPORTEURS, CORRESPONDANCE, CHIFFRE D'AFFAIRE)",2020
0617/ST,"TRANSPORT DE PRODUITS PETROLIERS :FICHES DES TRANSPORTEURS DE A A Z ,1990-1996","FICHE, TRANSPORTEUR ANA. DIPLOM. : (FICHE DE TRANSPORTEUR)",2020
0060/SA,"ACHAT DE PRODUITS PETROLIERS: LIVRAISON DE PRODUITS PETROLIERS POUR LE BURKINA FASO, 1990-1991","PRODUIT PETROLIER, MARCHE INTERNATIONAL, SONABHY ANA. DIPLOM. : (CONTRAT)",1990-1991 3 PIECES
0061/SA,"ACHAT DE PRODUITS PETROLIERS: MARCHE SUR APPEL D'OFFRE POUR LA FOURNITURE DE CARBURANT, 1974-1982","APPEL D'OFFRE, FOURNITURE, CARBURANT, MARCHE ANA. DIPLOM. : (APPEL D'OFFRE )",1974-1982 2 PIECES
0062/SA,"ACHAT DE PRODUITS PETROLIERS: APPEL D'OFFRES POUR LA FOURNITURE DE CARBURANT ET LUBRIFIANT, 1986","FOURNITURE DE CARBURANT, LUBRIFIANT, APPEL D'OFFRE ANA. DIPLOM. : (COMPTE RENDU)",1986 2 PIECES
0063/SA,"ACHAT DE PRODUIT PETROLIER: APPEL D'OFFRE INTERNATIONAL, 1992","APPEL D'OFFRE,  SONABHY, DEPOUILLEMENT DES OFFRES ANA. DIPLOM. : (CORRESPONDANCE)",1992 5 PIECES
0064/SA,"ACHAT DE PRODUIT PETROLIER: ENTREE SUR LE MARCHE DE L'AVIATION AU BURKINA FASO, 1990-1993","MARCHE, AVIATION, BURKINA FASO ANA. DIPLOM. : (CORRESPONDANCE)",1990-1993 19 PIECES
0065/SA,"ACHAT DE PRODUIT PETROLIER: APPEL D'OFFRE POUR LA FOURNITURE DE 15000TM DE PRODUITS PETROLIERS,1994","APPEL D'OFFRE, FOURNITURE, PRODUITS PETROLIERS ANA. DIPLOM. : (COMPTE RENDU)",1994 8 PIECES
0066/SA,"ACHAT DE PRODUIT PETROLIER: CONSULTATION RESTREINTE POUR LA FOURNITURE 3000TM DE GASOIL , 1993-1994","CONSULTATION RESTREINTE, GASOIL, FOURNITURE, LOME ANA. DIPLOM. : (COMPTE RENDU DE REUNION, CORRESPONDANCE, PROCES VERBAL)",1993-1994 5 PIECES
0067/SA,"ACHAT DE PRODUIT PETROLIER: APPROVISIONNEMENT LONG TERME: TOTAL, 1990-1991","APPROVISIONNEMENT LONG TERME, TOTAL ANA. DIPLOM. : (CORRESPONDANCE)",1990-1991 2 PIECES
0068/SA,"DIRECTION COMMERCIALE ACHAT DE PRODUIT PETROLIER: LITIGE SUR LIVRAISON DE FUEL OIL DE MAUVAISE QUALITE, 1990","LIVRAISON DE FUEL, OIL ANA. DIPLOM. : (CORRESPONDANCE, COMPTE RENDU)",1990 4 PIECES
0069/SA,"ACHAT DE PRODUIT PETROLIER: OPERATION SITCO, 1985-1986","SITCO, OPERATION, SONABHY ANA. DIPLOM. : (PROTOCOLE D'ACCORD)",1985-1986 13 PIECES
0070/SA,"ACHAT DE PRODUITS PETROLIER: APPEL D'OFFRE INTERNATIONAL POUR LA FOURNITURE DE 20000TM DE PRODUITS PETROLIER , 1991-1992","APPEL D'OFFRE, FOURNITURE, PRODUITS PETROLIERS ANA. DIPLOM. : (CORRESPONDANCE,  PROCES VERBAL)",1991-1992 4 PIECES
0071/SA,"ACHAT DE PRODUIT PETROLIER: OPERATION PETROBRAS, 1986","PETROBRAS, SITUATION FINANCIERE ANA. DIPLOM. : (COMPTE RENDU)",1986 1 PIECE
0072/SA,"ACHAT DE PRODUIT PETROLIER: CONSULTATION RESTREINTE DE 2700TM DE GASOIL, 1992","CONSULTATION RESTREINTE, GASOIL, LOME ANA. DIPLOM. : (CORRESPONDANCE)",1992 1 PIECE
0073/SA,"ACHAT DE PRODUIT PETROLIER: ACHAT SE 1668517TM  DE GASOIL, 1997","GASOIL, SONABHY, TOGO ANA. DIPLOM. : (FACTURE)",1997 3 PIECES
0074/SA,ACHAT DE PRODUITS PETROLIERS : APPROVISIONNEMENT EN LUBRIFIANT ET PRODUITS AVIATION PAR LA SONABHY 1987-1992,"LUBRIFIANT, PRODUIT PETROLIER, IMPORTATION, AVIATION ANA. DIPLOM. : (CORRESPONDANCE, COMPTE RENDU)",1987-1992
