ref,date,cote,titre,contenu,observations
0001,,,,,
0002,"2000,",0002/DG,CONSEIL D'ADMINISTRATION ORDINAIRE DE LA SONABHY PORTANT EXAMEN DES COMPTES DE L'EXERCICE 1999,"Proces verbal du CAO, rapport d'activité, bilan, rapport de gestion, commissaire aux comptes, assemblée générale, compte.",DG.
0003,"1992,",0003/DG,CONTRAT D'INGENIERIE ENTRE SONABHY ET TOTAL OUTRE-MER,Extension des installations de stockage de gaz de pétrole liquéfié de BINGO.,DG.
0004,"1986,",0004/DG,<TELEX DEPART>,,DG
0005,"1986,",0005/DG,TELEX DEPART,,DG
0006,"1988,",0006/DG,<TELEX DEPART>,,DG
0007,"1989,",0007/DG,<TELEX ARRIVEE> I,,DG
0008,"1989,",0008/DG,<TELEX ARRIVEE> II,,DG
0009,"1987,",0009/DG,<COURRIER DEPART>,,DG
0010,"1987-1988,",0010/DG,<COURRIER DEPART>,,DG
0011,"1988,",0011/DG,<COURRIER DEPART>,,DG
0012,"1988-1989,",0012/DG,<COURRIER DEPART>,,DG
0013,"1986,",0013/DG,<COURRIER ARRIVEE>,,DG
0014,"1986-1988,",0014/DG,<COURRIER ARRIVEE>,,DG
0015,"1987,",0015/DG,<COURRIER ARRIVEE>,,DG
0016,"1987,",0016/DG,<COURRIER DEPART>,,DG
0017,"1989-1990,",0017/DG,<COURRIER ARRIVEE>,,DG
0018,"1986-1998,",0018/DG,TEXTES LEGISLATIFS,"DECRET, ARRETE, ORDONNANCE.",DG.
0019,"1991-1998,",0019/DG,<FAX> ET <TELEX> DIVERS,,DG
0020,"1998-1999,",0020/DG,<FICHES TELEPHONIQUES>,,DG
0021,"1997-1998,",0021/DG,<ORDRES DE MISSION>,,DG
0022,"1998,",0022/DG,<COURRIER DEPART>,,DG
0023,,0023/DG,"<COMPTES RENDUS> DE REUNION, <RAPPORTS>",,DG
0024,"17-12-1991,",0001/CA,CONSEIL D'ADMINISTRATION DU SIR,,CA
0025,"24/26-02-9,",0002/CA,CONSEIL D'ADMINISTRATION A L'ASSEMBLEE GENERALE ORDINAIRE A YAMOUSSOKRO DU SIR,,CA
0026,"07-06-1990,",0003/CA,CONSEIL D'ADMINISTRATION DE LA SONABHY,,CA
0027,"29-11-1990,",0004/CA,CONSEIL D'ADMINISTRATION DE LA SONABHY,,CA
0028,"12-07-1991,",0005/CA,CONSEIL D'ADMINISTRATION DE LA SONABHY,,CA
0029,"26-07-1991,",0006/CA,CONSEIL D'ADMINISTRATION DE LA SONABHY,,CA
0030,"21-08-1991,",0007/CA,CONSEIL D'ADMINISTRATION ORDINAIRE DE LA SONABHY,,CA
0031,"27-02-1992,",0008/CA,CONSEIL D'ADMINISTRATION DE LA SONABHY,,CA
0032,"03-12-1992,",0009/CA,CONSEIL D'ADMINISTRATION DE LA SONABHY,,CA
0033,"28-12-1995,",0010/CA,CONSEIL D'ADMINISTRATION ORDINAIRE DE LA SONABHY,,CA
0034,"14-06-1996,",0011/CA,CONSEIL D'ADMINISTRATION DE LA SONABHY,,CA
0035,"14-01-1997,",0012/CA,CONSEIL D'ADMINISTRATION DE LA SONABHY,,CA
0036,"08-06-1998,",0013/CA,CONSEIL D'ADMINISTRATION ORDINAIRE DE LA SONABHY,,CA
0037,"15-01-1998,",0014/CA,CONSEIL D'ADMINISTRATION DE LA SONABHY,,CA
0038,"20-01-1999,",0015/CA,CONSEIL D'ADMINISTRATION DE LA SONABHY,,CA
0039,"06-07-1999,",0016/CA,CONSEIL D'ADMINISTRATION DE LA SONABHY,,CA
0040,"12-02-2001,",0017/CA,CONSEIL D'ADMINISTRATION EXTRAORDINAIRE DE LA SONABHY,,CA
0041,"16-01-2001,",0018/CA,CONSEIL D'ADMINISTRATION DE LA SONABHY,,CA
0042,"27-05-97,",0019/CA,CONSEIL D'ADMINISTRATION : SONABHY,"BILAN, RAPPORT DU DG AU CA, RAPPORT DU CA AU AGO, PROJET DE RESOLUTION.",CA.
0043,"1994,",0024/DG,2E SESSION DE L'ASSEMBLEE GENERALE DES SOCIETES D'ETAT : 24-29 JANVIER 1994,RAPPORTS D'ACTIVITES BILAN DOCUMENT DIVERS.,DG.
0044,"1997,",0025/DG,5E SESSION DE L'<ASSEMBLEE GENERALE> DES <SOCIETES D'ETAT> : 29-31 JUILLET 1997,RAPPORTS D'ACTIVITES RAPPORT FINAL CORRESPONDANCE.,DG.
0045,"1999,",0026/DG,7E SESSION DE L'<ASSEMBLEE GENERALE> DES <SOCIETES D'ETAT> : 28 JUIN -1ER JUILLET 1999,RAPPORT DU SECRETARIAT CORRESPONDANCE.,DG.
0046,"1997,",0027/DG,DOSSIER <BID> ET <ATECAS>,CONTRAT CORRESPONDANCE.,DG.
0047,"1995-1996,",0028/DG,"DOSSIER DIVERS : DOUANE, SOTHY, BRUT LIBYEN, MISSION BENIN, INSTANCES","DOUANE, SOTHY, BRUT LIBYEN, MISSION BENIN. ANA. DIPLOM  : (CONTRAT, CORRESPONDANCE)",DG.
0048,"1998,",0029/DG,DOSSIER DIVERS : INFORMATIQUE AUDIT .AG-SE,"CORRESPONDANCE, MEMORANDUM, RESOLUTION, INFORMATIQUE, AUDIT.",DG.
0049,"1998-1999,",0030/DG,DOSSIER DIVERS,"RAPPORT D'ACTIVITE, RAPPORT DU COMMISSAIRE AUX COMPTES, BILAN,  STATUT DU PERSONNEL, REGLEMENT INTERIEUR, CONTRAT,  NOTE, COMMENTAIRES.",DG.
0050,"JANVIER-JUIN 1998,",0185/CR,TELEX DEPART,N°1 - 113.,CR.
0051,"MAI-JUILLET 1998,",0186/CR,TELEX DEPART,N°114-153.,CR.
0052,"JANVIER-SEPTEMBRE 1998,",0187/CR,TELEX ARRIVEE,N°1 - 60.,CR.
0053,"NOVEMBRE-DECEMBRE 1998,",0188/CR,FAX DEPART,N°345 - 448.,CR.
0054,"1998,",0189/CR,FAX DEPART DIVERS,,CR
0055,"JANVIER-FEVRIER 1998,",0190/CR,FAX ARRIVEE,N° 1 - 175.,CR.
0056,"OCTOBRE-DECEMBRE 1998,",0191/CR,FAX ARRIVEE,N° 981 - 1094.,CR.
0057,"NOVEMBRE 1998,",0192/CR,FAX ARRIVEE,N°1095 - 1131.,CR.
0058,"1998,",0193/CR,FAX ARRIVEE,,CR
0059,"JANVIER-JUIN 1999,",0194/CR,TELEX DEPART,N° 1 -113.,CR.
0060,"JUIN-DECEMBRE 1999,",0195/CR,TELEX DEPART,N°114 - 213.,CR.
0061,"FEVRIER-DECEMBRE 1999,",0196/CR,TELEX ARRIVEE,N° 1 - 40.,CR.
0062,"JANVIER-AVRIL 1999,",0197/CR,FAX DEPART,N° 1 - 128.,CR.
0063,"AVRIL-SEPTEMBRE 1999,",0198/CR,FAX DEPART,N°130 - 333.,CR.
0064,"SEPTEMBRE-DECEMBRE 1999,",0199/CR,FAX DEPART,N°334 - 478.,CR.
0065,"JANVIER-FEVRIER 1999,",0200/CR,FAX ARRIVEE,N°1 - 148.,CR.
0066,"FEVRIER-AVRIL 1999,",0201/CR,FAX ARRIVEE,N° 149 - 304.,CR.
0067,"AVRIL-MAI 1999,",0202/CR,FAX ARRIVEE,N°305 - 461.,CR.
0068,"MAI-JUIN 1999,",0203/CR,FAX ARRIVEE,N°462 - 647.,CR.
0069,"JUIN-AOUT 1999,",0204/CR,FAX ARRIVEE,N°648 - 890.,CR.
0070,"AOUT-OCTOBRE 1999,",0205/CR,FAX ARRIVEE,N° 891 - 1120.,CR.
0071,"OCTOBRE-DECEMBRE 1999,",0206/CR,FAX ARRIVEE,N° 1121 - 1330.,CR.
0072,"DECEMBRE 1999,",0207/CR,FAX ARRIVEE,N° 1331 - 1359.,CR.
0073,"MAI-AOUT 2000,",0208/CR,FAX DEPART,N° 193 - 312.,CR.
0074,"DECEMBRE 1999 - FEVRIER 2000,",0209/CR,FAX ARRIVEE,N° 1 - 230.,CR.
0075,"FEVRIER-AVRIL 2000,",0210/CR,FAX ARRIVEE,N°231 - 430.,CR.
0076,"JUIN-AOUT 2000,",0211/CR,FAX ARRIVEE,N°640 - 809.,CR.
0077,"1996-1999,",0212/CR,RAPPORTS DE MISSION,,CR
0078,"2000,",0213/CR,SERVICE TELEX : DIVERS,"PROGRAMME DE STAGE, LETTRE, NOTE DE SERVICE, DECISION, ORDRE DE VIREMENT.",CR.
0079,"2000,",0020/CA,DOSSIER DU CONSEIL D'ADMINISTRATION ORDINAIRE DU 23 MAI 2001 SUR LES COMPTES DE L'ANNEE 2000,"LETTRES, PROJET DU PROCES VERBAL, RAPPORT D'ACTIVITES, BILAN, RAPPORT DE GESTION,  PROJET DE RESOLUTION.",DG.
0080,"1992-2000,",0031/DG,DOSSIERS DIR,RESSOURCES HUMAINES.,DG.
0081,"1992-1999,",0032/DG,DOSSIERS DIR,COMPTES RENDUS DE MISSIONS.,DG.
0082,"1994-1999,",0033/DG,DOSSIERS DIR,"SIMGAZ, GHANA/BURKINA, ADDAX, SIR, TRIPOLI, ORYX BENIN.",DG.
0083,"1982-1999,",0034/DG,DOSSIERS DIR,"CONTRAT, CONVENTION, PLAN.",DG.
0084,"1982-1999,",0035/DG,DOSSIERS DIR,"CASEM, SEMINAIRES, ATELIERS, CONFERENCES.",DG.
0085,"1994-1996,",0036/DG,DOSSIERS DIR,INFORMATIQUE.,DG.
0086,"1993-2000,",0037/DG,DOSSIERS DIR,"EXTENSION DEPOTS, AUTRES CONSTRUCTIONS.",DG.
0087,"1990-2000,",0038/DG,DOSSIERS DIR,PRODUITS PETROLIERS.,DG.
0088,"1995-2000,",0039/DG,DOSSIERS DIR,DIVERS.,DG.
0089,"1985-2000,",0040/DG,DOSSIERS DIR,DIVERS.,DG.
0090,"1987-2000,",0041/DG,DOSSIERS DIR,"COMPTE RENDU, PROCES VERBAL.",DG.
0091,"1993-2000,",0042/DG,DOSSIERS DIR,"BUDGET, TRESORERIE.",DG.
0092,"1999-2001,",0043//DG,DOSSIERS DIR,"DISCOURS, ALLOCUTIONS.",DG.
0093,"1986-2000,",0044/DG,DOSSIERS DIR,"RAPPORTS D'AUDITS, CONTROLE INTERNE.",DG.
0094,"1995-1998,",0045/DG,DOSSIERS DIR,"RAPPORTS D'EXECUTION BUDGETAIRE, COMMISSAIRE AUX COMPTES.",DG.
0095,"1991-2000,",0046/DG,DOSSIERS DIR,"BUDGET, RAPPORTS D'ACTIVITES.",DG.
0096,"1994-1999,",0047/DG,DOSSIERS DIR,"STATISTIQUES, AG SOCIETES D'ETAT.",DG.
0097,"1994-1997,",0048/DG,DOSSIERS DIR,BILAN.,DG.
0098,"1995-2000,",0049/DG,DOSSIERS DIR,RAPPORTS DIVERS.,DG.
0099,"29-31 JUILLET 1998,",0050/DG,6EME SESSION DE L'ASSEMBLEE GENERALE DES SOCIETES D'ETAT A OUAGA,,DG
0100,"28 JUIN - 1ER JUILLET 1999,",0051/DG,7EME SESSION DE L'ASSEMBLEE GENERALE DES SOCIETES D'ETAT,,DG
0101,"26-29 JUIN 2000,",0052/DG,SESSION DE L'ASSEMBLEE GENERALE DES SOCIETES D'ETAT,,DG
0102,"21-24 NOVEMBRE 1995,",0053/DG,3EME ASSEMBLEE GENERALE DES SOCIETES D'ETAT,,DG
0103,"29-31 JUILLET 1997,",0054/DG,5EME ASSEMBLEE GENERALE DES SOCIETES D'ETAT,,DG
0104,"1996,",0055/DG,BILAN ET RAPPORT D'ACTIVITES,,DG
0105,"1999-2000,",0056/DG,DIVERS DOSSIERS,"STRUCTURE DE PRIX, TRESORERIE, ORYX BENIN.",DG.
0106,"1998-1999,",0057/DG,"DOCUMENTS SPECIAUX : STD SODIGAZ, SOTHY, ORYX BENIN",,DG
0107,"1999,",0058/DG,SEMINAIRE SUR LA COMPETITIVITE ET LES SOURCES DE CROISSANCE ECONOMIQUE,,DG
0108,"09 JUIN 1995,",0021/CA,CONSEIL D'ADMINISTRATION ORDINAIRE SONABHY,"CORRESPONDANCE, RAPPORTS, ETATS, PROJETS DE RESOLUTION.",DG.
1997,"31 DECEMBRE 1996,",0022/CA,CONSEIL D'ADMINISTRATION PORTANT EXAMEN DU BUDGET,"GRILLE SALARIALE, NOTE, DECRET, LETTRE, BUDGET, PROCES VERBAL.",DG.
0110,,0023/CA,CONSEIL D'ADMINISTRATION PORTANT EXAMEN DU BUDGET1998 SONABHY,"LETTRE, NOTE, PROCES VERBAL, BUDGET, PLAN SYSCOA.",DG.
0111,"28 JUIN 1999,",0024/CA,CONSEIL D'ADMINISTRATION PORTANT EXAMEN ET ADOPTION DES COMPTES DE L'EXERCICE CLOS AU 31/12/98,"NOTE, BILAN, RAPPORT, LETTRE.",DG.
0112,"30 DECEMBRE 1999,",0025/CA,CONSEIL D'ADMINISTRATION ORDINAIRE SUR LE BUDGET DE L'AN 2000,"RAPPOTS, PROCES VERBAUX, PROJET D'EXTENSION, BUDGET, OHADA.",DG.
0113,"13 JUIN 2000,",0026/CA,CONSEIL D'ADMINISTRATION ORDINAIRE PORTANT EXAMEN DES COMPTES DE L'EXERCICE 1999 SONABHY,"NOTE, BILAN, RAPPORT, LETTRE, PROCES VERBAL.",DG.
0114,"16 JANVIER 1996,",0027/CA,CONSEIL D'ADMINISTRATION DE LA SIR,"RAPPORT, LETTRE, BILAN.",DG.
0115,"22 FEVRIER 1996,",0028/CA,ASSEMBLEE GENERALE ORDINAIRE DE LA SIR,"LETTRES, RAPPORTS, PLANS.",DG.
0116,"18 SEPTEMBRE 1996,",0029/CA,CONSEIL D'ADMINISTRATION DE LA SIR,"LETTRES, ANALYSE, RAPPORT D'AUDIT.",DG.
0117,"16 JANVIER 1997,",0030/CA,CONSEIL D'ADMINISTRATION DE LA SIR,"COMPTE RENDU, BILAN, PROCES VERBAL.",DG.
0118,"20 FEVRIER 1997,",0031/CA,CONSEIL D'ADMINISTRATION DE LA SIR,"RAPPORT, LETTRE, BILAN.",DG.
0119,"10 JUILLET 1997,",0032/CA,CONSEIL D'ADMINISTRATION DE LA SIR  A PARIS,"LETTRE, NOTE, BUDGET, RAPPORT.",DG.
0120,"30 AVRIL 1998,",0033/CA,CONSEIL D'ADMINISTRATION DE LA SIR A ABIDJAN,"LETTRE, IIAO, PLAN, BILAN, NOTE, PROCES VERBAL, RAPPORT.",DG.
0121,"26 NOVEMBRE 1998,",0034/CA,CONSEIL D'ADMINISTRATION DE LA SIR A PARIS,"BUDGET, LETTRES, RAPPORTS, PROCES VERBAUX.",DG.
0122,"23 FEVRIER 1999,",0035/CA,COMITE FINANCIER DE LA SIR,"LETTRES, PLAN STRATEGIQUE.",DG.
0123,"23 FEVRIER 1999,",0036/CA,COMITE FINANCIER DE LA SIR,"LETTRE, BILAN, PLAN STRATEGIQUE.",DG.
0124,"27 AVRIL 1999,",0037/CA,CONSEIL D'ADMINISTRATION DE LA SIR,"LETTRE, RAPPORT, PLAN STRATEGIQUE, BILAN, PROCES VERBAL.",DG.
0125,"18 JUIN 1999,",0038/CA,ASSEMBLE GENERALE MIXTE DE LA SIR A ABIDJAN,"RAPPORTS, LETTRES.",DG.
0126,"1er DECEMBRE 1999,",0039/CA,CONSEIL D'ADMINITRATION DE LA SIR A PARIS,"PROCES VERBAUX, BUDGET, LETTRES, CONVENTION, PROTOCOLE, ORDRE DE MISSION.",DG.
0127,"15 MARS 2000,",0040/CA,CONSEIL D'ADMINISTRATION EXTRAORDINAIRE DE LA SIR,CONTRAT DE VENTE ENTRE SIR ET SONABHY.,DG.
0128,"27 MARS 2000,",0041/CA,CONSEIL D'ADMINISTRATION EXTRAORDINAIRE DE LA SIR,"LETTRES, CONVENTION.",DG.
0129,,0042/CA,CONSEIL D'ADMINISTRATION DE LA SIR,"LETTRE, RAPPORT, BILAN, PROCES VERBAL.",DG.
0130,"20 JUIN 2000,",0043/CA,CONSEIL D'ADMINISTRATION ET ASSEMBLEE GENERALE ORDINAIRE,"BILAN, CV, RAPPORT, LETTRE.",DG.
0131,"14 DECEMBRE 2000,",0044/CA,CONSEIL D'ADMINISTRATION DE LA SIR,"BUDGET, LETTRES, PROCES VERBAUX.",DG.
0132,"1992-2000,",0059/DG,DOSSIER DIR,"COURRIER INTERNE, COURRIER EXTERNE.",DG.
0133,"4-7 JUILLET 2001,",0060/DG,ASSEMBLE GENERALE DES SOCIETES D'ETAT : SESSION IX,"LETTRES, RAPPORT DU SECRETARIAT.",DG.
0134,"1983-1989,",0001/SG,STRUCTURES DES PRIX DES HYDROCARBURES : ARRETES MINISTERIELS,,SG
0135,"1984-1994,",0002/SG,COMPTES RENDUS ET PROCES VERBAUX,,SG
0136,"1991,",0003/SG,COURRIER ARRIVEE N°1,,SG
0137,"1991,",0004/SG,COURRIER ARRIVEE N°2,,SG
0138,"1992,",0005/SG,COURRIER ARRIVEE N°1,,SG
0139,"1992,",0006/SG,COURRIER ARRIVEE N°2,,SG
0140,"1993,",0007/SG,COURRIER ARRIVEE N°1,,SG
0141,"1993,",0008/SG,COURRIER ARRIVEE N°2,,SG
0142,"1989-1990,",0009/SG,ORDRES DE SERVICE,,SG
0143,"1989,",0010/SG,COURRIER DEPART,N° 1 - 200.,SG.
0144,"1990,",0011/SG,COURRIER DEPART,N°201 - 243.,SG.
0145,"1990-1991,",0012/SG,COURRIER DEPART,N°144 - 515.,SG.
0146,"1991,",0013/SG,COURRIER DEPART,N°516 - 798.,SG.
0147,"1992,",0014/SG,COURRIER DEPART,N°001 - 299.,SG.
0148,"1992,",0015/SG,COURRIER DEPART,N°300 - 627.,SG.
0149,"1993,",0016/SG,COURRIER DEPART,N°1 - 300.,SG.
0150,"1993,",0017/SG,COURRIER DEPART,N°301 - 600.,SG.
0151,"1993-1994,",0018/SG,COURRIER DEPART,"N°601 - 668, N°001 - 200.",SG.
0152,"1994,",0019/SG,COURRIER DEPART,N°201 - 340.,SG.
0153,"1994,",0020/SG,COURRIER DEPART,N°341 - 440.,SG.
0154,"1994,",0021/SG,COURRIER DEPART,N°441 - 615.,SG.
0155,"1994,",0022/SG,COURRIER DEPART,N°616 - 808.,SG.
0156,"1995,",0023/SG,COURRIER DEPART,N°001 - 210.,SG.
0157,"1995,",0024/SG,COURRIER DEPART,N° 211 - 440.,SG.
0158,"1995,",0025/SG,COURRIER DEPART,N°441 - 600.,SG.
0159,"1995,",0026/SG,COURRIER DEPART,N°601 - 750.,SG.
0160,"1995-1996,",0027/SG,COURRIER DEPART,"N°751 - 779, N°001 - 120.",SG.
0161,"1996,",0028/SG,COURRIER DEPART,N°121 - 335.,SG.
0162,"1996,",0029/SG,COURRIER DEPART,N°336 - 454.,SG.
0163,"1996,",0030/SG,COURRIER DEPART,N°455 - 602.,SG.
0164,"1997,",0031/SG,COURRIER DEPART,N°001 - 138.,SG.
0165,"1997,",0032/SG,COURRIER DEPART,N°139 - 320.,SG.
0166,"1997,",0033/SG,COURRIER DEPART,N°321 - 500.,SG.
0167,"1997,",0034/SG,COURRIER DEPART,N°501 - 643.,SG.
0168,"1997-1998,",0035/SG,COURRIER DEPART,N°644 - 084.,SG.
0169,"1998,",0036/SG,COURRIER DEPART,N°085 - 251.,SG.
0170,"1998,",0037/SG,COURRIER DEPART,N°252 - 406.,SG.
0171,"1998,",0038/SG,COURRIER DEPART,N°407 - 586.,SG.
0172,"1998,",0039/SG,COURRIER DEPART,N°587 - 700.,SG.
0173,"1998,",0040/SG,COURRIER DEPART,N°701 - 814.,SG.
0174,"1998-1999,",0041/SG,COURRIER DEPART,N°815 - 110.,SG.
0175,"1999,",0042/SG,COURRIER DEPART,N°111 - 252.,SG.
0176,"1999,",0043/SG,COURRIER DEPART,N°253 - 369.,SG.
0177,"1999,",0044/SG,COURRIER DEPART,N°370 - 502.,SG.
0178,"1999,",0045/SG,COURRIER DEPART,N°503 - 613.,SG.
0179,"1999,",0046/SG,COURRIER DEPART,N°614 - 762.,SG.
0180,"1999,",0047/SG,COURRIER DEPART,N°763 - 882.,SG.
0181,"1998,",0048/SG,PIECEJ JOINTES DES LETTRES,"N°98/458, N°98/415,416,417, N°98/386, N°98/312, N°98/196, N°98/125, N°98/605.",SG.
0182,"1999,",0049/SG,PIECES JOINTES DES LETTRES,"N°99/747, N°99/117, N°99/181, N°99/213.",SG.
0183,"14 JUIN 1996 - 31 DECEMBRE 1996,",0050/SG,CONSEIL D'ADMINISTRATION DE LA SONABHY,"RAPPORT COMMISSAIRE AUX COMPTES, BILAN, RAPPORT D'ACTIVITE, PROJET DE RESOLUTION, ETAT FINANCIER, PROCES VERBAL, LETTRE, PROJET DE BUDGET.",SG.
0184,"27 MAI 1997,",0051/SG,CONSEIL D'ADMINISTRATION DE LA SONABHY PORTANT EXAMEN DU BILAN ARRETE AU 31-12-96,"BILAN, RAPPORT DU DG AU CA, RAPPORT DU CA A L'AG, PROJET DE RESOLUTION, COMMISSAIRE AUX COMPTES.",SG.
0185,"15 JANVIER 1998,",0052/SG,CONSEIL D'ADMINISTRATION DE LA SONABHY PORTANT EXAMEN ET ADOPTION DU BUDGET 1998,"CORRESPONDANCE,  STATUT, BUDGET, PROCES VERBAL, PLAN SYSCOA.",SG.
0186,"08 JUIN 1998,",0053/SG,CONSEIL D'ADMINISTRATION DE LA SONABHY PORTANT EXAMEN ET ADOPTION DES COMPTES DE 1997,"LETTRE, RAPPORT D'ACTIVITE, COMMISSAIRE AUX COMPTES, RAPPORT DE LA DG AU CA, RAPPORT DU CA A L'AG/SE, PV, BILAN, PROJET DE RESOLUTION, RAPPORT DE PRESENTATION.",SG.
0187,"28 JUIN 1999,",0054/SG,CONSEIL D'ADMINISTRATION DE LA SONABHY PORTANT EXAMEN ET ADOPTION DES COMPTES DE L'EXERCICE CLOS AU 31-12-1998,"LETTRE, BILAN, RAPPORT D'ACTIVITE, RAPPORT DU CA A L'AG/SE, RAPPORT DE LA DG AU CA, PROCES VERBAL, PROJET DE RESOLUTION, COMMISSAIRE AUX COMPTES.",SG.
0188,"06 JUILLET 1999,",0055/SG,CONSEIL D'ADMINISTRATION DE LA SONABHY,"LETTRES, REGLEMENT INTERIEUR, STATUT DU PERSONNEL, OBSA.",SG.
0189,"30 DECEMBRE 1999,",0056/SG,CONSEIL D'ADMINISTRATION SUR LE BUDGET 2000,"LETTRES, PROJET DE PV, PROJET DE BUDGET, SITUATION D'EXECUTION DE BUDGET.",SG.
0190,"13 JUIN 2000,",0057/SG,CONSEIL D'ADMINISTRATION ORDINAIRE DE LA SONABHY PORTANT EXAMEN DES COMPTES 1999,"LETTRE, PROJET DE PV, COMMISSAIRE AUX COMPTES, BILAN, RAPPORT DE LA DG AU CA, RAPPORT DU CA A L'AG/SE, RAPPORT D'ACTIVITE, ETATS FINANCIERS.",SG.
0191,"1994,",0058/SG,COMPLEMENT DE DOSSIER DE L'ASSEMBLEE GENERALE DES SOCIETES D'ETAT,"BILAN, COMPTE DE GESTION, RAPPORT D'ACTIVITE.",SG.
0192,,0059/SG,ASSEMBLEE GENERALE DES SOCIETES D'ETAT DU 12 AU 15 NOVEMBRE : SESSION IV,"CORRESPONDANCE, COMMISSAIRE AUX COMPTES, RAPPORT D'ACTIVITE, RAPPORT DE PRESENTATION, BILAN, RAPPORT DU CA A L'AG/SE.",SG.
0193,"2000,",0060/SG,ASSEMBLEE GENERALE DES SOCIETES D'ETAT DU 26-29 JUIN 2000 : SESSION VIII,"RAPPORT DE LA SESSION VII, RAPPORT DE LA SESSION VIII, ETATS FINANCIERS, COMMISSAIRE AUX COMPTES, BILAN, RAPPORT DU SECRETARIAT, RAPPORT DU CA A L'AG/SE.",SG.
0194,"1989-1992,",0061/SG,REVERSEMENT A L'ETAT,"APPROVISIONNEMENT ARMEE, ETAT DES CREANCES, GAINS IMPORTATION, GAINS CIF, PROJET DE COMPENSATION.",SG.
0195,"1981-2001,",0062/SG,REQUETES D'INFORMATIONS SUR LA SOCIETE,"DOCUMENTS SONABHY, RAPPORT D'ETUDE, DOCUMENTATION.",SG.
0196,"1992-1996,",0063/SG,"DOSSIERS D'APPELS D'OFFRES : CONSTRUCTIONS, PRODUITS PETROLIERS (LOGEMENT DG, BUREAUX BINGO, CREDOC, PRODUITS PETROLIERS)",,SG
0197,"1985-1992,",0064/SG,"DIVERS DOSSIERS : MANUEL DE PROCEDURE, PROJET D'ATTRIBUTION, ORGANIGRAMME",,SG
0198,"1988-1994,",0065/SG,DEPOT BINGO,"ETATS DE RECEPTION, RAPPORT D'INVENTAIRE, ETATS DE SORTIE, FRAIS DE TRANSPORT.",SG.
0199,"1997,",0066/SG,ASSEMBLEE GENERALE DES SOCIETES D'ETAT DU 29 AU 31 JUILLET 1997 : V SESSION,"RAPPORT FINAL, RAPPORT D'ACTIVITE, LETTRES.",SG.
1998,"1998,",0067/SG,ASSEMBLEE GENERALE DES SOCIETES D'ETAT 29-31 JUILLET,"LETTRES, RAPPORT D'ACTIVITE, RAPPORT DE PRESENTATION, BILAN, PROJET DE RESOLUTION, RAPPORT DU CA A L'AG/SE, COMMISSAIRE AUX COMPTES.",SG.
0201,"1990,",0068/SG,D/AFICOM : DIVERS DOSSIERS,"Manuscrit, ordre de mission, correspondance.",SG.
0202,"1989-1993,",0069/SG,PROJETS EXECUTION BUDGET,"Lettres, Situation d'exécution, rapport.",SG.
0203,"1994-2000,",0070/SG,PROJETS EXECUTION BUDGET,"Lettres, situation d'exécution budget.",SG.
0204,"1991-1996,",0071/SG,SITUATION TRESORERIE,"Lettres, situation journalière.",SG.
0205,"1994-1997,",0072/SG,"AUDITS DES COMPTES : ACECA INTERNATIONAL, SECCAPI","Rapports, lettres.",SG.
0206,"1990-1994,",0073/SG,PROJETS RAPPORTS D'ACTIVITE,"Lettres, autres documents.",SG.
0207,,0074/SG,PROJET BID,"lettre, rapport, observation, convention, commentaire.",SG.
0208,"1995-1997,",0075/SG,"MISSIONS SECTEUR PETROLIER : PIPELINE (ACCRA), DEPOT ORYX (COTONOU), MALI, COTE D'IVOIRE","rapports de mission, lettres, documentation.",SG.
0209,"1995-1997,",0076/SG,CASEM/MCIA-B ET 2E CAAP,"Lettres, Rapports, programme.",SG.
0210,"1996-1997,",0077/SG,DOSSIER ATECAS,"Lettres, Contrat, Rapport.",SG.
0211,"1988-2000,",0078/SG,DOSSIER DU PERSONNEL,"Conseil de discipline, Notation, affectation, election des délégués, stage, planning congés, reclassement, prise en charge, statut du personnel, grille salariale.",SG.
0212,"1990-1998,",0079/SG,DOSSIER INFORMATIQUE,"Manuel de formation, SDI, audit informatique, avidor.",SG.
0213,"1997,",0080/SG,MISSION HARARE : CONFERENCE AFRICAN OIL TRADE,"lettres, rapport, documentation.",SG.
0214,"1990-2001,",0081/SG,,"Lettres, certificat, recus de caisse, facture, états de sortie.",SG.
0215,"1994-1998,",0082/SG,"DOSSIER JUDICIAIRE : CREDOC, ASSISTANCE NOTARIAT, SOBBRA, CONTRAT CUISINE, AVIDOR/SONABHY, CONTRAT SIR, CONTRAT PLAN","Correspondance, note, contrat.",SG.
0216,"1986-1998,",0083/SG,"DOSSIERS FINANCES : DOUANE, FRAUDE, SOLDE,STOCK DE SECURITE,ACECA INTERNATIONAL, REGLEMENT  TANTIEMES, CONTROLE DE CAISSE, FACTURES SIR, CAPITAL BIB, CUISINE BINGO","Lettre, tableaux, ordre de virement, rapport, PROCES VERBAL, COMPTE RENDU.",SG.
0217,"1991-1999,",0084/SG,"PRODUITS ET SOCIETES PETROLIERS : MISSION ELF, MISSION ADDAX/AVIDOR,DOSSIER FUEL OIL, DOSSIER JET A1, FRAIS DE PASSAGE, DOSSIER SCFB, DOSSIER CA2M, DOSSIERS MARKETERS, PROJET BOAD, DOSSIER SIR","Lettres, contrat, aide mémoire, PV.",SG.
0218,"1992-1995,",0085/SG,"INFORMATION, COMMUNICATION : JOURNAL SONABHY, INFORMATION INSD","Questionnaire, Lettres.",SG.
0219,"1991-1996,",0086/SG,"DIVERS DOSSIERS : PROJET D'INVESTISSEMENTS PUBLICS, PARC AUTO, NOTES FICHES TECHNIQUES, ASSURANCES, REUNIONS DIRECTIONNELLES, PLANNINGS STAGE","Lettre, Arrêté, compte rendu, Rapport.",SG.
0220,"1996,",0087/SG,COURRIER ARRIVEE,,SG
0221,"JANVIER - AOUT 1997,",0088/SG,COURRIER ARRIVEE,,SG
0222,"NOVEMBRE 1997-JUILLET 1998,",0089/SG,COURRIER ARRIVEE,,SG
0223,"AOUT 1998-NOVEMBRE 1999,",0090/SG,COURRIER ARRIVEE,,SG
0224,"NOVEMBRE 1999 - FEVRIER 2000,",0091/SG,COURRIER ARRIVEE,,SG
0225,"FEVRIER-AOUT 2000,",0092/SG,COURRIER ARRIVEE,,SG
0226,"AOUT 2000 - FEVRIER 2001,",0093/SG,COURRIER ARRIVEE,,SG
0227,"FEVRIER 2001 - MAI 2001,",0094/SG,COURRIER ARRIVEE,,SG
0228,"AVRIL 1996 - SEPTEMBRE 2000,",0095/SG,SITUATION DE TRESORERIE,,SG
0229,"JUIN 1994 - FEVRIER 2000,",0096/SG,,,SG
0230,"1996-1999,",0097/SG,ETATS DE LA DIRECTION TECHNIQUE,"Situation de stock, Etat de sortie, Rapports d'inventaire, Note de service, Compte rendu.",SG.
0231,Mai - Septembre 1999.,0098/SG,DIVERS COURRIERS,"Lettre, fax, compte rendu.",SG.
0232,"18 janvier, 2002.",0045/CA,CONSEIL D'ADMINISTRATION DE LA SONABHY PORTANT EXAMEN ET ADOPTION DU BUDGET 2002,"Lettre de convocation, projet de PV, rapport d'exécution, projet de budget, budget adopté.",Chrono Archives.
0233,1984-1995.,0001/PE,TOTAL TEXACO,"Fax, telex, courrier arrivée, courrier depart.",
0234,1985-1988.,0002/PE,MARKETERS,Telex.,
0235,1985-1995.,0003/PE,BP,"Fax, télex, lettres.",
0236,1985-1996.,0004/PE,BURKINA SHELL,"Telex, lettres.",
0237,1986-1989,0005/PE,DIVERS COURRIERS,,
0238,1986-1991.,0006/PE,DEPOT,"Note de service, lettre.",
0239,1986-1992.,0007/PE,,Telex.,
0240,1986-1993,0008/PE,COMPTES RENDUS D'INVENTAIRE,,
0241,1986-1995.,0009/PE,DIRECTION REGIONALE,"Rapport d'inventaire, telex, lettres, fax.",
0242,1986-1996.,0010/PE,MOBIL OIL BURKINA,"Fax, télex, lettres.",
0243,1986-1996.,0011/PE,SIR,"Fax, télex, lettres.",
0244,1988-1995.,0012/PE,TOGO SHELL ET STSL,"Fax, telex, lettres.",
0245,1990-1994.,0013/PE,TAGUI,"Lettres, fax, telex.",
0246,1990-1995.,0014/PE,MOBIL-CI,"Fax, telex.",
0247,1990-1995.,0015/PE,SONACOP,"Fax, telex, lettres.",
0248,1997,0016/PE,ACECA INTERNATIONAL : MANUEL DE PROCEDURES DEFINITIF,,
0249,1990,0017/PE,BUTANE PROPANE,,
0250,,0018/PE,ATECAS INTERNATIONAL : VOL 1 TRAVAUX ET FOURNITURES POUR L'EXTENSION DES DEPOTS DE BINGO ET DE BOBO DIOULASSO,,1ER EXEMPLAIRE
0251,,0019/PE,ATECAS INTERNATIONAL : VOL 1 TRAVAUX ET FOURNITURES POUR L'EXTENSION DES DEPOTS DE BINGO ET BOBO DIOULASSO,,2E EXEMPLAIRE
0252,,0020/PE,ATECAS INTERNATIONAL : VOL 2 TRAVAUX ET FOURNITURES POUR L'EXTENSION DES DEPOTS DE BINGO ET BOBO DIOULASSO,,
0253,2000.,0021/PE,ATECAS INTERNATIONAL : ETUDE ET SUPERVISION DES TRAVAUX DE MODERNISATION DES ACTIVITES GAZ DE LA SONABHY : VOL 1,proposition technique.,1er EXEMPLAIRE.
0254,2000.,0022/PE,ATECAS INTERNATIONAL : ETUDE ET SUPERVISION DES TRAVAUX DE MODERNISATION DES ACTIVITES GAZ DE LA SONABHY : VOL 1,proposition technique.,2e EXEMPLAIRE.
0255,2000.,0023/PE,ATECAS INTERNATIONAL : ETUDE ET SUPERVISION DES TRAVAUX DE MODERNISATION DES ACTIVITES GAZ DE LA SONABHY : VOL 1,proposition technique.,3e EXEMPLAIRE.
0256,2000.,0024/PE,ATECAS INTERNATIONAL : ETUDE ET SUPERVISION DES TRAVAUX DE MODERNISATION DES ACTIVITES GAZ DE LA SONABHY : VOL 1,Proposition technique.,4e EXEMPLAIRE.
0257,,0025/PE,ATECAS INTERNATIONAL : ETUDE ET SUPERVISION DES TRAVAUX DE MODERNISATION DES ACTIVITES GAZ DE LA SONABHY : VOL 2,Proposition technique.,1er EXEMPLAIRE.
0258,,0026/PE,ATECAS INTERNATIONAL : ETUDE ET SUPERVISION DES TRAVAUX DE MODERNISATION DES ACTIVITES GAZ DE LA SONABHY : VOL 2,Proposition technique.,2e EXEMPLAIRE.
0259,,0027/PE,ATECAS INTERNATIONAL : ETUDE ET SUPERVISION DES TRAVAUX DE MODERNISATION DES ACTIVITES GAZ DE LA SONABHY : VOL 2,Proposition technique.,3e EXEMPLAIRE.
0260,,0028/PE,ATECAS INTERNATIONAL : ETUDE ET SUPERVISION DES TRAVAUX DE MODERNISATION DES ACTIVITES GAZ DE LA SONABHY : VOL 2,Proposition technique.,4e EXEMPLAIRE.
0261,,0029/PE,ATECAS INTERNATIONAL : ISOMETRIQUES LOT 1 TRAVAUX ET FOURNITURES POUR L'EXTENSION DU DEPOT DE BINGO,,1ER EXEMPLAIRE
0262,,0030/PE,ATECAS INTERNATIONAL : ISOMETRIQUES LOT 1 TRAVAUX ET FOURNITURES POUR L'EXTENSION DU DEPOT DE BINGO,,2E EXEMPLAIRE
0263,,0031/PE,ATECAS INTERNATIONAL : ISOMETRIQUES LOT 2 TRAVAUX ET FOURNITURES POUR L'EXTENSION DU DEPOT DE BOBO,,1ER EXEMPLAIRE
0264,,0032/PE,ATECAS INTERNATIONAL : ISOMETRIQUES LOT 2 TRAVAUX ET FOURNITURES POUR L'EXTENSION DU DEPOT DE BOBO,,2E EXEMPLAIRE
0265,,0033/PE,ATECAS INTERNATIONAL : TRAVAUX ET FOURNITURES POUR L'EXTENSION DU DEPOT DE BINGO LOT 1,"Plans, schémas.",
0266,,0034/PE,ATECAS INTERNATIONAL : TRAVAUX ET FOURNITURES POUR L'EXTENSION DU DEPOT DE BOBO LOT 2,"Plans, schémas.",
0267,,0035/PE,GEC ALSTHOM & SATOM : TRAVAUX ET FOURNITURES POUR L'EXTENSION DU DEPOT DE BOBO,Proposition technique.,
0268,,0036/PE,GEC ALSTHOM & SATOM : TRAVAUX ET FOURNITURES POUR L'EXTENSION DU DEPOT DE BINGO,Proposition technique.,
0269,,0037/PE,GEC ALSTHOM & SATOM : TRAVAUX ET FOURNITURES POUR L'EXTENSION DU DEPOT DE BOBO,Proposition administrative.,
0270,,0038/PE,GEC ALSTHOM & SATOM : TRAVAUX ET FOURNITURES POUR L'EXTENSION DU DEPOT DE BOBO,Proposition financière.,
0271,,0039/PE,GEC ALSTHOM & SATOM : TRAVAUX ET FOURNITURES POUR L'EXTENSION DU DEPOT DE BINGO ET BOBO,Informations complémentaires.,
0272,,0040/PE,TISSOT : TRAVAUX ET FOURNITURES POUR L'EXTENSION DU DEPOT DE BINGO ET BOBO,Proposition technique.,3e EXEMPLAIRE.
0273,,0041/PE,TISSOT : TRAVAUX ET FOURNITURES POUR L'EXTENSION DU DEPOT DE BINGO ET BOBO,Proposition technique.,1er EXEMPLAIRE.
0274,,0042/PE,TISSOT : TRAVAUX ET FOURNITURES POUR L'EXTENSION DU DEPOT DE BINGO ET BOBO,Proposition administrative.,
0275,,0043/PE,TISSOT : TRAVAUX ET FOURNITURES POUR L'EXTENSION DU DEPOT DE BOBO,Proposition financière.,
0276,,0044/PE,TISSOT : TRAVAUX ET FOURNITURES POUR L'EXTENSION DU DEPOT DE BINGO,Proposition financière.,
0277,,0045/PE,FRIEDLANDER  : EXTENSION DES DEPOTS DE BINGO ET BOBO : LOT 1 ET 2,Proposition administrative.,1er exemplaire.
0278,,0046/PE,FRIEDLANDER  : EXTENSION DES DEPOTS DE BINGO ET BOBO : LOT 1 ET 2,Proposition administrative.,2e EXEMPLAIRE.
0279,,0047/PE,FRIEDLANDER  : EXTENSION DU DEPOT DE BINGO : LOT 1,Proposition technique.,
0280,,0048/PE,FRIEDLANDER  : EXTENSION DU DEPOT DE BINGO : LOT 1,Proposition financière.,
0281,2000.,0049/PE,FRIEDLANDER  : EXTENSION DU DEPOT DE BOBO : LOT 2,"Proposition financière. ANA. DIPLOM  : (PLAN ARCHITECTURAL, ETUDE)",
0282,1998.,0050/PE,EURAFRICAINE D'INDUSTRIES : TRAVAUX ET FOURNITURES POUR L'EXTENSION DU DEPOT DE BOBO,"EXTENSION, DEPOT BOBO, EURAFRICAINE. ANA. DIPLOM  : (CONTRAT, DOSSIER ADMINISTRATIF, DOSSIER TECHNIQUE, CORRESPONDANCE)",
0283,,0051/PE,EURAFRICAINE D'INDUSTRIES  : TRAVAUX ET FOURNITURES POUR L'EXTENSION DU DEPOT DE BINGO,Proposition technique.,
0284,,0052/PE,SNIG LSB : FOURNITURE ET TRAVAUX POUR L'EXTENSION DES DEPOTS DE BINGO ET BOBO,Proposition financière.,
0285,,0053/PE,"DOSSIERS : BUREAU VERITAS, EURAFRICAINE D'INDUSTRIES, FRIEDLANDER, TOTAL OUTRE MER, TISSOT, EIC INDUSTRIES",,
0286,,0054/PE,ATECAS,"Analyses techniques, analyses financières, analyses detaillées.",
0287,,0055/PE,ATECAS,"CV des intervenants, analyses des références, analyses des capacités, questions, ouverture des offres.",
0288,,0056/PE,ATECAS,"Notes de calcul, proposition financière, proposition technique",
0289,,0057/PE,ATECAS : DEPOT DE BINGO,plans.,
0290,,0058/PE,TISSOT : EXTENSION DU DEPOT DE BINGO : TOME 1,Dossier certification.,DOSSIER BINGO.
0291,,0059/PE,TISSOT : EXTENSION DU DEPOT DE BINGO : TOME 2,"Tuyauteries, plans, schémas.",DOSSIER BINGO.
0292,,0060/PE,TISSOT : EXTENSION DU DEPOT DE BINGO: TOME 3,"Tuyauteries, plans, notes de calcul.",DOSSIER BINGO.
0293,,0061/PE,TISSOT : EXTENSION DU DEPOT DE BINGO : TOME 4,"Lignes isométriques de 101 à 124, lignes isométriques de 130 à 139.",DOSSIER BINGO.
0294,,0062/PE,TISSOT : EXTENSION DU DEPOT DE BINGO : TOME 5,Lignes isométriques de 140 à 183.,DOSSIER BINGO.
0295,,0063/PE,TISSOT : EXTENSION DU DEPOT DE BINGO : TOME 6,Dossier qualité.,DOSSIER BINGO.
0296,,0064/PE,TISSOT : EXTENSION DU DEPOT DE BINGO : TOME 7,CND tuyauteries.,DOSSIER BINGO.
0297,,0065/PE,TISSOT : EXTENSION DU DEPOT DE BINGO : TOME 8,"Dossier approvisionnement, tuyauteries.",DOSSIER BINGO.
0298,,0066/PE,TISSOT : EXTENSION DU DEPOT DE BINGO : TOME 9,"Approvisionnement, robinetterie, equipement.",DOSSIER BINGO.
0299,,0067/PE,TISSOT : EXTENSION DU DEPOT DE BINGO : TOME 10,"Plans, notes de calcul.",DOSSIER BINGO.
0300,,0068/PE,TISSOT : EXTENSION DU DEPOT DE BINGO : TOME 11,"Plans, notes de calcul.",DOSSIER BINGO.
0301,,0069/PE,TISSOT : EXTENSION DU DEPOT DE BINGO : TOME 12,"Plans, notes de calcul.",DOSSIER BINGO.
0302,,0070/PE,TISSOT : EXTENSION DU DEPOT DE BINGO : TOME 13,Genie civil.,DOSSIER BINGO.
0303,,0071/PE,TISSOT : EXTENSION DU DEPOT DE BINGO : TOME 14,"Electricité, instrumentation.",DOSSIER BINGO : 1er EXEMPLAIRE.
0304,,0072/PE,TISSOT : EXTENSION DU DEPOT DE BINGO : TOME 14,"Electricité, instrumentation.",DOSSIER BINGO : 2e EXEMPLAIRE.
0305,,0073/PE,TISSOT : EXTENSION DU DEPOT DE BINGO : TOME 14,"Electricité, instrumentation.",DOSSIER BINGO : 3e EXEMPLAIRE.
0306,,0074/PE,TISSOT : EXTENSION DU DEPOT DE BINGO : TOME 15,"Electricité, Instrumentation.",DOSSIER BINGO : 1er EXEMPLAIRE.
0307,,0075/PE,TISSOT : EXTENSION DU DEPOT DE BINGO : TOME 15,"Electricité, Instrumentation.",DOSSIER BINGO : 2e EXEMPLAIRE.
0308,,0076/PE,TISSOT : EXTENSION DU DEPOT DE BINGO : TOME 15,"Electricité, instrumentation.",DOSSIER BINGO : 3e EXEMPLAIRE.
0309,,0077/PE,TISSOT : EXTENSION DU DEPOT DE BINGO :TOME 16,Fournisseur équipement.,DOSSIER BINGO : 1er EXEMPLAIRE.
0310,,0078/PE,TISSOT : EXTENSION DU DEPOT DE BINGO : TOME 16,Fournisseur équipement.,DOSSIER BINGO : 2e EXEMPLAIRE.
0311,,0079/PE,TISSOT : EXTENSION DU DEPOT DE BINGO : TOME 16,Fournisseur équipement.,DOSSIER BINGO : 3e EXEMPLAIRE.
0312,,0080/PE,TISSOT : EXTENSION DU DEPOT DE BINGO : TOME 17,Peinture.,DOSSIER BINGO.
0313,,0081/PE,TISSOT : EXTENSION DU DEPOT DE BINGO : TOME 18,"RESERVOIR, VISITE DECENNALE",DOSSIER BINGO.
0314,,0082/PE,"DOSSIERS : TISSOT, BUREAU VERITAS",Rapport de dépouillement.,
0315,,0083/PE,FRIEDLANDER : EXTENSION DU DEPOT DE BOBO : TOME 1,Certification.,DOSSIER BOBO.
0316,,0084/PE,FRIEDLANDER : EXTENSION DU DEPOT DE BOBO : TOME 2,Note de calcul.,DOSSIER BOBO.
0317,,0085/PE,FRIEDLANDER : EXTENSION DU DEPOT DE BOBO : TOME 3,"Genie civil, support, passerelles.",DOSSIER BOBO.
0318,,0086/PE,FRIEDLANDER : EXTENSION DU DEPOT DE BOBO : TOME 4,Qualité reservoir.,DOSSIER BOBO.
0319,,0087/PE,FRIEDLANDER : EXTENSION DU DEPOT DE BOBO : TOME 5,Qualité reservoir.,DOSSIER BOBO.
0320,,0088/PE,FRIEDLANDER : EXTENSION DU DEPOT DE BOBO : TOME 6,Qualité tuyauterie.,DOSSIER BOBO.
0321,,0089/PE,FRIEDLANDER : EXTENSION DU DEPOT DE BOBO : TOME 7,Qualité tuyauterie.,DOSSIER BOBO.
0322,,0090/PE,FRIEDLANDER : EXTENSION DU DEPOT DE BOBO : TOME 8,"Approvisionnement, tubes, fitting, electrodes, brides, robinetterie.",DOSSIER BOBO.
0323,,0091/PE,FRIEDLANDER : EXTENSION DU DEPOT DE BOBO : TOME 9,"Approvisionnement, équipement.",DOSSIER BOBO.
0324,,0092/PE,FRIEDLANDER : EXTENSION DU DEPOT DE BOBO : TOME 10,"Peinture, électricité, supervision.",DOSSIER BOBO.
0325,1984,0215/CR,COURRIER ARRIVEE,,
0326,1985,0216/CR,COURRIER  ARRIVEE,,
0327,"OCTOBRE - DECEMBRE, 2000",0217/CR,FAX ARRIVEE : N°1041 - 1264,,
0328,"DECEMBRE, 2000",0218/CR,FAX ARRIVEE : N°1265 - 1347,,
0329,"AVRIL - JUIN, 2000",0219/CR,FAX ARRIVEE : N°431 - 639,,
0330,"AOUT - OCTOBRE, 2000",0220/CR,FAX ARRIVEE : N°840 - 1040,,
0331,"JANVIER - AVRIL, 2000",0221/CR,FAX DEPART : N°001 - 192,,
0332,"AOUT - NOVEMBRE, 2000",0222/CR,FAX DEPART : N°313 - 443,,
0333,"NOVEMBRE - DECEMBRE, 2000",0223/CR,FAX DEPART : N°444 - 549,,
0334,"JANVIER - DECEMBRE, 2000",0224/CR,TELEX ARRIVEE N°001 - 059,,
0335,"JANVIER - DECEMBRE, 2000",0225/CR,TELEX DEPART : N°001 - 138,,
0336,"JANVIER - FEVRIER, 2001",0226/CR,FAX ARRIVEE : N°001 - 220,,
0337,"FEVRIER - AVRIL, 2001",0227/CR,FAX ARRIVEE : N° 221 - 440,,
0338,"AVRIL - MAI, 2001",0228/CR,FAX ARRIVEE : N° 441 - 635,,
0339,"MAI - JUILLET, 2001",0229/CR,FAX ARRIVEE : N° 636 - 772,,
0340,"JUILLET - SEPTEMBRE, 2001",0230/CR,FAX ARRIVEE : N° 773 - 977,,
0341,"SEPTEMBRE - OCTOBRE, 2001",0231/CR,FAX ARRIVEE : N°978 - 1200,,
0342,"JANVIER - MARS, 2001",0232/CR,FAX DEPART : N°001 - 128,,
0343,"MARS - AVRIL, 2001",0233/CR,FAX DEPART : N°129 - 248,,
0344,"AVRIL - JUIN, 2001",0234/CR,FAX DEPART : N°249 -372,,
0345,"JUIN - OCTOBRE, 2001",0235/CR,FAX DEPART : N°373 - 499,,
0346,"OCTOBRE - DECEMBRE, 2001",0236/CR,FAX DEPART : N°500 - 627,,
0347,"DECEMBRE, 2001",0237/CR,FAX DEPART : N°628 - 653,,
0348,2001,0238/CR,DIVERS COURRIERS,,
0349,1998,0239/CR,MINUTES,,
0350,1998,0240/CR,MINUTES,,
0351,1999,0241/CR,MINUTES,,
0352,2000,0242/CR,MINUTES,,
0353,2000,0243/CR,MINUTES,,
0354,1994-1995,0001/CI,COURRIER ARRIVEE : CI,,
0355,1994-1995,0002/CI,COURRIER ARRIVEE : CI,,
0356,1994-1995,0003/CI,COURRIER DEPART : CI,,
0357,1994-1995,0004/CI,COURRIER DEPART : CI,,
0358,1996,0005/CI,COURRIER ARRIVEE : CI,,
0359,1996,0006/CI,COURRIER ARRIVEE : CI,,
0360,"1996-1997, 1999",0007/CI,COURRIER DEPART : CI ET CSI,,
0361,1996-1997,0008/CI,COURRIER DEPART : CI,,
0362,1997,0009/CI,COURRIER ARRIVEE : CI ET CSI,,
0363,1997,0010/CI,"PROCES VERBAUX, COMPTE-RENDUS, ORDRE DE MISSION",,
0364,1997,0011/CI,NOTES DE SERVICE : CI ET CSI,,
0365,"1997, 1999",0012/CI,"STAGES, DECISIONS, TELEX, FAX",,
0366,1997,0013/CI,SITUATION DES STOCKS ET ETATS DES SORTIES,,
0367,1999,0014/CI,COURRIER ARRIVEE : CI,,
0368,1999,0015/CI,COURRIER DG : CI,,
0369,1999,0016/CI,"NOTES DE SERVICE, TEXTES ET MARCHES",,
0370,1999,0017/CI,"PROCES VERBAUX, COMPTE-RENDUS, ORDRES DE MISSION",,
0371,1999,0018/CI,SITUATION DES STOCKS ET ETATS DES SORTIES,,
0372,1992-2000,0061/DG,"BUDGET, RAPPORTS DE GESTION",,
0373,1995-1997,0062/DG,"ORGANISATION, RAPPORTS FINAUX",,
0374,1998.,0063/DG,"LIASSE FISCALE, STATUT DU PERSONNEL","Liasse fiscale, statut du personnel.",
0375,1989-1997,0064/DG,RAPPORTS DES COMMISSAIRES AUX COMPTES,,
0376,1989-2000,0065/DG,BILANS,,
0377,1997-1998,0066/DG,"PLANS DE COMPTE (SYSCOA), NOTES ET COMMENTAIRES",,
0378,1996-1999,0067/DG,"RAPPORTS CONSEIL D'ADMINISTRATION, RAPPORTS DIRECTION GENERALE, RAPPORTS DE PRESENTATION",,
0379,1989-2000,0068/DG,"PROJETS DE RESOLUTION, RAPPORTS D'ACTIVITE",,
0380,1986-1996.,0069/DG,,"LETTRE ARRIVEE, DECRET, ARRETE.",
0381,1997-1998.,0070/DG,,LETTRES ARRIVEES.,
0382,1993-1999.,0071/DG,,"LETTRE DEPART, DECISION.",
0383,1993-1998.,0072/DG,,"FAX DEPART, FAX ARRIVEE, TELEX DEPART, TELEX ARRIVEE.",
0384,1992-1998.,0073/DG,,"COMPTE RENDU, PROCES VERBAUX.",
0385,1996-1999.,0040/DG,"COURRIERS : ORDRES DE MISSION 1999, NOTES DE SERVICE 1996-1999","ORDRE DE MISSION, NOTE DE SERVICE, CONVENTION, CONTRAT.",
0386,,0075/DG,EXTENSION DES DEPOTS,"EURAFRICAINE, ATECAS, TISSOT.",
0387,1997-1999.,0076/DG,,"IMMOBILISATION, RPD, SUBVENTION, TUPP.",
0388,,0077/DG,DIVERS DOSSIERS,"CONTRAT FRIEDLANDER, CGP, TAGUI",
0389,,0078/DG,CAHIERS DES CHARGES,,
0390,1995-1997,0079/DG,SIR,,
0391,1997,0080/DG,CONFERENCE DEBAT SUR LE PASSAGE A L'EURO ABIDJAN,,
0392,"12 JUILLET, 1996.",0046/CA,CONSEIL D'ADMINISTRATION ORDINAIRE DE LA SIR A PARIS,Budget.,
0393,"23 SEPTEMBRE, 1994",0047/CA,CONSEIL D'ADMINISTRATION DE LA SIR,,
0394,"17 MARS, 1995",0048/CA,CONSEIL D'ADMINISTRATION DE LA SONABHY,,4 DOSSIERS
0395,"18 MAI, 1994",0049/CA,CONSEIL D'ADMINISTRATION DE LA SONABHY,,
0396,,0050/CA,CONSEIL D'AMINISTRATION,"24 OCTOBRE 1989, 12 JUIN 1990, 07 DECEMBRE1990, 26 JUILLET 1991.",
0397,"30 AVRIL (07 MAI), 2001.",0051/CA,CONSEIL D'ADMINISTRATION DE LA SONABHY PORTANT EXAMEN ET ADOPTION DES COMPTES DE L'EXERCICE ARRETE AU 31-12-2001,"CONSEIL D'ADMINISTRATION, SONABHY, COMPTE. ANA. DIPLOM  : (Rapport d'activité, Etat financier, Procès verbal, Projet de résolution, rapport de gestion, statut du personnel, règlement intérieur, organigramme)",DOCUMENTS ADOPTES.
0398,"20 JUIN, 2001.",0052/CA,ASSEMBLEE GENERALE ORDINAIRE DE LA SIR DU 20 JUIN 2001  A ABIDJAN,"SIR, ASSEMBLEE GENERALE, ETAT FINANCIER, COMMISSAIRE AUX COMPTES. ANA. DIPLOM  : (Rapport, lettre)",
0399,"13 DECEMBRE, 2001.",0053/CA,CONSEIL D'ADMINISTRATION DE LA SIR DU 13 DECEMBRE 2001 A ABIDJAN,"SIR, CONSEIL D'ADMINISTRATION, SGBCI. ANA. DIPLOM  : (Lettre, ordre de mission, procès verbal)",
0400,"30 MAI, 2002.",0054/CA,ASSEMBLEE GENERALE ORDINAIRE DE LA SIR 30 MAI 2002 A ABIDJAN,"SIR, ASSEMBLEE GENERALE, COMMISSAIRE AUX COMPTES. ANA. DIPLOM  : (Rapport, lettre, Procès verbal)",
0401,"27-29 JUIN, 2002.",0081/DG,DIXIEME SESSION DE L'ASSEMBLEE GENERALE DES SOCIETES D'ETAT DU 27-29 JUIN 2002 A OUAGA,"ASSEMBLEE GENERALE, SOCIETE D'ETAT, ETAT FINANCIER. ANA. DIPLOM  : (Lettre, rapport)",
0402,2000-2002.,0082/DG,"DIVERS DOSSIERS : LETTRES ARRIVEE, FAX ARRIVEE, NOTES DE SERVICE, DOSSIER POMPES/BOBO","COURRIER, POMPE, COMPTEUR, DEPOTAGE. ANA. DIPLOM  : (Lettre, fax, Note de service)",
0403,2001.,0099/SG,TRANSMISSION DU BILAN ET DE LA DECLARATION FISCALE DE L'EXERCICE 2001,"BILAN, DECLARATION FISCALE, ETAT FINANCIER. ANA. DIPLOM  : (Lettre, bilan, état financier)",
2002,"07. AOUT, 2002.",0055/CA,CONSEIL D'ADMINISTRATION DE LA SONABHY DU 07 AOUT,"CONSEIL D'ADMINISTRATION, ASTREINTE, SONABHY, HEURE SUPPLEMENTAIRE, STATUT DU PERSONNEL, REGLEMENT INTERIEUR, GRILLE SALARIALE. ANA. DIPLOM  : (Lettre, compte rendu, procès verbal)",
0405,"20. Décembre, 2002.",0056/CA,CONSEIL D'ADMINISTRATION DE LA SONABHY : BUDGET 2003 20 DECEMBRE 2002 A BINGO,"CONSEIL D'ADMINISTRATION, BUDGET, SONABHY, SYSCOA. ANA. DIPLOM  : (Lettre, rapport, procès verbal, plan de compte, extrait d'article)",
0406,1986 - 1998,0083/DG,"PROCES VERBAUX DES CONSEILS D'ADMINISTRATION 1986, 1987, 1990, 1995, 1998 ANA. DIPLOM  : (PROCES VERBAL)",,
0407,"15DECEMBRE, 1986",0084/DG,CONSEIL D'ADMINISTRATION ORDINAIRE DE LA SEBHY ANA. DIPLOM  : (PROCES VERBAL),,
1999,1990 - 1999,0044/DG,DELIBERATIONS DES CONSEILS D'ADMINISTRATION 1990 - ANA. DIPLOM  : (DELIBERATION ),,
0409,1985 - 1996.,0086/DG,"DIVERS DOSSIERS : STRUCTURE DE PRIX, CREDOC, SABEM, DOUANE","SABEM, CREDOC, DOUANE, STRUCTURE DE PRIX. ANA. DIPLOM  : (Note de synthèse, note de service)",
0410,1985 - 1997,0087/DG,COURRIER ARRIVEE S/DG 1985 - 1997 ANA. DIPLOM  : (LETTRE),,
0411,"1998 - 1999,",0088/DG,COURRIER ARRIVEE S/DG 1998 - 1999 ANA. DIPLOM  : (LETTRE),,
0412,1985 - 1999,0089/DG,COURRIER DEPART S/DG 1985 - 1999 ANA. DIPLOM  : (LETTRE),,
0413,1997,0090/DG,RAPPORTS DE MISSION 1997 ANA. DIPLOM  : (RAPPORT),,
0414,"JANVIER - MARS, 2002",0244/CR,FAX DEPART  : 001-109 ANA. DIPLOM  : (FAX),,
0415,"MARS - AVRIL, 2002",0245/CR,FAX DEPART : 110-240 ANA. DIPLOM  : (FAX),,
0416,"AVRIL - SEPTEMBRE, 2002",0246/CR,FAX DEPART : 241-379 ANA. DIPLOM  : (FAX),,
0417,"SEPTEMBRE - NOVEMBRE, 2002",0247/CR,FAX DEPART : 380-528 ANA. DIPLOM  : (FAX),,
0418,"OCTOBRE - DECEMBRE, 2001",0248/CR,FAX ARRIVEE : 1201-1449 ANA. DIPLOM  : (FAX),,
0419,"DECEMBRE, 2001",0249/CR,FAX ARRIVEE : 1450-1473 ANA. DIPLOM  : (FAX),,
0420,"JANVIER - FEVRIER, 2002",0250/CR,FAX ARRIVEE : 001-235 ANA. DIPLOM  : (FAX),,
0421,"FEVRIER - MARS, 2002",0251/CR,FAX ARRIVEE : 236-441 ANA. DIPLOM  : (FAX),,
0422,"AVRIL - MAI, 2002",0252/CR,FAX ARRIVEE : 442-680 ANA. DIPLOM  : (FAX),,
0423,"MAI - JUILLET, 2002",0253/CR,FAX ARRIVEE : 681-956 ANA. DIPLOM  : (FAX),,
0424,"JUILLET - SEPTEMBRE, 2002",0254/CR,FAX ARRIVEE : 957-1221 ANA. DIPLOM  : (FAX),,
0425,"SEPTEMBRE - NOVEMBRE, 2002",0255/CR,FAX ARRIVEE : 1222-1476 ANA. DIPLOM  : (FAX),,
0426,2001,0256/CR,"DIVERS COURRIERS 2001 : PROGRAMME DE STAGE, DECISIONS, COURRIER, NOTES DE SERVICE ANA. DIPLOM  : (LETTRE, NOTE DE SERVICE, DECISION)",,
0427,2001,0257/CR,"DIVERS COURRIERS 2001 : COMPTE RENDU, PROCES VERBAUX, ORDRES DE VIREMENT, LETTRE, NOTE DE SERVICE ANA. DIPLOM  : (LETTRE, COMPTE RENDU, PROCES VERBAL, NOTE DE SERVICE, ORDRE DE VIREMENT)",,
0428,2002,0258/CR,"DIVERS COURRIERS 2002 : COMPTE RENDU, PROCES VERBAL, RAPPORTS, DECISIONS, NOTE DE SERVICE, LETTRE ANA. DIPLOM  : (COMPTE RENDU, PROCES VERBAL, DECISION, NOTE DE SERVICE, LETTRE, RAPPORT)",,
0429,2002,0259/CR,"DIVERS COURRIERS 2002 : ARRETE, DECRET,COMPTE RENDU, RAPPORT,  ORDRE DE VIREMENT, NOTE DE SERVICE, DECISION ANA. DIPLOM  : (ARRETE, DECRET, COMPTE RENDU, NOTE DE SERVICE, DECISION)",,
0430,1986-1992,0100/SG,"DIVERS COURRIERS ANA. DIPLOM  : (LETTRE, RAPPORT)",,
0431,1988-1994,0101/SG,"DIVERS COURRIERS ANA. DIPLOM  : (LETTRE, RAPPORT)",,
0432,1989-1994,0102/SG,DIVERS COURRIERS ANA. DIPLOM  : (LETTRE),,
0433,1990-1994,0103/SG,DIVERS COURRIERS ANA. DIPLOM  : (LETTRE),,
0434,1991-1994,0104/SG,DIVERS COURRIERS ANA. DIPLOM  : (LETTRE),,
0435,1991-1994,0105/SG,DIVERS COURRIERS ANA. DIPLOM  : (LETTRE),,
0436,1992-1994,0106/SG,DIVERS COURRIERS ANA. DIPLOM  : (LETTRE),,
0437,1992-1994,0107/SG,DIVERS COURRIERS ANA. DIPLOM  : (LETTRE),,
0438,1993-1994,0108/SG,DIVERS COURRIERS ANA. DIPLOM  : (LETTRE),,
0439,1991-1995,0109/SG,"DIVERS COURRIERS ANA. DIPLOM  : (LETTRE, RAPPORT)",,
0440,1991-1995,0110/SG,DIVERS COURRIERS ANA. DIPLOM  : (LETTRE),,
0441,1992-1995,0111/SG,DIVERS COURRIERS ANA. DIPLOM  : (LETTRE),,
0442,"NOVEMBRE - JANVIER, 1999-2000",0112/SG,"COURRIER DEPART : 889-029 ANA. DIPLOM  : (LETTRE, NOTE DE SERVICE)",,
0443,"JANVIER - FEVRIER, 2000",0113/SG,"COURRIER DEPART : 030-152 ANA. DIPLOM  : (LETTRE, NOTE DE SERVICE)",,
0444,"FEVRIER - MARS, 2000",0114/SG,"COURRIER DEPART : 153-231 ANA. DIPLOM  : (LETTRE, NOTE DE SERVICE)",,
0445,"MARS - MAI, 2000",0115/SG,"COURRIER DEPART : 232-362 ANA. DIPLOM  : (LETTRE, NOTE DE SERVICE)",,
0446,"MAI - JUILLET, 2000",0116/SG,"COURRIER DEPART : 363-492 ANA. DIPLOM  : (LETTRE, NOTE DE SERVICE)",,
0447,"JUILLET - AOUT, 2000",0117/SG,"COURRIER DEPART : 493-620 ANA. DIPLOM  : (LETTRE, NOTE DE SERVICE)",,
0448,"AOUT - OCTOBRE, 2000",0118/SG,"COURRIER DEPART : 621-742 ANA. DIPLOM  : (LETTRE, NOTE DE SERVICE)",,
0449,"OCTOBRE - DECEMBRE, 2000",0119/SG,"COURRIER DEPART : 743-904 ANA. DIPLOM  : (LETTRE, NOTE DE SERVICE)",,
0450,1998.,0019/CI,,"ORYX BENIN, PROGRAMME D'AJUSTEMENT STRUCTUREL, CONTRAT PLAN. ANA. DIPLOM  : (PLAN, LETTRE, CONTRAT)",
0451,1998.,0020/CI,PROJET EXTENSION DU DEPOT DE BOBO DIOULASSO,"EXTENSION, BOBO, ATECAS INTERNATIONAL. ANA. DIPLOM  : (FAX, LETTRE)",
0452,1999.,0021/CI,"PROJET EXTENSION DU DEPOT BINGO : ETUDE, DEPOUILLEMENT, CONTRAT","EXTENSION, BINGO, ATECAS, TISSOT FRIEDLANDER. ANA. DIPLOM  : (LETTRE, FAX, CONTRAT, TELEX)",
0453,1996-2001.,0022/CI,EXTENSION DES DEPOTS : DOSSIER FIN CHANTIER,"EXTENSION, BOBO, BINGO, ATECAS INTERNATIONAL. ANA. DIPLOM  : (LETTRE, FAX, PLAN, CONTRAT, AVENANT)",
0454,1997.,0023/CI,FRIEDLANDER : APPEL D'OFFRE EXTENSION DU DEPOT DE BOBO : PROPOSITION FINANCIERE,"FRIEDLANDER, EXTENSION, BOBO. ANA. DIPLOM  : (APPEL D'OFFRE)",
0455,1998-1999.,0024/CI,BUDGET 1999,"BUDGET, SONABHY. ANA. DIPLOM  : (NOTE DE SERVICE, RAPPORT, LETTRE)",
0456,1996.,0025/CI,,"CONSEIL D'ADMINISTRATION, BILAN, SONABHY. ANA. DIPLOM  : (LETTRE, RAPPORT, BILAN)",
0457,1996.,0026/CI,CONSEIL D'ADMINISTRATION DE LA SONABHY 14 JUIN 1996,"CONSEIL D'ADMINISTRATION, SONABHY, BILAN ANA. DIPLOM  : (RAPPORT, LETTRE, LETTRE)",
0458,1996-1997.,0027/CI,CONSEIL D'ADMINISTRATION DU 31 DECEMBRE 1996 REPORTE AU 14 JANVIER 1997,"CONSEIL D'ADMINISTRATION, SONABHY. ANA. DIPLOM  : (LETTRE, RAPPORT, PROCES VERBAL)",
0459,1998,0028/CI,DIVERS RAPPORTS ANA. DIPLOM  : (RAPPORT),,
0460,1998.,0029/CI,CONSEIL D'ADMINISTRATION DU 08 JUIN 1998 DE LA SONABHY,"CONSEIL D'ADMINISTRATION, SONABHY, COMPTE, BILAN. ANA. DIPLOM  : (RAPPORT, LETTRE, NOTE DE SERVICE, PROCES VERBAL)",
0461,1998.,0030/CI,CONSEIL D'ADMINISTRATION DE LA SONABHY  DU 15 JANVIER 1998,"CONSEIL D'ADMINISTRATION, SONABHY, SYSCOA, CONTRAT, PLAN, BUDGET. ANA. DIPLOM  : (LETTRE, STATUT, NOTE DE SERVICE)",
0462,1999.,0031/CI,CONSEIL D'ADMINISTRATION DU 6 JUILLET 1999,"CONSEIL D'ADMINISTRATION, SONABHY, REGLEMENT INTERIEUR, STATUT DU PERSONNEL, GRILLE SALARIALE. ANA. DIPLOM  : (LETTRE, STATUT)",
1999,1999.,0032/CI,CONSEIL D'ADMINISTRATION DE LA SONABHY DU 28 JUIN,"SONABHY, CONSEIL D'ADMINISTRATION, COMPTE, BILAN. ANA. DIPLOM  : (RAPPORT, LETTRE, PROCES VERBAL)",
0464,1999.,0033/CI,CONSEIL D'ADMINISTRATION DE LA SONABHY AU 28 JUIN 1999 (SG),"SONABHY, CONSEIL D'ADMINISTRATION, COMPTE, BILAN. ANA. DIPLOM  : (RAPPORT, LETTRE, PROCES VERBAL)",
1999,1999.,0034/CI,CONSEIL D'ADMINISTRATION DE LA SONABHY DU 20 JANVIER,"CONSEIL D'ADMINISTRATION, SONABHY, BUDGET. ANA. DIPLOM  : (PROCES VERBAL, RAPPORT, LETTRE)",
0466,2000.,0035/CI,CONSEIL D'ADMINISTRATION DE LA SONABHY 13 JUIN 2000,"CONSEIL D'ADMINISTRATION, SONABHY, COMPTE,  BILAN. ANA. DIPLOM  : (PROCES VERBAL, RAPPORT, LETTRE)",
2001,2001.,0036/CI,CONSEIL D'ADMINISTRATION DE LA SONABHY DU 16 JANVIER,"CONSEIL D'ADMINISTRATION, SONABHY, BUDGET. ANA. DIPLOM  : (LETTRE, PROCES VERBAL, RAPPORT)",
0468,2001.,0037/CI,CONSEIL D'ADMINISTRATION DE LA SONABHY DU 23 MAI 2001,"CONSEIL D'ADMINISTRATION, SONABHY, COMPTE, BILAN. ANA. DIPLOM  : (LETTRE, RAPPORT, PROCES VERBAL)",
0469,1997.,0038/CI,"APPEL D'OFFRE POUR L'AUDIT DES COMPTES : ACECA INTERNATIONAL, NEXIA","AUDIT, COMPTE, ACECA INTERNATIONAL, NEXIA. ANA. DIPLOM  : (APPEL D'OFFRE)",
0470,1997.,0039/CI,"APPEL D'OFFRE POUR L'AUDIT DES COMPTES : SOFIDEC, EURA AUDIT, GIC","AUDIT, COMPTE, SOFIDEC, EURA AUDIT, GIC. ANA. DIPLOM  : (APPEL D'OFFRE)",
0471,1997.,0040/CI,"APPEL D'OFFRE POUR L'AUDIT DES COMPTES : SECCAPI, CIECAM, EURAFRIC","AUDIT, COMPTE, SECCAPI, CIECAM, EURAFRIC. ANA. DIPLOM  : (APPEL D'OFFRE)",
0472,1999.,0041/CI,"APPEL D'OFFRE RESTREINTE POUR L'AUDIT DE LA GESTION DES RESSOURCES HUMAINES : DRH, IBM, ERNST YOUNG, PANEL FRANCE, SOGEMA, CAPANA","AUDIT, GESTION DES RESSOURCES HUMAINES, DRH, IBM, ERNST YOUNG, PANEL FRANCE, SOGEMA, CAPANA. ANA. DIPLOM  : (APPEL D'OFFRE)",
0473,1997.,0042/CI,"APPEL D'OFFRE POUR L'AUDIT DU SYSTEME INFORMATIQUE : GALAXIE, DELOITTE & TOUCHE, HEC, ERNST YOUNG","AUDIT, SYSTEME INFORMATIQUE, GALAXIE, DELOITTE & TOUCHE, HEC, ERNST YOUNG. ANA. DIPLOM  : (APPEL D'OFFRE)",
0474,2000.,0043/CI,"APPEL D'OFFRE POUR L'AUDIT DE LA GESTION DES IMMOBILISATIONS : SOFIDEC,  ACECA INTERNATIONAL","AUDIT, GESTION, IMMOBILISATION, SOFIDEC, ACECA INTERNATIONAL. ANA. DIPLOM  : (APPEL D'OFFRE)",
0475,1991-1994.,0044/CI,BILAN 1991-1994,"BILAN, SONABHY. ANA. DIPLOM  : (BILAN)",
0476,1997-1998.,0045/CI,BILAN 1997-1998,"BILAN, SONABHY. ANA. DIPLOM  : (BILAN)",
0477,1990-1998.,0046/CI,,"ACTIVITE, BUDGET, SONABHY. ANA. DIPLOM  : (RAPPORT)",
0478,1994-1998.,0047/CI,"DIVERS DOCUMENTS : SYSCOA, ETAT FINANCIER, COMMISSAIRES AUX COMPTES, LIASSE FISCALE","SYSCOA, ETAT FINANCIER, COMMISSAIRE AUX COMPTES, LIASSE FISCALE. ANA. DIPLOM  : (RAPPORT)",
0479,1999.,0001/CJ,CONSEIL D'ADMINISTRATION DE LA SONABHY : 6 JUILLET 1999 (CJ),"CONSEIL D'ADMINISTRATION, SONABHY, A2M. ANA. DIPLOM  : (PROCES VERBAL, NOTE, RAPPORT, PLAN D'ACTION, LETTRE)",
0480,1999.,0002/CJ,CONSEIL D'ADMINISTRATION DE LA SONABHY SUR LE BUDGET : 30 DECEMBRE 1999 (CJ),"CONSEIL D'ADMINISTRATION, SONABHY, BUDGET. ANA. DIPLOM  : (LETTRE, RAPPORT, PROCES VERBAL)",
0481,2001.,0003/CJ,CONSEIL D'ADMINISTRATION SUR LE BUDGET DE LA SONABHY 16 JANVIER 2001,"CONSEIL D'ADMINISTRATION, SONABHY, BUDGET. ANA. DIPLOM  : (LETTRE, RAPPORT, PROCES VERBAL)",
0482,,0004/CJ,A REMPLIR,,
0483,2001.,0005/CJ,CONSEIL D'ADMINISTRATION ORDINAIRE SUR LES COMPTES 2000 DE LA SONABHY : 23 MAI 2001,"CONSEIL D'ADMINISTRATION, COMPTE, BILAN, ACTIVITE, SONABHY. ANA. DIPLOM  : (PROCES VERBAL, RAPPORT, NOTE)",
0484,2001.,0006/CJ,CONSEIL D'ADMINISTRATION DE LA SONABHY PORTANT EXAMEN ET ADOPTION DES COMPTES,"CONSEIL D'ADMINISTRATION, SONABHY, COMPTE. ANA. DIPLOM  : (PROCES VERBAL, RAPPORT, LETTRE, ETAT)",
0485,2002.,0007/CJ,CONSEIL D'ADMINISTRATION DE LA SONABHY : 07 AOUT 2002,"CONSEIL D'ADMINISTRATION, SONABHY, PRIME D'ASTREINTE. ANA. DIPLOM  : (LETTRE, PROCES VERBAL, COMPTE RENDU)",
0486,1999.,0008/CJ,TRAVAUX ET FOURNITURE POUR L'EXTENSION DU DEPOT DE BOBO : PARTIE TECHNIQUE,"SONABHY, EURAFRICAINE D'INDUSTRIES, EXTENSION, DEPOT BOBO.",
0487,1999.,0009/CJ,"TRAVAUX ET FOURNITURE POUR L'EXTENSION DU DEPOT DE BOBO : PARTIE ADMMINISTRATIVE, CONTRAT","EXTENSION, DEPOT BOBO, SONABHY, EURAFRICAINE D'INDUSTRIES.",
0488,1994-2002,0010/CJ,,,
0489,1994-2003,0011/CJ,COURRIER ARRIVEE ANA. DIPLOM  : (LETTRE),,
0490,1994-2002,0012/CJ,"ARRETES, DECRETS",,
0491,1992-2002,0013/CJ,,,
0492,1995-2002,0014/CJ,CONVENTIONS ET CONTRATS,,
0493,1997-1999.,0015/CJ,EXTENSION DES DEPOTS BOBO ET BINGO,"EXTENSION, DEPOT BOBO, DEPOT BINGO. ANA. DIPLOM  : (LETTRE, CONTRAT, AVENANT, RAPPORT)",
0494,1997.,0016/CJ,DOSSIER OHADA,"OHADA. ANA. DIPLOM  : (JOURNAL OFFICIEL, PLAQUETTE DE PRESENTATION)",
0495,1998-2000.,0017/CJ,"DIVERS DOCUMENTS : STATUT, PLAN A2M, ETUDE ENERGIE, FMI, RAPPORT INSPECTION, AMORTISSEMENT, LOI N°013/98/AN","A2M, ENERGIE, AMORTISSEMENT, INSPECTION, FMI, LOI.",
0496,,0018/CJ,STATUT DU PERSONNEL ET REGLEMENT INTERIEUR,"STATUT DU PERSONNEL, REGLEMENT INTERIEUR.",
0497,"29. AVRIL, 2003.",0057/CA,CONSEIL D'ADMINISTRATION DE LA SONABHY (EXAMEN DU BILAN AU 31-12-2003) 29 AVRIL 2003 A BOBO,"CONSEIL D'ADMINISTRATION, SONABHY, BILAN, ACTIVITE. ANA. DIPLOM  : (LETTRE, PROCES VERBAL, RAPPORT)",
0498,1996-1998.,0091/DG,EXTENSION DES DEPOTS DE BOBO ET DE BINGO,"EXTENSION, DEPOT BOBO, DEPOT BINGO, ATECAS INTERNATIONAL, COFAMA, TISSOT. ANA. DIPLOM  : (CONTRAT, DOSSIER TECHNIQUE, DOSSIER COMMERCIAL, LETTRE)",
0499,1998-2001.,0092/DG,EXTENSION DU DEPOT DE BOBO DIOULASSO,"EXTENSION, DEPOT BOBO, FRIEDLANLER, ATECAS INTERNATIONAL, EURAFRICAINE D'INDUSTRIE. ANA. DIPLOM  : (CONTRAT, RAPPORT)",
0500,2003.,0048/CI,APPEL D'OFFRE POUR L'ELABORATION DU PLAN STRATEGIQUE 2004-2008 DE LA SONABHY : PERFORMANCE MANAGEMENT CONSULTING,"PLAN STRATEGIQUE, SONABHY, PERFORMANCE MANAGEMENT CONSULTING. ANA. DIPLOM  : (APPEL D'OFFRE)",
0501,2003.,0049/CI,APPEL D'OFFRE POUR L'ELABORATION DU PLAN STRATEGIQUE 2004-2008 DE LA SONABHY : JUDICOME-CIRTECH-JARF,"PLAN STRATEGIQUE, SONABHY, JUDICOME, CIRTECH-JARF. . ANA. DIPLOM  : (APPEL D'OFFRE)",
0502,2003.,0050/CI,APPEL D'OFFRE POUR ELABORATION DU PLAN STRATEGIQUE 2004-2008 DE LA SONABHY : ARYAN & CO,"PLAN STRATEGIQUE, SONABHY, ARYAN & CO. ANA. DIPLOM  : (APPEL D'OFFRE)",
0503,2003.,0051/CI,"APPEL D'OFFRE POUR ELABORATION DU PLAN STRATEGIQUE 2004-2008 DE LA SONABHY : KPMG, CAFEC-KA","PLAN STRATEGIQUE, SONABHY, KPMG, CAFEC-KA. ANA. DIPLOM  : (APPEL D'OFFRE)",
0504,2003.,0058/CA,CONSEIL D'ADMINISTRATION DE LA SONABHY EXAMEN ET ADOPTION DU BUDGET 2004 : SIEGE SONABHY,"CONSEIL D'ADMINISTRATION, BUDGET, SONABHY. ANA. DIPLOM  : (LETTRE, PROCES VERBAL, RAPPORT, PROJET DE BUDGET)",
0505,1997-2002.,0120/SG,PLANS DE COMPTE SYSCOA,"SYSCOA, COMPTABILITE, SONABHY. ANA. DIPLOM  : (PLAN)",
0506,2000-2001.,0121/SG,,"STRUCTURE DE PRIX, PRODUIT PETROLIER, SONABHY, MARCHE PUBLIC. ANA. DIPLOM  : (RAPPORT)",
0507,2000-2003.,0122/SG,"AVANT PROJET DE BUDGET 2003 - BUDGET 2000, 2001","BUDGET, SONABHY, PRODUIT PETROLIER. ANA. DIPLOM  : (BUDGET)",
0508,2002-2003.,0260/CR,FAX ARRIVEE DU 30/12/2002 N°1477 AU 24/10/2003 N°1558,"COURRIER, SONABHY. ANA. DIPLOM  : (FAX)",
0509,2003.,0261/CR,FAX ARRIVEE DU 13/01/2003 N°0001 AU 06/03/2003 N°0170,"COURRIER, SONABHY. ANA. DIPLOM  : (FAX)",
0510,2003.,0262/CR,FAX ARRIVEE DU 06/03/2003 N°0171 AU 28/04/2003 N°0353,"COURRIER, SONABHY. ANA. DIPLOM  : (FAX)",
0511,2003,0263/CR,FAX ARRIVEE DU 28/04/2003 N°0354 AU 03/06/2003 N°0529 ANA. DIPLOM  : (FAX),,
0512,2003,0264/CR,FAX ARRIVEE DU 03/06/2003 N° 0530 AU 08/07/2003 N°0680 ANA. DIPLOM  : (FAX),,
0513,2003,0265/CR,FAX ARRIVEE DU 30/06/2003 N°0681 AU 26/08/2003 N°0850 ANA. DIPLOM  : (FAX),,
0514,2003,0266/CR,FAX ARRIVEE DU 26/08/2003 N°0851 AU 08/10/2003 N°0999 ANA. DIPLOM  : (FAX),,
0515,2003,0267/CR,FAX ARRIVEE DU 01/10/2003 N°1000 AU 14/11/2003 N°1145 ANA. DIPLOM  : (FAX),,
0516,2002,0268/CR,FAX DEPART DU 30/12/2002 N°0529 AU 31/12/2002 N°0562 ANA. DIPLOM  : (FAX),,
0517,2003,0269/CR,FAX DEPART DU 02/01/2003 N°0001 AU 25/03/2003 N°0134 ANA. DIPLOM  : (FAX),,
0518,2003,0270/CR,FAX DEPART DU 11/04/2003 N°0135 AU 09/07/2003 N°0260 ANA. DIPLOM  : (FAX),,
0519,2003,0271/CR,FAX DEPART DU 09/06/2003 N°0261 AU 23/09/2003 N°0369 ANA. DIPLOM  : (FAX),,
0520,2003,0272/CR,FAX DEPART N°24/09/2003 N°0370 AU 24/11/2003 N°0480 ANA. DIPLOM  : (FAX),,
0521,2001-2002,0273/CR,TELEX DEPART 2001-2002 ANA. DIPLOM  : (TELEX),,
0522,2003,0274/CR,COURRIER DIVERS 2003 ANA. DIPLOM  : (CORRESPONDANCE),,
0523,2003,0275/CR,COURRIER DIVERS 2003 ANA. DIPLOM  : (CORRESPONDANCE),,
2003,2004.,0059/CA,CONSEIL D'ADMINISTRATION DE LA SONABHY PORTANT EXAMEN DES COMPTES DE L'EXERCICE CLOS AU 31 DECEMBRE,"CONSEIL D'ADMINISTRATION, COMPTE, ACTIVITE, BILAN, SONABHY. ANA. DIPLOM  : (LETTRE, PROCES VERBAL, RAPPORT)",
0525,2000-2001.,0123/SG,COURRIER DU 26/12/2000 N°0099 AU 07/02/2001 N°0114,"COURRIER DEPART, SONABHY. ANA. DIPLOM  : (CORRESPONDANCE)",
0526,2001.,0124/SG,COURRIER DU 09/02/2001 N°0115 AU 05/04/2001 N°0278,"COURRIER DEPART, SONABHY. ANA. DIPLOM  : (CORRESPONDANCE)",
0527,2001.,0125/SG,COURRIER DEPART DU 06/04/2001 N°0279 AU 16/05/2001 N°0422,"COURRIER DEPART, SONABHY. ANA. DIPLOM  : (CORRESPONDANCE)",
0528,2001.,0126/SG,COURRIER DEPART DU 16/05/2001 N°0427 AU 22/06/2001 N°0544,"COURRIER DEPART, SONABHY. ANA. DIPLOM  : (CORRESPONDANCE)",
0529,2001.,0127/SG,COURRIER DEPART DU 25/06/2001 N° 0545 AU 27/07/2001 N°0664,"COURRIER DEPART, SONABHY. ANA. DIPLOM  : (CORRESPONDANCE)",
0530,2001.,0128/SG,COURRIER DEPART DU 27/07/2001 N°0665 AU 04/09/2001 N°0796,"COURRIER DEPART, SONABHY. ANA. DIPLOM  : (CORRESPONDANCE)",
0531,2001.,0129/SG,COURRIER DEPART DU 04/09/2001 N°0797 AU 23/10/2001 N°0973,"COURRIER DEPART, SONABHY. ANA. DIPLOM  : (CORRESPONDANCE)",
0532,2001.,0130/SG,COURRIER DEPART DU 24/10/2001 N°0974 AU 13/12/2001 N°1095,"COURRIER DEPART, SONABHY. ANA. DIPLOM  : (CORRESPONDANCE)",
0533,2001-2002.,0131/SG,COURRIER DEPART DU 14/12/2001 N°1096 AU 29/01/2002 N°0087,"COURRIER DEPART, SONABHY. ANA. DIPLOM  : (CORRESPONDANCE)",
0534,2002.,0132/SG,COURRIER DEPART DU 29/01/2002 N°0088 AU 15/03/2002 N°0226,"COURRIER DEPART, SONABHY. ANA. DIPLOM  : (CORRESPONDANCE)",
0535,2002.,0133/SG,COURRIER DEPART DU 18/03/2002 N°0227 AU 23/04/2002 N°0346,"COURRIER DEPART, SONABHY. ANA. DIPLOM  : (CORRESPONDANCE)",
0536,2002.,0134/SG,COURRIER DEPART DU 23/04/2002 N°0347 AU 07/06/2002 N°0472,"COURRIER DEPART, SONABHY. ANA. DIPLOM  : (CORRESPONDANCE)",
0537,2002.,0135/SG,COURRIER DEPART DU 11/06/2002 N°0473 AU 31/07/2002 N°0631,"COURRIER DEPART, SONABHY. ANA. DIPLOM  : (CORRESPONDANCE)",
0538,2002.,0136/SG,COURRIER DEPART DU 01/08/2002 N°0632 AU 25/09/2002 N°0784,"COURRIER DEPART, SONABHY. ANA. DIPLOM  : (CORRESPONDANCE)",
0539,2002.,0137/SG,COURRIER DEPART DU 26/09/2002 N°0785 AU 08/11/2002 N°0910,"COURRIER DEPART, SONABHY. ANA. DIPLOM  : (CORRESPONDANCE)",
0540,2002.,0138/SG,COURRIER DEPART DU 08/11/2002 N°0911 AU 31/12/2002 N°1095,"COURRIER DEPART, SONABHY. ANA. DIPLOM  : (CORRESPONDANCE)",
0541,2003.,0139/SG,COURRIER DEPART DU 02/01/2003 N°0001 AU 07/02/2003 N°0128,"COURRIER DEPART, SONABHY. ANA. DIPLOM  : (CORRESPONDANCE)",
0542,2003.,0140/SG,COURRIER DEPART DU 10/02/2003 N° 0129 AU 21/03/2003 N°0256,"COURRIER DEPART, SONABHY. ANA. DIPLOM  : (CORRESPONDANCE)",
0543,2003.,0141/SG,COURRIER DEPART DU 21/03/2003 N°0257 AU 02/05/2003 N°0369,"COURRIER DEPART, SONABHY. ANA. DIPLOM  : (CORRESPONDANCE)",
0544,2003.,0142/SG,COURRIER DEPART DU 05/05/2003 N°0370 AU 20/06/2003 N°0512,"COURRIER DEPART, SONABHY, CONTRAT. ANA. DIPLOM  : (CORRESPONDANCE)",
0545,2003.,0143/SG,COURRIER DU 20/06/2003 N°0513 AU 25/07/2003 N°0617,"COURRIER DEPART, SONABHY, CONTRAT. ANA. DIPLOM  : (CORRESPONDANCE)",
0546,2003.,0144/SG,COURRIER DEPART DU 28/07/2003 N°0618 AU 29/08/2003 N°0770,"COURRIER DEPART, SONABHY. ANA. DIPLOM  : (CORRESPONDANCE)",
0547,2003.,0145/SG,COURRIER DEPART DU 01/03/2003 N°0771 AU 29/09/2003 N°0874,"COURRIER DEPART, SONABHY. ANA. DIPLOM  : (CORRESPONDANCE)",
0548,2003.,0146/SG,COURRIER DEPART DU 29/09/2003 N°0875 AU 03/11/2003 N°0987,"COURRIER DEPART, SONABHY. ANA. DIPLOM  : (CORRESPONDANCE)",
0549,2003.,0147/SG,COURRIER DEPART DU 04/11/2003 N° 0994 DU 12/12/2003 N° 1140,"COURRIER DEPART, SONABHY, CONTRAT. ANA. DIPLOM  : (CORRESPONDANCE)",
0550,2001.,0148/SG,COURRIER ARRIVEE DE JANVIER A JUIN 2001 N°0103-0549,"COURRIER ARRIVEE, SONABHY. ANA. DIPLOM  : (CORRESPONDANCE)",
0551,2001.,0149/SG,COURRIER ARRIVEE DE AOUT A OCTOBRE 2001 N° 509-990,"COURRIER ARRIVEE, SONABHY. ANA. DIPLOM  : (CORRESPONDANCE)",
0552,2001-2002.,0150/SG,COURRIER ARRIVEE DE NOVEMBRE 2001 N°1015 A MARS 2002 N°226,"COURRIER ARRIVEE, SONABHY. ANA. DIPLOM  : (CORRESPONDANCE)",
0553,2002.,0151/SG,COURRIER ARRIVEE DE MARS A JUIN 2002 N°243-784,"COURRIER ARRIVEE, SONABHY. ANA. DIPLOM  : (CORRESPONDANCE)",
0554,2002.,0152/SG,COURRIER ARRIVEE DE JUIN A AOUT 2002 N°506 - 670,"COURRIER ARRIVEE, SONABHY. ANA. DIPLOM  : (CORRESPONDANCE)",
0555,2002-2003.,0153/SG,COURRIER ARRIVEE AOUT 2002 N° 674 A JANVIER 2003 N° 095,"COURRIER ARRIVEE, SONABHY. ANA. DIPLOM  : (CORRESPONDANCE)",
0556,2003.,0154/SG,COURRIER ARRIVEE DE JANVIER A JUIN 2003 N° 0097-0490,"COURRIER ARRIVEE, SONABHY. ANA. DIPLOM  : (CORRESPONDANCE)",
0557,2003.,0155/SG,COURRIER ARRIVEE DE JUIN A SEPTEMBRE 2003 N°0494-0858,"COURRIER ARRIVEE, SONABHY. ANA. DIPLOM  : (CORRESPONDANCE)",
0558,2003.,0156/SG,COURRIER ARRIVEE DE JUILLET A DECEMBRE 2003 N°0219-1120,"COURRIER ARRIVEE, SONABHY. ANA. DIPLOM  : (CORRESPONDANCE)",
0559,1994-2003.,0157/SG,"DIVERS COURRIERS 1994, 1996 A 2003","COURRIER, SONABHY. ANA. DIPLOM  : (CORRESPONDANCE)",
2004,2000-2004.,0158/SG,SITUATION DE TRESORERIE DE SEPTEMBRE 2000 A FEVRIER,"TRESORERIE, BANQUE, SONABHY. ANA. DIPLOM  : (ETAT)",
0561,1999-2003.,0159/SG,ETAT DE LA DIRECTION TECHNIQUE,"DEPOT BINGO, SORTIE, RECEPTION, PRODUIT PETROLIER. ANA. DIPLOM  : (ETAT, INVENTAIRE)",
0562,1999-2003.,0160/SG,,"COURRIER, SONABHY. ANA. DIPLOM  : (CORRESPONDANCE)",
0563,1995-1998.,0161/SG,COMITE DE GESTION DE L'INFIRMERIE SIEGE SONABHY,"INFIRMERIE, GESTION, SONABHY. ANA. DIPLOM  : (CORRESPONDANCE)",
0564,1995.,0052/CI,AUDIT ORGANISATION ET AUDIT DES COMPTES 1986-1993,"AUDIT, CONTROLE INTERNE, COMPTE, SONABHY. ANA. DIPLOM  : (RAPPORT)",
0565,1997.,0053/CI,AUDIT DES COMPTES 1994-1995 PAR SECCAPI,"AUDIT, CONTROLE INTERNE, COMPTE, SONABHY, SECCAPI. ANA. DIPLOM  : (CORRESPONDANCE, RAPPORT, MARCHE)",
0566,1998.,0054/CI,AUDIT DES COMPTES 1996-1997 : SOFIDEC,"AUDIT, COMPTE, CONTROLE INTERNE, SOFIDEC, SONABHY. ANA. DIPLOM  : (CORRESPONDANCE, OFFRE, MARCHE)",
0567,1998-1999.,0055/CI,AUDIT DES COMPTES 1996-1997 PAR SOFIDEC : EXECUTION,"AUDIT, COMPTE, CONTROLE INTERNE, SONABHY, SOFIDEC. ANA. DIPLOM  : (CORRESPONDANCE, RAPPORT)",
0568,2000.,0056/CI,AUDIT DES COMPTES 1998-1999 PAR FIDUTEC : CONSULTATION,"AUDIT, COMPTE, CONTROLE INTERNE, FIDUTEC, SONABHY. ANA. DIPLOM  : (CORRESPONDANCE, OFFRE)",
0569,2001.,0057/CI,AUDIT DES COMPTES 1998-1999 PAR FIDUTEC : RAPPORTS,"AUDIT, COMPTE, CONTROLE INTERNE, FIDUTEC, SONABHY. ANA. DIPLOM  : (RAPPORT)",
0570,2000-2001.,0058/CI,AUDIT DES COMPTES 1998-1999 PAR FIDUTEC : RAPPORT PROVISOIRE + TRAVAUX SUPPLEMENTAIRES,"AUDIT, COMPTE, CONTROLE INTERNE, FIDUTEC, SONABHY. ANA. DIPLOM  : (CORRESPONDANCE, RAPPORT)",
0571,1997.,0059/CI,AUDIT INFORMATIQUE 1997 DE LA SONABHY,"AUDIT, INFORMATIQUE, CONTROLE INTERNE, SONABHY. ANA. DIPLOM  : (CORRESPONDANCE, DOCUMENTATION, OFFRE, MARCHE)",
0572,1997-1998.,0060/CI,AUDIT INFORMATIQUE 1997-1998 DE LA SONABHY,"AUDIT, CONTROLE INTERNE, INFORMATIQUE, SONABHY. ANA. DIPLOM  : (RAPPORT, CORRESPONDANCE)",
0573,1996-1998.,0061/CI,AUDIT DES RESSOURCES HUMAINES 1996-1998,"AUDIT, RESSOURCE HUMAINE, CONTROLE INTERNE, GESTION, SONABHY. ANA. DIPLOM  : (CORRESPONDANCE, OFFRE, RAPPORT)",
0574,2001-2002.,0062/CI,AUDIT GESTION DES MAGASINS SONABHY PAR ACECA INTERNATIONAL,"AUDIT, GESTION DE STOCK, MATERIEL, ACECA INTERNATIONAL, SONABHY. ANA. DIPLOM  : (CORRESPONDANCE, OFFRE, RAPPORT)",
0575,1998-1999.,0063/CI,INTERIM SECRETARIAT GENERAL ASSURE PAR CONTROLE INTERNE : I,"INTERIM, SECRETARIAT GENERAL, CONTROLE INTERNE, SONABHY. ANA. DIPLOM  : (DOSSIER)",
0576,1998-1999.,0064/CI,INTERIM SECRETARIAT GENERAL ASSURE PAR CONTROLE INTERNE : II,"INTERIM, SECRETARIAT GENERAL, SONABHY, CONTROLE INTERNE. ANA. DIPLOM  : (DOSSIER)",
0577,1998-1999.,0065/CI,INTERIM SECRETARIAT GENERAL ASSURE PAR CONTROLE INTERNE : III,"INTERIM, SONABHY, SECRETARIAT GENERAL, SONABHY. ANA. DIPLOM  : (DOSSIER)",
0578,1996-2001.,0066/CI,BUDGET 1997-1998 SONABHY - TRESORERIE 2000,"BUDGET, FINANCE, TRESORERIE, SONABHY. ANA. DIPLOM  : (CORRESPONDANCE, RAPPORT, ETAT)",
0579,1996.,0067/CI,TRAVAUX ELABORATION DU MANUEL DE PROCEDURES,"MANUEL DE PROCEDURE, SONABHY. ANA. DIPLOM  : (CORRESPONDANCE, MANUEL)",
0580,1996-1997.,0068/CI,SECURITE DEPOTS PETROLIERS - DEPOT JET -  AERO OUAGA,"SECURITE, DEPOT PETROLIER, GESTOCI, STSL, SONIDEP, JET, AEROPORT. ANA. DIPLOM  : (CORRESPONDANCE, RAPPORT, ORGANIGRAMME, ETAT)",
0581,1995-1999.,0069/CI,PROJET SIMGAZ - APPROVISIONNEMENT EN PRODUITS PETROLIERS,"SIMGAZ, SONABHY, BOUTEILLE DE GAZ, PRODUIT PETROLIER, APPROVISIONNEMENT, COTE D'IVOIRE. ANA. DIPLOM  : (CORRESPONDANCE, DOCUMENTATION)",
0582,1997-1999.,0070/CI,PROJET EXTENSION : EXECUTION 1 BOBO ET BINGO,"EXTENSION, DEPOT BOBO, PRODUIT PETROLIER, STOCKAGE, DEPOT BINGO. ANA. DIPLOM  : (CORRESPONDANCE, CONTRAT)",
0583,1998-1999.,0071/CI,PROJET EXTENSION : EXECUTION 2 BOBO ET BINGO,"EXTENSION, DEPOT BOBO, DEPOT BINGO, STOCKAGE, PRODUIT PETROLIER, SONABHY. ANA. DIPLOM  : (CORRESPONDANCE, CONTRAT)",
0584,1996-2000.,0072/CI,PROJET EXTENSION : SPHERE 94-95 GESTION CENTRALISEE DU PARC DE STOCKAGE BOBO ET BINGO,"EXTENSIO DEPOT, SPHERE, STOCKAGE, GESTION CENTRALISEE, DEPOT BOBO, DEPOT BINGO. ANA. DIPLOM  : (CONTRAT, CORRESPONDANCE, RAPPORT)",
0585,2000.,0073/CI,ETUDE ET SUPERVISION DES TRAVAUX DE MODERNISATION DES ACTIVITES GAZ DE LA SONABHY : PROPOSITION TECHNIQUE VOL 1,"GAZ, MODERNISATION, SONABHY. ANA. DIPLOM  : (PROPOSITION TECHNIQUE)",
0586,1999-2001.,0075/CI,"DIVERS DOSSIERS : COURRIER, RAPPORT 1999-2001","COURRIER, CONTROLE INTERNE, SONABHY. ANA. DIPLOM  : (LETTRE, FAX, TELEX, RAPPORT, PROCES VERBAL, COMPTE RENDU)",
0587,1995-1999.,0076/CI,"DOSSIERS : OFFRES DE SERVICE, BUDGET 1995 1996 1999","BUDGET, COURRIER, SONABHY. ANA. DIPLOM  : (CORRESPONDANCE, RAPPORT)",
0588,1997-1998.,0077/CI,"MANUEL DE PROCEDURES : EVALUATIONS, MISE A JOUR","MANUEL DE PROCEDURE, ADMINISTRATION, SONABHY. ANA. DIPLOM  : (CORRESPONDANCE, RAPPORT)",
0589,1997-1998.,0078/CI,ORYX BENIN : DOSSIER DE BASE N°2,"ORYX BENIN, PRODUIT PETROLIER, SONABHY. ANA. DIPLOM  : (CORRESPONDANCE, CONVENTION)",
0590,1999.,0079/CI,ORYX BENIN : DOSSIER DE BASE,"ORYX BENIN, PRODUIT PETROLIER, SONABHY. ANA. DIPLOM  : (CORRESPONDANCE)",
0591,1998-1999.,0080/CI,"COMPTABILITE : SYSCOA, COMPTABILITE ANALYTIQUE ET STOCKS","COMPTABILITE, SYSCOA, STOCK, PRODUIT PETROLIER. ANA. DIPLOM  : (CORRESPONDANCE)",
0592,1999-2000.,0081/CI,"FACTURATION TRANSPORT D'HYDROCARBURE, EXPLOITATION DES DEPOTS","SONABHY, CONTROLE INTERNE, TRANSPORT, DEPOT PETROLIER. ANA. DIPLOM  : (ETAT, FACTURE, CORRESPONDANCE)",
0593,1999-2001.,0082/CI,AUDIT DES COMPTES SONABHY : COMMISSION PRIVATISATION,"AUDIT, CONTROLE INTERNE, SONABHY, COMPTE, PRIVATISATION. ANA. DIPLOM  : (CORRESPONDANCE, RAPPORT)",
0594,2000.,0083/CI,GESTION DES IMMOBILISATIONS : SOFIDEC I,"GESTION, MATERIEL, SONABHY, SOFIDEC. ANA. DIPLOM  : (ETAT, CORRESPONDANCE, RAPPORT)",
0595,2000.,0084/CI,GESTION DES IMMOBILISATIONS : SOFIDEC II,"GESTION, MATERIEL, SONABHY, SOFIDEC. ANA. DIPLOM  : (CORRESPONDANCE, ETAT, RAPPORT)",
0596,2000.,0085/CI,GESTION DES IMMOBILISATIONS : SOFIDEC III,"GESTION, MATERIEL, SONABHY, SOFIDEC. ANA. DIPLOM  : (RAPPORT)",
0597,2000-2002.,0086/CI,,"APPROVISIONNEMENT, PRODUIT PETROLIER, DOUANE, DOSSIER CONTENTIEUX. ANA. DIPLOM  : (CORRESPONDANCE)",
0598,2001.,0087/CI,"STRUCTURE DES PRIX : TARIFICATION, MECANISME","PRODUIT PETROLIER, STRUCTURE DE PRIX, VENTE. ANA. DIPLOM  : (RAPPORT)",
0599,2002.,0088/CI,VEHICULE INCENDIE BOBO,"SONABHY, SECURITE, VEHICULE, INCENDIE, DEPOT BOBO. ANA. DIPLOM  : (CORRESPONDANCE, RAPPORT)",
0600,2002.,0089/CI,ORGANIGRAMME ADOPTION CA : FOND DE DOSSIER,"SONABHY, CONSEIL D'ADMINISTRATION, ORGANIGRAMME, CONSEIL D'. ANA. DIPLOM  : (CORRESPONDANCE)",
0601,2002.,0090/CI,MODERNISATION GPL N°1,"SONABHY, GAZ, EXPLOITATION, GPL. ANA. DIPLOM  : (CORRESPONDANCE, RAPPORT)",
0602,2004.,0091/CI,PLAN STRATEGIQUE 2004-2008 : DOSSIER N°1,"SONABHY, PLAN STRATEGIQUE. ANA. DIPLOM  : (CORRESPONDANCE, PLAN)",
0603,1989.,0001/SI,PRESTATIONS SERVICE INFORMATIQUE PSI,"PSI, INFORMATIQUE, SONABHY. ANA. DIPLOM  : (RAPPORT, GUIDE)",
0604,1989-2002.,0002/SI,CONTRATS CONVENTIONS 1989-1998 - FACTURES DE MATERIELS INFORMATIQUES 1992-2002,"INFORMATIQUE, CONTRAT, CONVENTION, MATERIEL INFORMATIQUE, LOGICIEL. ANA. DIPLOM  : (FACTURE, CONTRAT)",
0605,1989-2004.,0003/SI,DOSSIER REUTERS - BUDGET 2000 ET 2004 - DIVERS DOSSIERS INFORMATIQUES,"INFORMATIQUE, BUDGET, REUTERS, SONABHY. ANA. DIPLOM  : (CORRESPONDANCE, DOSSIER)",
0606,1989-2003.,0004/SI,COURRIER ARRIVEE 1989-2003,"INFORMATIQUE, COURRIER, SONABHY. ANA. DIPLOM  : (LETTRE)",
0607,1990-2004.,0005/SI,,"INFORMATIQUE, COURRIER, SONABHY. ANA. DIPLOM  : (LETTRE, RAPPORT, ORDRE DE MISSION, NOTE DE SERVICE, COMPTE RENDU, PROCES VERBAL)",
0608,1990-1994.,0006/SI,"PSI : FACTURES, RAPPORT DE PRESTATION, GESTION STOCK - SDI : CONSEIL D'ADMINISTRATION DU 17 MARS 1995, INTELAR","PSI, INFORMATIQUE, SCHEMA DIRECTEUR INFORMATIQUE, INTELAR, SONABHY. ANA. DIPLOM  : (CORRESPONDANCE, FACTURE, RAPPORT)",
0609,1990-1997.,0007/SI,"RECRUTEMENT AGENTS 1995, 1997 - DESCRIPTION DES POSTES, DEMANDE DE STAGE","RECRUTEMENT, RESSOURCE HUMAINE, STAGE, INFORMATIQUE. ANA. DIPLOM  : (CORRESPONDANCE)",
0610,1992-1995.,0008/SI,SUPPORT DE COURS EN INFORMATIQUE,"INFORMATIQUE, FORMATION, SONABHY, LOGICIEL. ANA. DIPLOM  : (SUPPORT DE COURS)",
0611,1994.,0009/SI,SCHEMA DIRECTEUR INFORMATIQUE,"SCHEMA DIRECTEUR INFORMATIQUE, SIR, SONABHY, INFORMATIQUE. ANA. DIPLOM  : (RAPPORT)",
0612,1994-2002.,0010/SI,"FORMATION DES DIRIGEANTS CREATIS INFORMATIQUE - FORMATION PERFECTIONNEMENT SYBEL - MISSION, STAGE, SEMINAIRES","FORMATION, INFORMATIQUE, SYBEL, CREATIS INFORMATIQUE, SONABHY. ANA. DIPLOM  : (CORRESPONDANCE, RAPPORT)",
0613,1995-2000.,0011/SI,"TELEJAUGEAGE - AS/400 SERVEUR RESEAUX - CAHIER DES CHARGES - CABLAGE SONABHY, ABONNEMENT INTERNET","INFORMATIQUE, TELEJAUGEAGE, CABLAGE, RESEAU, INTERNET, SONABHY. ANA. DIPLOM  : (CORRESPONDANCE)",
0614,1995-2001.,0012/SI,LOGICIEL D'APPROVISIONNEMENT 2000 - APPEL D'OFFRE MATERIEL INFORMATIQUE 01 - CENATRIN 1996 - APPLICATIONS - ASHTAY INTERNATIONAL - PLAN NATIONAL INFORMATIQUE,"INFORMATIQUE, LOGICIEL, APPROVISIONNEMENT, PNI, ASHTAY INTERNATIONAL, CENATRIN. ANA. DIPLOM  : (CORRESPONDANCE)",
0615,1996.,0013/SI,"DOSSIER GIA & GIE = GESTION INFORMATISEE DES APPROVISIONNEMENTS, GESTION INFORMATISEE DES ENLEVEMENTS","GESTION, PRODUIT PETROLIER, INFORMATIQUE, APPROVISIONNEMENT, ENLEVEMENT, SONABHY. ANA. DIPLOM  : (RAPPORT)",
0616,1997.,0014/SI,AUDIT INFORMATIQUE 1997,"INFORMATIQUE, AUDIT, SONABHY. ANA. DIPLOM  : (RAPPORT)",
0617,2001-2002.,0015/SI,RAPPORTS D'ACTIVITES ET PROJET DE BUDGET DU SERVICE INFORMATIQUE,"ACTIVITE, BUDGET, INFORMATIQUE, SONABHY. ANA. DIPLOM  : (RAPPORT)",
0618,2000.,0074/CI,ETUDE ET SUPERVISION DES TRAVAUX DE MODERNISATION DES ACTIVITES GAZ DE LA SONABHY : PROPOSITION TECHNIQUE VOL 2,"GAZ, MODERNISATION, SONABHY. ANA. DIPLOM  : (PROPOSITION TECHNIQUE)","BORDEREAU N°586 sauté, enjambant un décalage. Il devient le N°618 pour corriger le décalage."
0619,2001-2002.,0276/CR,TELEX ARRIVEE JANVIER 2001 A SEPTEMBRE 2002,"COURRIER, SONABHY. ANA. DIPLOM  : (TELEX)",
0620,"NOVEMBRE-DECEMBRE, 2003.",0277/CR,FAX DEPART N°481-529,"COURRIER, SONABHY. ANA. DIPLOM  : (FAX)",
0621,"JANVIER-MARS , 2004.",0278/CR,FAX DEPART N°001-134,"COURRIER, SONABHY. ANA. DIPLOM  : (FAX)",
0622,"AVRIL-JUIN, 2004.",0279/CR,FAX DEPART N°135-267,"COURRIER, SONABHY. ANA. DIPLOM  : (FAX)",
0623,"JUILLET-NOVEMBRE , 2004.",0280/CR,FAX DEPART N°268-444,"COURRIER, SONABHY. ANA. DIPLOM  : (FAX)",
0624,"NOVEMBRE-DECEMBRE, 2003.",0281/CR,FAX ARRIVEE N°432-1303,"COURRIER, SONABHY. ANA. DIPLOM  : (FAX)",
0625,"JANVIER-MARS, 2004.",0282/CR,FAX ARRIVEE N°001-304,"COURRIER, SONABHY. ANA. DIPLOM  : (FAX)",
0626,"AVRIL-JUIN, 2004.",0283/CR,FAX ARRIVEE N°308-634,"COURRIER, SONABHY. ANA. DIPLOM  : (FAX)",
0627,"JUILLET-SEPTEMBRE, 2004.",0284/CR,FAX ARRIVEE N°635-998,"COURRIER, SONABHY. ANA. DIPLOM  : (FAX)",
0628,"OCTOBRE-DECEMBRE, 2004.",0285/CR,FAX ARRIVEE N°999-1299,"COURRIER, SONABHY. ANA. DIPLOM  : (FAX)",
0629,2003-2004.,0286/CR,DIVERS DOCUMENTS : 2003-2004,"COURRIER, SONABHY. ANA. DIPLOM  : (CORRESPONDANCE)",
0630,2004.,0287/CR,DIVERS DOCUMENTS 2004,"COURRIER, SONABHY. ANA. DIPLOM  : (CORRESPONDANCE)",
0631,1996-2004.,0162/SG,COURRIER ARRIVEE,"COURRIER ARRIVEE, SONABHY, SECRETARIAT GENERAL. ANA. DIPLOM  : (FAX, TELEX)",LACUNE 1996.
0632,1996-2004.,0163/SG,COURRIER DEPART,"COURRIER DEPART, SONABHY,  SECRETARIAT GENERAL. ANA. DIPLOM  : (FAX)",
0633,"JANVIER-DECEMBRE, 2004.",0164/SG,COURRIER ARRIVEE JANVIER-DECEMBRE 2004,"CORRESPONDANCE ARRIVEE, LETTRE. ANA. DIPLOM  : (LETTRE)",
0634,2001. 2002. 2003. 2004.,0165/SG,"DIVERS COURRIERS : COURRIERS ARRIVEES, DEPART ET INTERNES DE LA SONABHY 2001-2004","CORRESPONDANCE, COURRIER INTERNE, DECISION, NOTE DE SERVICE, CIRCULAIRE, NOTE DE  DEBIT, PROGRAMME DE STAGE, COMPTE RENDU, RAPPORT, SITUATION DES PROJETS. ANA. DIPLOM  : (CORRESPONDANCE)",
0635,"JANVIER-MARS, 2004.",0166/SG,COURRIER DEPART JANVIER-MARS 2004,"CORRESPONDANCE, CERTIFICAT DE PRISE EN CHARGE, ATTESTATION DE PRISE EN CHARCE, AIDE A L' EQUIPEMENT, CONFIRMATION DE SOLDE, AVANCE SUR SALAIRE. ANA. DIPLOM  : (COURRIER)",
0636,"JANVIER-MARS, 2004.",0167/SG,CORRESPONDANCE JANVIER A MARS 2004,"DECISION, NOTE DE SERVICE, CIRCULAIRE, ATTESTATION DE STAGE, CERTIFICAT DE TRAVAIL, LETTRE D' ENGAGEMENT, CONTRAT DE TRAVAIL A DUREE DETERMINEE, VIREMENT, CONSULTATION RESTREINTE. ANA. DIPLOM  : (CORRESPONDANCE)",
0637,"AVRIL-JUIN, 2004.",0168/SG,CORRESPONDANCE DEPART : AVRIL A JUIN 2004,"CORRESPONDANCE, DIVERS PARTENAIRES. ANA. DIPLOM  : (CORRESPONDANCE)",
0638,"MAI-JUIN, 2004.",0169/SG,CORRESPONDANCE DEPART : MAI A JUIN 2004,"CORRESPONDANCE DEPART, DOSSIER DU PERSONNEL, DECISION, CONTRAT DE TRAVAIL A DUREE DETERMINEE, AVIS D'APPEL D'OFFRE, CERTIFICAT DE TRAVAIL, ATTESTATION DE STAGE, CONSULTATION RESTREINTE, VIREMENT, CIRCULAIRE, NOTE DE SERVICE. ANA. DIPLOM  : (CORRESPONDANCE)",
0639,"JUILLET-SEPTEMBRE, 2004.",0170/SG,CORRESPONDANCE DEPART : JUILLET A SEPTEMBRE 2004,"CORRESPONDANCE DEPART, DIVERS PARTENAIRES. ANA. DIPLOM  : (CORRESPONDANCE)",
0640,"JUILLET-SEPTEMBRE, 2004.",0171/SG,CORRESPONDANCE DEPART : JUILLET A SEPTEMBRE 2004,"CORRESPONDANCE, CERTIFICAT DE PRISE DE SERVICE, CONTRAT TEMPORAIRE DE TRAVAIL, CONTRAT A DUREE DETERMINEE, CONSULTATION RESTREINTE, APPEL D'OFFRE, DEMANDE D'EMPLOI, NOTE DE SERVICE, ATTESTATION DE STAGE, VIREMENT, DECISION, ENGAGEMENT, ATTESTATION DE PRISE EN CHARCE, CERTICAT DE CESSATION DE SERVICE. ANA. DIPLOM  : (CORRESPONDANCE)",
0641,2003-2004.,0172/SG,DIVERS ETATS DE LA DIRECTION TECHNIQUE,"SITUATION DE STOCKS, ANALYSE MENSUELLE DES ECARTS D'EXPLOITATION, ETAT DECADAIRE DES SORTIES ET RECEPTIONS, RECAPITULATIF DES RECEPTIONS, FICHE D'INVENTAIRE, RAPPORT D'INVENTAIRE PHYSIQUE, PREVISION DE RECOUVREMENT, ARRETE, NOTE DE SERVICE. ANA. DIPLOM  : (ETAT)",
0642,2000 I.,0173/SG,PIECES JOINTES DU COURRIER DEPART N° 00/357 DU 17-05-2000,"COURRIER DEPART, PIECE JOINTE, DOCUMENT ESSENTIEL. ANA. DIPLOM  : (RAPPORT, DECRET, CONTRAT)",
0643,2000 II.,0174/SG,"PIECES JOINTES DU COURRIER DEPART N° 00/562 DU 28/07/000, N° 00/411 DU 07/06/2000, N° 00/438 DU 19/06/2000, N° 00/678 DU 19/09/2000","COURRIER DEPART, PIECE JOINTE. ANA. DIPLOM  : (RAPPORT, CORRESPONDANCE)",
0644,2001.,0175/SG,"PIECES JOINTES DU COURRIER N° 01/519 DU 19/06/2001, N° 01/167 DU 27/02/2001, N° 01/556, N° 01/901 N° 01/477, N° 01/336, N° 01/475","COURRIER , PIECE JOINTE. ANA. DIPLOM  : (RAPPORT, CORRESPONDANCE)",
0645,2002.,0176/SG,"PIECES JOINTES DU COURRIER N° 02/363, N° 02/354, N° 02/619, N° 02/519, N°02/459, N° 02/953, N° 02/405","COURRIER , PIECE JOINTE. ANA. DIPLOM  : (RAPPORT, CORRESPONDANCE)",
0646,2003 I.,0177/SG,"PIECES JOINTES DU COURRIER N° 03/269, N° 03/332, N° 03/040, N° 03/425, N° 03/572;N° 03/391","COURRIER , PIECE JOINTE. ANA. DIPLOM  : (RAPPORT, CORRESPONDANCE)",
0647,2003 II.,0178/SG,"PIECES JOINTES DU COURRIER N° 03/713, N° 03/801, N° 03/185, N° 03/186","COURRIER , PIECE JOINTE. ANA. DIPLOM  : (RAPPORT, PROCES VERBAL)",
0648,2004.,0179/SG,"PIECES JOINTES DU COURRIER N° 04/886, N° 04/894, N° 04/792, N° 04/1140, N° 04/577,  N° 04/672, N° 04/521","COURRIER , PIECE JOINTE. ANA. DIPLOM  : (RAPPORT, CORRESPONDANCE)",
0649,"18. MARS, 2005.",0058/CA,CONSEIL D'ADMINISTRATION DE LA SONABHY DU 18 MARS 2005 AU SIEGE,"CONSEIL D'ADMINISTRATION, SONABHY. ANA. DIPLOM  : (LETTRE)",
0650,"30-1ER. JUIN-JUILLET, 2005.",0096/DG,ASSEMBLEE GENERALE DES SOCIETES D'ETAT 30 JUIN AU 1ER JUILLET 2005,"SOCIETE D'ETAT, ASSEMBLEE GENERALE, SONABHY. ANA. DIPLOM  : (RAPPORT, CORRESPONDANCE)",
0651,"JANVIER-MARS 2005, 2005.",0288/CR,,"FAX DEPART, SONABHY, PRODUIT PETROLIER. ANA. DIPLOM  : (CORRESPONDANCE)",
0652,"AVRIL-JUIN, 2005.",0289/CR,,"FAX DEPART, SONABHY, PRODUIT PETROLIER. ANA. DIPLOM  : (CORRESPONDANCE)",
0653,"JUILLET-SEPTEMBRE, 2005.",0290/CR,,"FAX DEPART, SONABHY, PRODUIT PETROLIER. ANA. DIPLOM  : (CORRESPONDANCE)",
0654,"OCTOBRE-DECEMBRE, 2005.",0291/CR,,"FAX DEPART, SONABHY, PRODUIT PETROLIER. ANA. DIPLOM  : (CORRESPONDANCE)",LE MOIS DE DECEMBRE EST INCOMPLET.
0655,"JANVIER-FEVRIER, 2005.",0292/CR,,"FAX ARRIVEE, SONABHY, PRODUIT PETROLIER. ANA. DIPLOM  : (CORRESPONDANCE)",
0656,"MARS-AVRIL, 2005.",0293/CR,,"FAX ARRIVEE, SONABHY, PRODUIT PETROLIER. ANA. DIPLOM  : (CORRESPONDANCE)",
0657,"MAI-JUIN, 2005.",0294/CR,,"FAX ARRIVEE, SONABHY, PRODUIT PETROLIER. ANA. DIPLOM  : (CORRESPONDANCE)",
0658,"JUILLET-AOUT, 2005.",0295/CR,,"FAX ARRIVEE, SONABHY, PRODUIT PETROLIER. ANA. DIPLOM  : (CORRESPONDANCE)",
0659,"SEPTEMBRE-OCTOBRE, 2005.",0296/CR,,"FAX ARRIVEE, SONABHY, PRODUIT PETROLIER. ANA. DIPLOM  : (CORRESPONDANCE)",
0660,"NOVEMBRE-DECEMBRE, 2005.",0297/CR,,"FAX ARRIVEE, SONABHY, PRODUIT PETROLIER. ANA. DIPLOM  : (CORRESPONDANCE)",LE MOIS DE DECEMBRE EST INCOMPLET.
0661,2005.,0298/CR,COURRIER ARRIVEE ET DEPART 2005,"COURRIER, SONABHY, PRODUIT PETROLIER. ANA. DIPLOM  : (CORRESPONDANCE)",
0662,2005.,0299/CR,,"COURRIER, SONABHY. ANA. DIPLOM  : (CORRESPONDANCE)",
0663,2005.,0300/CR,,"COURRIER, SONABHY. ANA. DIPLOM  : (CORRESPONDANCE)",
0664,2000-2004.,0016/SI,COURRIER ARRIVEE ET DEPART 2000 - 2004 DU SERVICE INFORMATIQUE,"LETTRE DEPART, LETTRE ARRIVEE, INFORMATIQUE. ANA. DIPLOM  : (CORRESPONDANCE)",
0665,1999-2004.,0017/SI,"COURRIER ARRIVEE ET DEPART 2000-2004 DU SERVICE ""INFORMATIQUE ; CONTRAT SAGE 1999""","NOTE DE SERVICE, FICHE TECHNIQUE, PROCES VERBAL, COMPTE RENDU, CONTRAT SAGE, INFORMATIQUE. ANA. DIPLOM  : (CORRESPONDANCE, CONTRAT)",
0666,1999-2001.,0075/CI,"DIVERS DOSSIERS : COURRIER, RAPPORT 1999-2001","COURRIER, CONTROLE INTERNE, SONABHY. ANA. DIPLOM  : (LETTRE, FAX, TELEX, RAPPORT, PROCES VERBAL, COMPTE RENDU)",
0667,1995-1999.,0076/CI,"DOSSIERS : OFFRES DE SERVICE, BUDGET 1995 1996 1999","BUDGET, COURRIER, SONABHY. ANA. DIPLOM  : (CORRESPONDANCE, RAPPORT)",
0668,1997-1998.,0077/CI,"MANUEL DE PROCEDURES : EVALUATIONS, MISE A JOUR","MANUEL DE PROCEDURE, ADMINISTRATION, SONABHY. ANA. DIPLOM  : (CORRESPONDANCE, RAPPORT)",
0669,1997-1998.,0078/CI,ORYX BENIN : DOSSIER DE BASE N°2,"ORYX BENIN, PRODUIT PETROLIER, SONABHY. ANA. DIPLOM  : (CORRESPONDANCE, CONVENTION)",
0670,1999.,0079/CI,ORYX BENIN : DOSSIER DE BASE,"ORYX BENIN, PRODUIT PETROLIER, SONABHY. ANA. DIPLOM  : (CORRESPONDANCE)",
0671,1998-1999.,0080/CI,"COMPTABILITE : SYSCOA, COMPTABILITE ANALYTIQUE ET STOCKS","COMPTABILITE, SYSCOA, STOCK, PRODUIT PETROLIER. ANA. DIPLOM  : (CORRESPONDANCE)",
0672,1999-2000.,0081/CI,"FACTURATION TRANSPORT D'HYDROCARBURE, EXPLOITATION DES DEPOTS","SONABHY, CONTROLE INTERNE, TRANSPORT, DEPOT PETROLIER. ANA. DIPLOM  : (ETAT, FACTURE, CORRESPONDANCE)",
0673,1999-2001.,0082/CI,AUDIT DES COMPTES SONABHY : COMMISSION PRIVATISATION,"AUDIT, CONTROLE INTERNE, SONABHY, COMPTE, PRIVATISATION. ANA. DIPLOM  : (CORRESPONDANCE, RAPPORT)",
0674,2000.,0083/CI,GESTION DES IMMOBILISATIONS : SOFIDEC I,"GESTION, MATERIEL, SONABHY, SOFIDEC. ANA. DIPLOM  : (ETAT, CORRESPONDANCE, RAPPORT)",
0675,2000.,0084/CI,GESTION DES IMMOBILISATIONS : SOFIDEC II,"GESTION, MATERIEL, SONABHY, SOFIDEC. ANA. DIPLOM  : (CORRESPONDANCE, ETAT, RAPPORT)",
0676,2000.,0085/CI,GESTION DES IMMOBILISATIONS : SOFIDEC III,"GESTION, MATERIEL, SONABHY, SOFIDEC. ANA. DIPLOM  : (RAPPORT)",
0677,2000-2002.,0086/CI,,"APPROVISIONNEMENT, PRODUIT PETROLIER, DOUANE, DOSSIER CONTENTIEUX. ANA. DIPLOM  : (CORRESPONDANCE)",
0678,2001.,0087/CI,"STRUCTURE DES PRIX : TARIFICATION, MECANISME","PRODUIT PETROLIER, STRUCTURE DE PRIX, VENTE. ANA. DIPLOM  : (RAPPORT)",
0679,2002.,0088/CI,VEHICULE INCENDIE BOBO,"SONABHY, SECURITE, VEHICULE, INCENDIE, DEPOT BOBO. ANA. DIPLOM  : (CORRESPONDANCE, RAPPORT)",
0680,2002.,0089/CI,ORGANIGRAMME ADOPTION CA : FOND DE DOSSIER,"SONABHY, CONSEIL D'ADMINISTRATION, ORGANIGRAMME, CONSEIL D'. ANA. DIPLOM  : (CORRESPONDANCE)",
0681,2002.,0090/CI,MODERNISATION GPL N°1,"SONABHY, GAZ, EXPLOITATION, GPL. ANA. DIPLOM  : (CORRESPONDANCE, RAPPORT)",
0682,2004.,0091/CI,PLAN STRATEGIQUE 2004-2008 : DOSSIER N°1,"SONABHY, PLAN STRATEGIQUE. ANA. DIPLOM  : (CORRESPONDANCE, PLAN)",
2001,"JANVIER-DECEMBRE, 2001.",0092/CI,COURRIER DEPART DU CONTROLE INTERNE JANVIER-DECEMBRE,"COURRIER DEPART, CONTROLE INTERNE, SONABHY. ANA. DIPLOM  : (CORRESPONDANCE)",
0684,2000-2001.,0093/CI,COURRIER ARRIVEE AU CONTROLE INTERNE 2001,"COURRIER ARRIVEE, CONTROLE INTERNE, SONABHY. ANA. DIPLOM  : (CORRESPONDANCE)",
0685,2002-2003.,0094/CI,"COURRIER ARRIVEE AU CONTROLE INTERNE 2002, 2003","COURRIER ARRIVEE, CONTROLE INTERNE, SONABHY. ANA. DIPLOM  : (CORRESPONDANCE)",
0686,2004.,0095/CI,COURRIER ARRIVEE AU CONTROLE INTERNE 2004,"COURRIER ARRIVEE, CONTROLE INTERNE, SONABHY. ANA. DIPLOM  : (CORRESPONDANCE)",
0687,2000-2002.,0096/CI,"NOTES DE SERVICE 2000, 2001, 2002","NOTE DE SERVICE, SONABHY. ANA. DIPLOM  : (CORRESPONDANCE)",
0688,2003.,0097/CI,NOTES DE SERVICE 2003,"NOTE DE SERVICE, SONABHY. ANA. DIPLOM  : (CORRESPONDANCE)",
0689,2000-2003.,0098/CI,DECISIONS DE LA DIRECTION GENERALE,"DECISION, SONABHY. ANA. DIPLOM  : (TEXTE LEGISLATIF)",
0690,2000-2001.,0099/CI,,"PROCES VERBAL, COMPTE RENDU, MISSION, CONTROLE, SONABHY. ANA. DIPLOM  : (CORRESPONDANCE)",
0691,2000-2002.,0100/CI,,"ARRETE, DECRET, CIRCULAIRE, CONTRAT, SONABHY. ANA. DIPLOM  : (TEXTE LEGISLATIF)",
0692,2003-2004.,0101/CI,,"ARRETE, DECRET, SONABHY. ANA. DIPLOM  : (TEXTE LEGISLATIF)",
0693,"JANVIER-FEVRIER, 2005.",0180/SG,,"LETTRE DEPART, SONABHY. ANA. DIPLOM  : (CORRESPONDANCE)",
0694,"MARS-AVRIL, 2005.",0181/SG,,"LETTRE DEPART, SONABHY. ANA. DIPLOM  : (CORRESPONDANCE)",
0695,"MAI-JUIN, 2005.",0182/SG,,"LETTRE DEPART, SONABHY. ANA. DIPLOM  : (CORRESPONDANCE)",
0696,"JUILLET-AOUT, 2005.",0183/SG,,"LETTRE DEPART, SONABHY. ANA. DIPLOM  : (CORRESPONDANCE)",
0697,"SEPTEMBRE-OCTOBRE, 2005.",0184/SG,,"LETTRE DEPART, SONABHY. ANA. DIPLOM  : (CORRESPONDANCE)",
0698,"NOVEMBRE-DECEMBRE, 2005.",0185/SG,,"LETTRE DEPART, SONABHY, PAIEMENT. ANA. DIPLOM  : (CORRESPONDANCE, ETAT)",LE MOIS DE DECEMBRE EST INCOMPLET.
0699,"JANVIER-NOVEMBRE, 2005.",0186/SG,LETTRES ARRIVEE JANVIER A NOVEMBRE 2005,"LETTRE ARRIVEE, SONABHY. ANA. DIPLOM  : (CORRESPONDANCE)",
0700,2005.,0187/SG,,"LETTRE ARRIVEE, SONABHY, COURRIER INTERNE, DOCUMENT FINANCIER. ANA. DIPLOM  : (CORRESPONDANCE)",
0701,"2002-2005, 2005.",0188/SG,COURRIER ARRIVEE ET DEPART : INSTANCES 2002-2005,"COURRIER, SONABHY, INSTANCE. ANA. DIPLOM  : (CORRESPONDANCE)",
0702,"JANVIER-DECEMBRE, 2005.",0189/SG,,"NOTE DE SERVICE, SONABHY, NOTE D'INFORMATION, ORDRE DE MISSION D'AUDIT, CIRCULAIRE. ANA. DIPLOM  : (CORRESPONDANCE)",MOIS DE DECEMBRE INCOMPLET.
0703,2005.,0190/SG,"DECISIONS, CONTRATS ET CONVENTIONS, ATTESTATIONS ET CERTIFICATS 2005","DECISION, CONTRAT, CONVENTION, SONABHY, ATTESTATION DE STAGE, CERTIFICAT DE TRAVAIL, ATTESTION DE TRAVAIL. ANA. DIPLOM  : (CORRESPONDANCE)",MOIS DE DECEMBRE 2005.
0704,2005-2006.,0191/SG,,"COURRIER, SONABHY. ANA. DIPLOM  : (RAPPORT, CONTRAT, ETAT, FONDS DE DOSSIER)",
0705,2020.,0102/CI,"AUDIT ET CONTROLE :AUDIT TECHNIQUE DU DEPOT DE BINGO,RECEPTION PROVISOIRE,1984-1985","AUDIT TECNIQUE, DEPOT, BINGO, RCEPTION PROVISOIRE. ANA. DIPLOM  : (PTOCOLE,  RAPPORT DE VISITE, CORRESPONDANCE, PLANNING DE SEJOUR, PROCES VERBAL DE RECEPTION PROVISIOIRE)",
0706,2020.,0103/CI,"AUDITS ET CONTROLES:RAPPORTD'AUDITS SUR LE SERVICE TRANSIT DE LA SONABHY OUAGADOUGOU,1994","AUDIT, SERVICE TRANSIT, SONABHY, OUAGADOUGOU. ANA. DIPLOM  : (RAPPORT , PERSONNALITE RENCONTREE)",
0707,2020.,0104/CI,"AUDITS ET CONTROLE:AUDIT DU PROGRAMME D'ASSURANCE DE LA SONABHY,1991","AUDIT, PROGRAMME, ASSURRANCE, SONABHY. ANA. DIPLOM  : (CORRESPONDANCE)",
0708,2020.,0105/CI,"AUDIT DE SECURITE DES ACTIONNAIRES DE LA SIR ET RAPPORT D'AUDITS D'EXERCICES CLOS ,1993-1994","AUDIT, SECURITE, ACTIONNAIRE, CLOS. ANA. DIPLOM  : (RPPORT, CORRESPONDANCE)",
0709,2020.,0018/SI,"GESTION DU SYSTEME INFORMATIQUE:INFORMATISATION DE LA SONABHY,1986-1990","INFORMATISATION, SONABHY. ANA. DIPLOM  : (FICGHE D'ACCOMPGNEMENT, ETUDE DE COMPLEMENTAIRE, CORESPONDANCE)",
0710,2020.,0017/SI,"GESTION DU SYSTEME INFORMATIQUE :PROJET DE SCHEMA DIRECTEUR INFORMATIQUE,1994","SCHEMA DIRECTEUR, INFORMATIQUE. ANA. DIPLOM  : (NOTE DE SERVCE, COMMPTE RENDU DE REUNION, CORRESPONDANCE, FICHE TECHNIQUE, NOTE DE SYNTHESE, RAPPORT PRELIMINAIRE)",
0711,2020.,0097/DG,"ADMINISTRATION GENERALE :DOSSIER PRISME ,1991-1994","PRISME, CONTRAT, BILAN, PROGRAMME. ANA. DIPLOM  : (PROGRAMME, BILAN, CORRESPONDANCE)",
0712,2020.,0098/DG,"ADMINISTRATION GENERALE :COMMISSION DE RFLEXION SUR LA REORGANISATION DES ACTIVITES DE LA SONABHY ET DES CAISSES CGP ET CSPPA ,1992-1993","COMMISSION, REFLEXSION, REORGANISATION,  ACTIVTE, SONABHY, CAISSE, CGP, CSPPA. ANA. DIPLOM  : (CORRESPONDANCE, DECRET)",
0713,2020.,0099/DG,"ADMINISTRATION GENERALE :SEMINAIRE SUR LES TAXES SUR LA VALEUR AJOUTEE TVA,1992-1993","SEMINAIRE, TAXE, VALEUR AJOUTEE, TVA. ANA. DIPLOM  : (CORRESPONDANCE, GUIDE DE COMPTABILISATION, TVA, COMPTE RENDU, ANNEXE)",
0714,2020.,0100/DG,"ADMINISTRATION GENERALE:CONTRAT DE FIDECOMMIS,BIB,BOAD,SONABHY,1992-1994","CONTRAT, FIDECOMMIS, BIB, BOAD, SONABHY. ANA. DIPLOM  : (CONTRAT, COMPTE RENDU DE REUNION, CORRESPONDANC)",
0715,2020.,0101/DG,"ADMINISTRATION GENERALE:PLAN STRATEGIQUE DE LA RECHERCHE SCIENTIFIQUE,1995","PLAN STRATEGIQUE, RECHERCHE SCIENTIFIQUE. ANA. DIPLOM  : (PLAN STRATEGIQUE, CORRESPONDANCE)",
0716,2020.,0102/DG,"ADMINISTRATION GENERALE :DOSSIER ONBAH,1993-1995","ONBAH. ANA. DIPLOM  : (FACTURE, PROCES VERBAL, CORRESPONDANCE, TICKET D'IMPUTATION)",
0717,2020.,0103/DG,"ADMINISTRATION GENERALE :DOSSIER GET A1,1992-1993","GET A1. ANA. DIPLOM  : (CORRESPONDANCE, PROJET D'INVESTISSEMENT)",
0718,2020.,0104/DG,"ADMINISTRATION GENERALE:DOSSIER TORNO S/BAGRE,1989-1990,1992","TORNO, S/BAGRE. ANA. DIPLOM  : (COMPTE RENDU, CORRESPONDANCE, PROTOCOLE D'ACCORD)",
0719,2020.,0105/DG,"ADMINISTRATION GENERALE :MISSION CILSS ETUDE REGIONALE DES PRIX DU GAZ,1989-1991","MISSION CILSS/ETUDE REGIONALE/PRIX DU GAZ. ANA. DIPLOM  : (KITI, CORRESPONDANCE, FICHE TECHNIQUE, SYMPOSIUM, PRTOCOLE DéACCORD, PLAN D'ACTION)",
0720,2020.,0106/DG,"ADMINISTRATION GENERALE :JOURNAL SONABHY,1991-1992","JOURNAL SONABHY, PETRO MAC. ANA. DIPLOM  : (COMPTE RENDU, CORRESPONDANCE)",
0107,2020.,,"ADMINISTRATION GENERALE : DOSSIER SEHBI,1984-1986","SEHBI. ANA. DIPLOM  : (PROCES VERBALE, RAPPORT D'ACTIVITE, CORRESPONDANCE, BILAN, RAPPORT D'AUDIT)",
0722,2020.,0108/DG,"ADMINISTRATION GENERALE : AFFAIR CONTENEUR,1991-1992","CONTENEUR, PROBLEME, MAGASSINAGE. ANA. DIPLOM  : (COURRIER)",
0723,2020.,0109/DG,"ADMINISTRATION GENERALE :PTOJET DAYAN RESSOURCES ET AREC ,PROGRAMME DE STOCKAGE ET DE DISTRIBUTION DE PRODUITS RAFFINES ET GAZ,1982,1984-1985","DAYAN, RESSOURCE, AREC PROGRAMME, STOCKAGE, DISTRIBUTION , PRODUIT RAFFINE, GAZ. ANA. DIPLOM  : (COMPTE RENDU, CORRESPONDANCE, STRUCTURE DE PRIX, TABLEAU RECAPITULATIF)",
0724,2020.,0110/DG,"ADMINISTRATION GENERALE :DOSSIER EX SHELL ,1981-1989","EX SHELL. ANA. DIPLOM  : (PROCES VERBAL, CORRESPONDANCE)",
0725,2020.,0111/DG,"ADMINISTRATION GENERALE :MISSION DE CONCERTATION ENTRE LES AUTORITES DE LA PROVINCE DE LA TAPOA,1989-1990","MISSION, CONCERTATION, AUTORITE, PROVINCE , TAPOA. ANA. DIPLOM  : (CORRESPONDANCE, BORDEREAU D'ENVOI)",
0726,2020.,0112/DG,"ADMINISTRATION GENERALE :ETUDE SUR LA RATIONNALISATION DE L'APPROVISIONNEMENT ET LA DISTRIBUTION DES PRODUITS PETROLIERS EN AFRIQUE SUB-SAHARIENNE,1992-1993","ETUDE, RATIONNALISATION, APPROVISIONNEMENT, DISTRIBUTION, PRODUIT PETROLIER, AFRIQUE SUB-SAHARIENNE. ANA. DIPLOM  : (RAPPORT , CORRESPONDANCE)",
0727,2020.,0113/DG,"ADMINISTRATION GENERALE : AFFAIRE BAC 2 ET BAC 5 BINGO,BOBO DIOULASSO ,1989","AFFAIRE, BAC 2, BAC 5, BINGO, BOBO DIOULASSO. ANA. DIPLOM  : (CORRESPONDANCE)",
0728,2020.,0114/DG,"ADMINISTRATION GENERALE :DOSSIER ITALGAZ,1987-1988,1990","ITALGAZ. ANA. DIPLOM  : (CORRESPONDANCE, BORDEREAU D'ENVOI, AUTORISATION, FACTURE, ACCORD DE COOEPERATION)",
0729,2020.,0115/DG,"ADMINISTRATION GENERALE : VISITE DE TRAVAIL AUPRES DE LA SIR ET DE LA GESTOCI,1988","VISITE, TRAVAIL, SIR, GESTOCI. ANA. DIPLOM  : (RECU, ORDRE DE MISSION, CORRESPONDANCE)",
0730,2020.,0116/DG,"ADMINISTRATION GENERALE : MISSION CIGMA,PATCHETT ,1987","MISSION, CIGMA, PATCHETT. ANA. DIPLOM  : (OFFRES D'INGENIERIE, COMPTE RENDU DE REUNION, FICHE TECHNIQUE)",
0731,2020.,0117/DG,ADMINISTRATION GENERALE :PROJET TOGO ET SHELL DE RECONVERSION DE LA RAFFINERIE STH EN DEPOT ET LIVRAISON DE PRODUIT AU BURKINA FASO,"TOGO, SHELL, RECONVERSION, RAFFINERIE, STH, DEPOT, LIVRAISON, PRODUIT, BURKINA FASO. ANA. DIPLOM  : (CORRESPONDANCE, CARACTERISTIQUE DES BACS)",
0732,2020.,0118/DG,"ADMINISTRATION GENERALE : PROJET CARBUROL,1989","PROJET CARBUROL. ANA. DIPLOM  : (COMPTE RENDU DE REUNION, NOTE DE SYNTHESE, SITUATION)",
0733,2020.,0119/DG,"ADMINISTRATION GENERALE : INTERVENTION DE LA CCCE EN FAVEUR DU SECTEUR PRIVE ,1991","INTERVENTION, CCCE, SECTEUR PRIVE. ANA. DIPLOM  : (CORRESPONDANCE)",
0734,2020.,0120/DG,"ADMINISTRATION GENERALE : PROJET RECHERCHE METIERS ENERGETIQUE AU BURKINA FASO ,1991","PROJET, RECHERCHE METIER, ENERGETIQUE, BURKINA FASO. ANA. DIPLOM  : (CORRESPONDANCE)",
0735,2020.,0121/DG,"ADMINISTRATION GENERALE : PROGRAMME COMMUNAUTAIRE POUR L'APPROVISIONNEMENT EN PETROLE ET PRODUITS PETROLIERS DE LA SOUS REGION ,1991","PROGRAMME COMMUNAUTAIRE, APPROVISIONNEMENT, PETROLE, PRODUIT PETROLIER, SOUS REGION. ANA. DIPLOM  : (CORRESPONDANCE)",
0736,2020.,0122/DG,"ADMINISTRATION GENERALE :RAPPORT RELATIF AU PROBLEMES D'INDEMNISATION DESV ANCIENS ACTIONNAIRES SEBHY ET SEB ,1988","RAPPORT, PROBLEME, ANCIEN ACTIONNAIRE,  SEBHY, SEB. ANA. DIPLOM  : (CORRESPONDANCE)",
0737,2020.,0123/DG,"ADMINISTRATION GENERALE :LA CONSTRUCTION D'UN ECLAIRAGE PUBLIC A DJIBO,1991","CONSTRUCTION, ECLAIRAGE PUBLIQUE, DJIBO. ANA. DIPLOM  : (FACTURE, CORRESPONDANCE)",
0738,2020.,0124/DG,"ADMINISTRATION GENERALE : ETUDE SUR LA RATIONNALISATION DE LAPPROVISIONNEMENT ET DE LA DISTRIBUTION DES PRODUITS PETROLIERS EN AFRIQUE SUB-SAHARIENNE,1991","ETUDE, RATIONNALISTION, DISTRIBUTION, PRODUIT, PETROLIER, AFRIQUE SUB-SAHARIENNE. ANA. DIPLOM  : (CORRESPONDANCE, ETUDE DE RATIONNALISATION)",
0739,2020.,0125/DG,"ADMINISTRATION GENERALE : ENQUETE DE LA PRIMATURE SUR CERTAIN UNITES ET DES OPERATIONS ECONOMIQUE,1994","ENQUETE, PRIMATURE, CERTAIN UNITE, OPERATION ECONOMIQUE. ANA. DIPLOM  : (FICHE D'ENQUETE, ATTESTATION)",
0740,2020.,0126/DG,"ADMINISTRATION GENERALE :RENCONTRE DE CONCERTATION AU MINISTERE DE L'EQUIPEMENT,1989","RENCONTRE, CONCERTATION, EQUIPEMENT. ANA. DIPLOM  : (LETTRE)",
0741,2020.,0127/DG,"ADMINISTRATION GENERALE : DOSSIER GNPC TEMA PROMOTION DE LA VOIE GHANEENNE ,1991-1993","GNPC, TEMA, PROMOTION, VOIE, GHANEENNE. ANA. DIPLOM  : (CORRESPONDANCE, COMPTE RENDU DE VISITE, COMPTE RENDU DE MISSION, RAPPORT DE MISSION, FICHE TECHNIQUE, FACTUREPROFORMA, BON, ETAT JOURNALIER, ORDRE DE MISSION)",
0742,2020.,0128/DG,"ADMINISTRATION GENERALE :RAPPORT D'EVALUATION,1986-1988","RAPPORT, EVALUATION. ANA. DIPLOM  : (COMPTE RENDU, PROCES VERBAL, RAPPORT)",
0743,2020.,0129/DG,"ADMINISTRATION GENERALE :COMPTE RENDU DE L'ATELIER DE BAMAKO-MALI ,1993","BAMAKO/MALI, ATELIER. ANA. DIPLOM  : (COMPTE RENDU)",
0744,2020.,0130/DG,"ADMINISTRATION GENERALE:EXAMEN DES POLITIQUES STRATEGIQUE ET PROGRAMME DU SECTEUR ENERGETIQUE TRADITIONNELLE, 1993","EXAMEN, POLITIQUE STRATEGIQUE, PROGRAMME, SECTEUR ENERGETIQUE TRADITIONNELLE. ANA. DIPLOM  : (COURRIER ARRIVE)",
0745,2020.,0131/DG,"ADMINISTRATION GENERALE :RECONSTRUCTION DU DEPOT DE L'AVIATION OUAGA ,1997","RECONSTRUCTION, DEPOT, AVIATION, OUAGA. ANA. DIPLOM  : (BORDEREAU D'ENVOI, CORRESPONDANCE, RAPPORT D'ETUDE)",
0746,2020.,0132/DG,"ADMINISTRATION GENERALE :SITUATION DU DEPOT D'HYDROCARBURES CONSTRUIT A BINGO ,1981,1984-1985","SITUATION, DEPOT, HYDROCARBURE, BINGO. ANA. DIPLOM  : (RAPPORT DE MISSION)",
0747,2020.,0133/DG,"ADMINISTRATION GENERALE : NEGOCIATION AVEC LA RAN,1985","NEGOCIATION, RAN. ANA. DIPLOM  : (CORRESPONDANCE)",
0748,2020.,0134/DG,"ADMINISTRATION GENERALE : IMPORTATIONDE PRODUITS PETROLIERS,DOSSIER EX ALGERIE,1984-1986","IMPORTATION, PRODUIT PETROLIER, EX ALGERIE. ANA. DIPLOM  : (COURRIER)",
0749,2020.,0135/DR,"ADMINISTRATION GENERALE : FONDS OPEP,PROGRAMME D'IMPORTATION,1985,1988-1990","FOND OPEP, PROGRAMME, IMPORTATION. ANA. DIPLOM  : (CORRESPONDANCE, APPEL D'OFFRES, FRAIS DE TELEPHONE, LISTE DES SOCIETES CONSULTER, CONVENTION D'AVANCE, PROTOCOLE D'ACCORD, ORDRE DE MISSION)",
0750,2020.,0136/DG,"ADMINISTRATION GENERALE :JEUNESSE ET SPORT :AS SONABHY,ASECK,BASKET-BALL,1985,1991,1995-1996","JEUNESSE, SPORT, AS SONABHY, ASECK, BASKET BALL. ANA. DIPLOM  : (FACTURE, RAPPORT , FICHE )",
0751,2020.,0137/DG,"ADMINISTRATION GENERALE :MOBILISATION DON JAPONNAIS OPERATION PNUD/LENDIL,1993","MOBILISTAION, DON JAPONNAIS, OPERATION PNUD, LENDIL. ANA. DIPLOM  : (COMPTE RENDU, FICHE TECHNIQUE, CORRESPONDANCE)",
0752,2020.,0138/DG,"ADMINISTRATION GENERALE : PROGRAMME DAJUSTEMENT STRUCTUREL PAS,1991-1993","PAS. ANA. DIPLOM  : (ARRETE, CALENDRIER, DECRET, CORRESPONDANCE, RAABO, COMPTE RENDU, LE CHOC PETROLIER, RENVERSEMENT GAINS PETROLIER, DECLARATION)",
0753,2020.,0139/DG,"ADMINISTRATION GENERALR :DOSSIER BOUTEILLE DE GAZ,1992","BOUTEILLE, GAZ. ANA. DIPLOM  : (PLAN , CORRESPONDANCE)",
0754,2020.,0140/DG,"ADMINISTRATION GENERALE: DON DE 500TM DU GOUVERNEMENT DE LA REPUBLIQUE FEDERALE DU NIGERIA AU GOUVERNEMENT DU BURKINA FASO ,1988-1992","DON, 500TM, NIGERIA, BURKINA FASO. ANA. DIPLOM  : (ORDRE DE MISSION, RECU, FRAIS DE TELEPHONE, COMPTE RENDU, CORRESPONDANCE, RAPPORT D'EXPERTISE, ORDRE DE CAMIONNAGE, ETAT JOURNALIER, BORDEREAU DE LIVRAISON, FACTURE, LAISSER PASSER, RAPPORT DE MISSION)",
0755,2020.,0141/DG,"ADMINISTRATION GENERALE :PROGRAMME RPTES PROPOSEE PAR LA COOEPERATION DANOISE ,1996-1997","PROGRAMME RPTES, COOPERATION DANOISE. ANA. DIPLOM  : (CORRESPONDANCE, COMMENTAIRE, GUIDE POR LA LECTURE DES COMMENTAIRES, ELEMENT BUDGETAIRE, AIDE MEMEOIRE)",
0756,2020.,0142/DG,"ADMINISTRATION GENERALE : AFFAIRE D'IMPORTATION SADELMI,1985","AFFAIRE , IMPORTATION, SADELMI. ANA. DIPLOM  : (CORRESPONDANCE)",
0757,2020.,0143/DG,"ADMINISTRATION GENERALE :DOSSIER ALGERIE "",1983-1985;1987-1990""","ALGERIE. ANA. DIPLOM  : (PROCES VERBAL, CORRESPONDANCE, COMPTE RENDU, AIDE MEMOIRE, CONTRAT, ORDRE DE MISSION, CORRESPONDANCE , FICHE TECHNIQUE)",
0758,2020.,0144/DG,"ADMINISTRATION GENERALE :CAMPAGNE DE GAZ ET DE PETROLE ,PRIMAGAZ,1986-1987","CAMPAGNE, GAZ, PETROLE, PRIMAGAZ. ANA. DIPLOM  : (FICHE DE TRANSMISSION, CORRESPONDANCE)",
0759,2020.,0145/DG,"ADMINISTRATION GENERALE : DOSSIER BANQUE MONDIALE,1984-1985","BANQUE MONDIALE. ANA. DIPLOM  : (COMPTE RENDU, CONCLUSION PRELIMINAIRE)",
0760,2020.,0146/DG,"ADMINISTRATION GENERALE :STOCK DE SECURITE,1986-1995","STOCK, SECURITE. ANA. DIPLOM  : (DECRET, ARRETE, EVOLUTION DE STOCK, JOURNAL OFFICIEL, CORRESPONDANCE, BORDEREAU D'ENVOI, FICHE TECHNIQUE)",
0761,2020.,0147/DG,"ADMINISTRATION GENERALE :DOSSIER IRAN,1992-1993",IRAN. ANA. DIPLOM  : (CORRESPONDANCE),
0762,2020.,0148/DG,"ADMINISTRATION GENERALE :PROJET DE CONTRAT ENTRE LE BURKINA ET LE NIGERIA,1986-1987","CONTRAT, BURKINA, NIGERIA. ANA. DIPLOM  : (FICHE DE TRANSMISSION, FICHE TECHNIQUE, CORRESPONDANCE, BORDEREAU D'ENVOI)",
0763,2020.,0149/DG,"ADMINISTRATON GENERALE :PROJET D'EXTENSION DES CAPACITES DES DEPOTS DE STOCKAGE DE LA SONABHY,BID,1992-1993","EXTENTION, CAPACITE, DEPOT,  SONABHY, BID, STOCKAGE. ANA. DIPLOM  : (COMPTE RENDU, ORDRE DE MISSION,  CORRESPONDANCE, FICHE TECHNIQUE, DETAILE DE RUBRIQUE, PROJET D'INVESTISSEMENT)",
0764,2020.,0150/DG,"ADMINISTRATION GENERALE :IMPORTATION SUR LE MONOPOLE DE LA SONABHY EN MATIER D'HYDROCARBURES,1985-1986,1988","IMPORTATION, MONOPOLE, SONABHY, HYDROCARBURE. ANA. DIPLOM  : (BORDEREAU D'ENVOI, CORRESPONDANCE, CERTIFICAT DE PRISE DE SERVICE)",
0765,2020.,0301/CR,"COURRIER :COURRIER ARRIVEE ,1985-1986,1988-1997,1999","COURRIER ARRIVEE. ANA. DIPLOM  : (FICHE D'ACCOMPAGNEMENT, CORRESPONDANCE)",
0766,2020.,0302/CR,"COURRIER :TEXTES REGLEMENTAIRE ,1977,1983,1986-1994,1997-1999","TEXTE REGLEMENTAIRE. ANA. DIPLOM  : (DECRET, KITI, RAABO, CIRCULAIRE, CONVENTION, CONTRAT, ARRETE, NOTE DE SERVICE, DECISION, KOEEGA, ORDONANCE, ZATU)",
0767,2020.,0303/CR,"COURRIER :COURRIERS INTERNES ET COURRIERS DEPARTS ,1992-1994","COURRIER, INTERNE, DEPART. ANA. DIPLOM  : (CORESPONDANCE)",
0768,2020.,0304/CR,"COURRIER :PROCES VERBAUX,1984-1994","PROCES VERBAL. ANA. DIPLOM  : (PROCES VERBALE DE REUNION, PROCES VERBALE DE RENCONTRE , PROCES VERVALE DE RECRUTEMENT, PROCES VERBAL D'INSPECTION, PROCES VERBALE DE DEPOUILLEMENT, PROCES VERBAL DE CONSEIL D'ADMINISTRATION)",
0769,2020.,0305/CR,"COURRIER :RAPPORTS,1985-1993,1999","RAPPORT. ANA. DIPLOM  : (RAPPORT DE VISITE, RAPORT DE MISSION, ORDRE DE MISSION, FICHE DE MISSION, PROJET DE RAPPORT, CERTIFICAT D'ANALYSE, RAPPORT DE STAGE)",
0770,2020.,0306/CR,COURRIER : COMPTE RENDU,"COPTE RENDU. ANA. DIPLOM  : (COMPTE RENDU DE RENCONTRE, COMPTE RENDU DE VISITE, COMPTE DE MISSION,  ORDRE DE MISSION, COMPTE RENDU DE REUNION, FICHE DE RENCONTRE)",
0771,"28. JANVIER, 2021.",0093/PE,"REALISATION DES PROJETS PETROLIERS : APPEL D'OFFRES POUR LA CONSTRUCTION DU CENTRE EMPLISSEUR DE GAZ, ""BOBO DIOULASSO; 1989""","APPEL D'OFFRE, CONSTRUCTION, CENTRE EMPLISSEUR, GAZ, BOBO DIOULASSO. ""ANA. DIPLOM  : (APPEL D'OFFRE ; PLAN)""",-.
0772,1995.,0018/SI,SYSTEME D'INFORMATION : PROJET DE PROGRAMMATION AVANCEE AVEC MICROSOFT,"PROGRAMMATION, MICROSOFT, INFORMATIQUE. ANA. DIPLOM  : (PROJET DE PROGRAMMATION)",
