COTE;:
DIS.001
AUTEUR PM  :
GROUPE REVUE FIDUCIAIRE
TITRE;:
Archiver dans une entreprise privée commerciale
ADRESSE ED :
Paris : GRF, s.d.
DES. TECH. :
1 disquette : format RTF word PC
DESCRIP MAT:
/ARCHIVES//ENTREPRISE PRIVEE//COMMERCE/
~~~~~~~~~~~~~~~~~~~~~~~~~~~~~~~~~~~~~~~~~~~~~~~~~~~~~~~~
COTE;:
DIS.002
AUTEUR PM  :
GROUPE REVUE FIDUCIAIRE
TITRE;:
Consultation des archives dans une entreprise privée
commerciale
ADRESSE ED :
Paris : GRF, s.d.
DES. TECH. :
1 disquette : format RTF word PC
DESCRIP MAT:
/ARCHIVES//ENTREPRISE PRIVEE//COMMERCE/
~~~~~~~~~~~~~~~~~~~~~~~~~~~~~~~~~~~~~~~~~~~~~~~~~~~~~~~~
COTE;:
DVD.001
AUTEUR PM  :
SONABHY
TITRE;:
Pourquoi la folie des pompes ?
RESSOURCE  :
film documentaire
ADRESSE ED :
[ouagadougou] : SONABHY, 2007
DES. TECH. :
1 DVD : 52 min, coul.
DESCRIP MAT:
/PRIX DU
BARIL//HYDROCARBURE//HAUSSE//PETROLE//CONSOMMATEUR/
DESCRIP GEO:
/BURKINA FASO/
~~~~~~~~~~~~~~~~~~~~~~~~~~~~~~~~~~~~~~~~~~~~~~~~~~~~~~~~
COTE;:
CDR.001
AUTEUR PM  :
BURKINA FASO (MPDH)
TITRE;:
Code de protection de l'enfance : recueil des textes
RESSOURCE  :
recueil
ADRESSE ED :
Ouagadougou : MPDH, 2006
DES. TECH. :
1 CD-ROM : 700 mb / 80 min
NOTES;:
Appui de l'UNICEF, Save the children Suède, Aide à
l'enfance Canada, SONABHY, LONAB
DESCRIP MAT:
/ENFANCE//DROIT HUMAIN/
DESCRIP GEO:
/BURKINA FASO/
~~~~~~~~~~~~~~~~~~~~~~~~~~~~~~~~~~~~~~~~~~~~~~~~~~~~~~~~
COTE;:
CDR.002
AUTEUR PM  :
"HERMES ; LAVOISIER"
TITRE;:
Catalogue complet : plus de 2000 ouvrages
ADRESSE ED :
Paris : HERMES, LAVOISIER, 2005
DES. TECH. :
1 cd rom
COLLECTION :
HERMES SCIENCE PUBLICATIONS
DESCRIP MAT:
/CATALOGUE//DOCUMENTATION//INFORMATION DOCUMENTAIRE/
~~~~~~~~~~~~~~~~~~~~~~~~~~~~~~~~~~~~~~~~~~~~~~~~~~~~~~~~
COTE;:
CDR.003
AUTEUR PM  :
AFNOR
TITRE;:
Records management : gestion et conservation des
documents en toute sécurité
ADRESSE ED :
Saint-Denis la Plaine : AFNOR, 2004
DES. TECH. :
1 cd rom
COLLECTION :
Recueil normes et réglementation : 20
DESCRIP MAT:
/GESTION DOCUMENTAIRE//RECORDS
MANAGEMENT//SECURITE//CONSERVATION//ARCHIVES/
~~~~~~~~~~~~~~~~~~~~~~~~~~~~~~~~~~~~~~~~~~~~~~~~~~~~~~~~
COTE;:
CDR.004
AUTEUR PM  :
INSTITUT FRANCAIS DE PETROLE
TITRE;:
Economie de la chaîne pétrolière
ADRESSE ED :
Paris : IFP, s.d.
DES. TECH. :
730 mb, 80 min
DESCRIP MAT:
/ECONOMIE PETROLIERE//PETROLE//PRODUCTION
PETROLIERE//TRANSPORT/
~~~~~~~~~~~~~~~~~~~~~~~~~~~~~~~~~~~~~~~~~~~~~~~~~~~~~~~~
COTE;:
CDR.005
AUTEUR PM  :
INSTITUT FRANCAIS DE PETROLE
TITRE;:
Les marchés pétroliers
ADRESSE ED :
Paris : IFP, s.d.
DES. TECH. :
730 mb, 80 min
DESCRIP MAT:
/MARCHE PETROLIER//PETROLE//PRIX DU BARIL/
~~~~~~~~~~~~~~~~~~~~~~~~~~~~~~~~~~~~~~~~~~~~~~~~~~~~~~~~
COTE;:
CDR.006
AUTEUR PM  :
CONSEIL BURKINABE DES CHARGEURS
TITRE;:
"Incidences crise ivoirienne ; desserte maritime"
ADRESSE ED :
Ouagadougou : CBC, 2004
DES. TECH. :
1 cd-rom
DESCRIP MAT:
/TRANSPORT//DESSERTE MARITIME//CRISE ECONOMIQUE/
DESCRIP GEO:
/BURKINA FASO//COTE D'IVOIRE/
~~~~~~~~~~~~~~~~~~~~~~~~~~~~~~~~~~~~~~~~~~~~~~~~~~~~~~~~
COTE;:
CDR.007
AUTEUR PM  :
LIAISONS SOCIALES
TITRE;:
Jurisprudence sociale et code du travail
ADRESSE ED :
Ruel-Malmaison : Groupe LIAISONS SA, 2004
DES. TECH. :
1 cd rom
NOTES;:
Code d'accès : 2KYC36
DESCRIP MAT:
/JURISPRUDENCE//CODE DU TRAVAIL//LEGISLATION SOCIALE/
~~~~~~~~~~~~~~~~~~~~~~~~~~~~~~~~~~~~~~~~~~~~~~~~~~~~~~~~
COTE;:
CDR.008
AUTEUR PM  :
LIAISONS SOCIALES
TITRE;:
Les archives du quotidien 2001, 2002, 2003
ADRESSE ED :
Ruel-Malmaison : Groupe LIAISONS, 2004
DES. TECH. :
1 cd rom
NOTES;:
Edition 2004
DESCRIP MAT:
/ARCHIVES//GESTION
DOCUMENTAIRE//JURISPRUDENCE//LEGISLATION SOCIALE/
~~~~~~~~~~~~~~~~~~~~~~~~~~~~~~~~~~~~~~~~~~~~~~~~~~~~~~~~
COTE;:
CDR.009
AUTEUR PM  :
"AIF ; IEPF"
TITRE;:
Informations, références et textes choisis sur le
développement durable
ADRESSE ED :
s.l. : IEPF, 2002
DES. TECH. :
1 cd rom
COLLECTION :
LIAISON ENERGIE FRANCOPHONIE N°55, 56, 57
DESCRIP MAT:
/DEVELOPPEMENT DURABLE//DEVELOPPEMENT ECONOMIQUE ET
SOCIAL/
~~~~~~~~~~~~~~~~~~~~~~~~~~~~~~~~~~~~~~~~~~~~~~~~~~~~~~~~
COTE;:
CDR.010
AUTEUR PM  :
GROUPE REVUE FIDUCIAIRE
TITRE;:
Le formulaire de l'entreprise juridique, commercial,
social et fiscal
ADRESSE ED :
Paris : GRF, 2008
DES. TECH. :
1cd-rom
DESCRIP MAT:
/ENTREPRISE//DROIT//COMMERCE//SOCIAL//FISCALITE/
~~~~~~~~~~~~~~~~~~~~~~~~~~~~~~~~~~~~~~~~~~~~~~~~~~~~~~~~
COTE;:
CDR.011
AUTEUR PM  :
BURKINA FASO (MCPEA)
TITRE;:
Balance commerciale et commerce extérieur 1997-2002
ADRESSE ED :
Ouagadougou : MCPEA, 2006
DES. TECH. :
"1 cd-rom ; 299p"
DESCRIP MAT:
/COMMERCE//COMMERCE EXTERIEUR//BALANCE COMMERCIALE/
DESCRIP GEO:
/BURKINA FASO/
~~~~~~~~~~~~~~~~~~~~~~~~~~~~~~~~~~~~~~~~~~~~~~~~~~~~~~~~
COTE;:
CDR.012
AUTEUR PM  :
INSTITUT NATIONAL DE LA STATISTIQUE ET DE LA
DEMOGRAPHIE
TITRE;:
Les comptes économiques de la nation , série de
comptes 1999-2005 : comptes définitifs
RESSOURCE  :
1 CD- ROM
ADRESSE ED :
Ouagadougou : INSD, 2009.
DESCRIP MAT:
/ECONOMIE//COMPTE//RESSOURCE FINANCIERE//MATERIEL/
DESCRIP GEO:
/BURKINA FASO/
~~~~~~~~~~~~~~~~~~~~~~~~~~~~~~~~~~~~~~~~~~~~~~~~~~~~~~~~
COTE;:
CDR.013
AUTEUR PM  :
INSTITUT NATIONAL DE LA STATISTIQUE ET DE LA
"DEMOGRAPHIE  ;  PROJET D'APPUI AU RENFORCEMENT DES CAPACITES DU SYSTEME"
STATISTIQUE NATIONAL(ARC-SSN)
TITRE;:
La population du Burkina Faso de 1997-2006 : par
région et province
RESSOURCE  :
1 CD-ROM
ADRESSE ED :
Ouagadougou : INSD, 2009.
DESCRIP MAT:
/RECENSEMENT//POPULATION//STATISTIQUE//DEMOGRAPHIE/
DESCRIP GEO:
/BURKINA FASO/
~~~~~~~~~~~~~~~~~~~~~~~~~~~~~~~~~~~~~~~~~~~~~~~~~~~~~~~~
COTE;:
CDR.014
AUTEUR PM  :
INSTITUT NATIONAL DE LA STATISTIQUE ET DE LA
"DEMOGRAPHIE  ;  PROJET D'APPUI AU RENFORCEMENT DES CAPACITES DU SYSTEME"
STATISTIQUE NATIONAL (ARC-SSN)
TITRE;:
Projections demographiques de 2007 à 2020 : par région
et privince
RESSOURCE  :
1 CD-ROM
ADRESSE ED :
Ouagadougou : INSD, 2009.
DESCRIP MAT:
/PROJECTION
DEMOGRAPHIQUE//POPULATION//RECENSEMENT//STATISTIQUE/
DESCRIP GEO:
/BURKINA FASO/
~~~~~~~~~~~~~~~~~~~~~~~~~~~~~~~~~~~~~~~~~~~~~~~~~~~~~~~~
COTE;:
CDR.015
AUTEUR PM  :
INSTITUT NATIONAL DE LA STATISTIQUE ET DE LA
"DEMOGRAPHIE  ;  PROJET D'APPUI AU RENFORCEMENT DES CAPACITES DU SYSTEME"
STATISTIQUE NATIONAL (ARC-SSN)
TITRE;:
Conceptions, définitions, indicateurs, méthodologies,
et nomenclatures utilisés dans le système statistique
national
RESSOURCE  :
1 CD-ROM
ADRESSE ED :
Ouagadougou : INSD, 2009.
DESCRIP MAT:
/STATISTIQUE//METHODOLOGIE//DEMOGRAPHIE/
DESCRIP GEO:
/BURKINA FASO/
~~~~~~~~~~~~~~~~~~~~~~~~~~~~~~~~~~~~~~~~~~~~~~~~~~~~~~~~
COTE;:
CDR.016/DVD.002
AUTEUR PM  :
SONABHY
TITRE;:
Cérémonie de présentation de voeux du personnel de la
SONABHY : vendredi 22 janvier 2010
RESSOURCE  :
1 CD-ROM + 1 DVD
ADRESSE ED :
Ouagadougou : SONABHY, 2010.
DESCRIP MAT:
/PRESENTATION//VOEUX//SONABHY/
DESCRIP GEO:
/BURKINA FASO/
~~~~~~~~~~~~~~~~~~~~~~~~~~~~~~~~~~~~~~~~~~~~~~~~~~~~~~~~
COTE;:
CDR.017
AUTEUR PM  :
CHAMBRE DE COMMERCE ET D'INDUSTRIE DU BURKINA FASO
TITRE;:
Récueil des notes sectorielles 2009-2010
RESSOURCE  :
1 CD-ROM
ADRESSE ED :
Ouagadougou : Chambre de Commerce et d'Industrie du
Burkina Faso, 2011.
DES. TECH. :
39p : ill. en coul.
DESCRIP MAT:
/TOURISME//TRANSPORT//ENERGIE//ELEVAGE//ECONOMIE/
DESCRIP GEO:
/BURKINA FASO/
~~~~~~~~~~~~~~~~~~~~~~~~~~~~~~~~~~~~~~~~~~~~~~~~~~~~~~~~
COTE;:
CDR.018
AUTEUR PM  :
SONABHY
TITRE;:
SERIE D'ENTRETIENS AVEC LES RESPONSABLES DE LA SONABHY
RESSOURCE  :
CD-ROM115Mo
ADRESSE ED :
[ OUAGADOUGOU ] : SONABHY, 2008
DES. TECH. :
02H 04MN
NOTES;:
CINQ ( 05 ) ENTRETIENS
DESCRIP MAT:
/TRAORE OULA//PRODUCTION PETROLIERE//OUEDRAOGO
FATOUMATA//STRUCTURE DES PRIX//DIASSO JOSEPH//GESTION
ENERGETIQUE//YAMEOGO T. JEAN HUBERT//MISSION//KABORE
HILAIRE//ENERGIE ALTERNATIVE/
~~~~~~~~~~~~~~~~~~~~~~~~~~~~~~~~~~~~~~~~~~~~~~~~~~~~~~~~
COTE;:
CDR.019
AUTEUR PP  :
AGENCE FRANCAISE DE DEVELOPPEMENT
TITRE;:
Rapport annuel = annual report 1999
RESSOURCE  :
CDR-ROM
ADRESSE ED :
DES. TECH. :
"CDROM ; 56,6 MO"
DESCRIP MAT:
/DEVELOPPEMENT ECONOMIQUE ET
SOCIAL//INVESTISSEMENT//FINANCEMENT/
~~~~~~~~~~~~~~~~~~~~~~~~~~~~~~~~~~~~~~~~~~~~~~~~~~~~~~~~
COTE;:
PHO.001
AUTEUR PM  :
SONABHY
TITRE;:
PRESENTATION DE VOEUX
RESSOURCE  :
65 PHOTOS
ADRESSE ED :
DES. TECH. :
PHO. 12,5/8,5 ET 18/12,5cm, EN COUL.
DESCRIP MAT:
/PRESENTATION// VOEUX/
~~~~~~~~~~~~~~~~~~~~~~~~~~~~~~~~~~~~~~~~~~~~~~~~~~~~~~~~
COTE;:
PHO.002
AUTEUR PM  :
SONABHY
TITRE;:
PRESENTATION DE VOEUX
RESSOURCE  :
137 PHOTOS
ADRESSE ED :
DES. TECH. :
"PHO.16,5/12,5cm; EN COUL."
DESCRIP MAT:
/PRESENTATION//VOEUX//YAMEOGO JOSEPH GERMAIN/
~~~~~~~~~~~~~~~~~~~~~~~~~~~~~~~~~~~~~~~~~~~~~~~~~~~~~~~~
COTE;:
PHO.003
AUTEUR PM  :
SONABHY
TITRE;:
PRESENTATION DE VOEUX
RESSOURCE  :
97 PHOTOS
ADRESSE ED :
DES. TECH. :
"PHO.18/12,5cm; EN COUL."
NOTES;:
/PRESENTATION//VOEUX//YAMEOGO JOSEPH GREMAIN/
~~~~~~~~~~~~~~~~~~~~~~~~~~~~~~~~~~~~~~~~~~~~~~~~~~~~~~~~
COTE;:
PHO.004
AUTEUR PM  :
SONABHY
TITRE;:
PRESENTATION DE VOEUX
RESSOURCE  :
153 PHOTOS
ADRESSE ED :
DES. TECH. :
"PHO.16/12,5cm; EN COUL."
DESCRIP MAT:
/PRESENTATION//VOEUX//YAMEOGO JOSEPH GERMAIN/
~~~~~~~~~~~~~~~~~~~~~~~~~~~~~~~~~~~~~~~~~~~~~~~~~~~~~~~~
COTE;:
PHO.005
AUTEUR PM  :
SONABHY
TITRE;:
PRESENTATION DE VOEUX
RESSOURCE  :
60 PHOTOS
ADRESSE ED :
DES. TECH. :
"PHO.16/12,5cm; EN COUL."
DESCRIP MAT:
/PRESENTATION//VOEUX/
~~~~~~~~~~~~~~~~~~~~~~~~~~~~~~~~~~~~~~~~~~~~~~~~~~~~~~~~
COTE;:
PHO.006
AUTEUR PM  :
SONABHY
TITRE;:
PRESENTATION DE VOEUX
RESSOURCE  :
187 PHOTOS
ADRESSE ED :
DES. TECH. :
"PHO.28/32cm,15/21cm,12,5/16cm; EN COUL."
DESCRIP MAT:
/PRESENTATION//VOEUX/
~~~~~~~~~~~~~~~~~~~~~~~~~~~~~~~~~~~~~~~~~~~~~~~~~~~~~~~~
COTE;:
PHO.007
AUTEUR PM  :
SONABHY
TITRE;:
PRESENTATION DE VOEUX
RESSOURCE  :
354 PHOTOS EN 3 VOL.
ADRESSE ED :
DES. TECH. :
"PHO.16/12,5cm; EN COUL."
COLLECTION :
03 VOL
DESCRIP MAT:
/PRESENTATION//VOEUX/
~~~~~~~~~~~~~~~~~~~~~~~~~~~~~~~~~~~~~~~~~~~~~~~~~~~~~~~~
COTE;:
PHO.008
AUTEUR PM  :
SONABHY
TITRE;:
PRESENTATION DE VOEUX
RESSOURCE  :
100 PHOTOS
ADRESSE ED :
DES. TECH. :
"PHO.16/12,5cm; EN COUL."
DESCRIP MAT:
/PRESENTATION//VOEUX/
~~~~~~~~~~~~~~~~~~~~~~~~~~~~~~~~~~~~~~~~~~~~~~~~~~~~~~~~
COTE;:
PHO.009
AUTEUR PM  :
SONABHY
TITRE;:
PRESENTATION DE VOEUX
RESSOURCE  :
100 PHOTOS
ADRESSE ED :
DES. TECH. :
"PHO.16/12,5cm; EN COUL."
DESCRIP MAT:
/PRESENTATION//VOEUX/
~~~~~~~~~~~~~~~~~~~~~~~~~~~~~~~~~~~~~~~~~~~~~~~~~~~~~~~~
COTE;:
PHO.010
AUTEUR PM  :
SONABHY
TITRE;:
PRESENTATION DE VOEUX
RESSOURCE  :
207 PHOTOS EN 2 VOL
ADRESSE ED :
DES. TECH. :
"PHO.16/12,5cm; EN COUL."
COLLECTION :
02 VOL.
DESCRIP MAT:
/PRESENTATION//VOEUX/
~~~~~~~~~~~~~~~~~~~~~~~~~~~~~~~~~~~~~~~~~~~~~~~~~~~~~~~~
COTE;:
PHO.011
AUTEUR PM  :
SONABHY
TITRE;:
PRESENTATION DE VOEUX
RESSOURCE  :
200 PHOTOS
ADRESSE ED :
DES. TECH. :
"PHO.16/12,5cm; EN COUL."
DESCRIP MAT:
/PRESENTATION//VOEUX/
~~~~~~~~~~~~~~~~~~~~~~~~~~~~~~~~~~~~~~~~~~~~~~~~~~~~~~~~
COTE;:
PHO.012
AUTEUR PM  :
SONABHY
TITRE;:
PRESENTATION DE VOEUX
RESSOURCE  :
31 PHOTOS
ADRESSE ED :
DES. TECH. :
"PHO.15,5/12,5cm; EN COUL."
DESCRIP MAT:
/PRESENTATION//VOEUX/
~~~~~~~~~~~~~~~~~~~~~~~~~~~~~~~~~~~~~~~~~~~~~~~~~~~~~~~~
COTE;:
PHO.013
AUTEUR PM  :
SONABHY
TITRE;:
PRESENTATION DE VOEUX
RESSOURCE  :
72 PHOTOS
ADRESSE ED :
DES. TECH. :
"PHO.16/12,5cm; EN COUL."
DESCRIP MAT:
/PRESENTATION//VOEUX/
~~~~~~~~~~~~~~~~~~~~~~~~~~~~~~~~~~~~~~~~~~~~~~~~~~~~~~~~
COTE;:
PHO.014
AUTEUR PM  :
SONABHY
TITRE;:
PRESENTATION DE VOEUX
RESSOURCE  :
81 PHOTOS
ADRESSE ED :
DES. TECH. :
"PHO.16/12,5cm; EN COUL."
DESCRIP MAT:
/PRESENTATION//VOEUX/
~~~~~~~~~~~~~~~~~~~~~~~~~~~~~~~~~~~~~~~~~~~~~~~~~~~~~~~~
COTE;:
PHO.015
AUTEUR PM  :
SONABHY
TITRE;:
INAUGURATION
RESSOURCE  :
245 PHOTOS EN 4 VOL.
ADRESSE ED :
DES. TECH. :
"PHO.15/10,5cm, 18/12,5cm; EN COUL"
NOTES;:
04 VOL.
DESCRIP MAT:
/INAUGURATION//THOMBIANO/
~~~~~~~~~~~~~~~~~~~~~~~~~~~~~~~~~~~~~~~~~~~~~~~~~~~~~~~~
COTE;:
PHO.016
AUTEUR PM  :
SONABHY
TITRE;:
INAUGURATION
RESSOURCE  :
74 PHOTOS
ADRESSE ED :
DES. TECH. :
"PHO.16/12,5cm; EN COUL."
DESCRIP MAT:
/INAUGURATION/
~~~~~~~~~~~~~~~~~~~~~~~~~~~~~~~~~~~~~~~~~~~~~~~~~~~~~~~~
COTE;:
PHO.017
AUTEUR PM  :
SONABHY
TITRE;:
INAUGURATION DE NOUVELLE INSTALLATION AU DEPOT DE BOBO
RESSOURCE  :
117 PHOTOS
ADRESSE ED :
DES. TECH. :
"PHO.15,5/12,5cm; EN COUL."
DESCRIP MAT:
/INAUGURATION//INSTALLATION//BOBO/
~~~~~~~~~~~~~~~~~~~~~~~~~~~~~~~~~~~~~~~~~~~~~~~~~~~~~~~~
COTE;:
PHO.018
AUTEUR PM  :
SONABHY
TITRE;:
INAUGURATION
RESSOURCE  :
96 PHOTOS
ADRESSE ED :
DES. TECH. :
"PHO.12,5/8,5cm; EN COUL."
DESCRIP MAT:
/INAUGURATION/
~~~~~~~~~~~~~~~~~~~~~~~~~~~~~~~~~~~~~~~~~~~~~~~~~~~~~~~~
COTE;:
PHO.019
AUTEUR PM  :
SONABHY
TITRE;:
INAUGURATION
RESSOURCE  :
95 PHOTOS
ADRESSE ED :
DES. TECH. :
"PHO.12,5/8,5cm; EN COUL."
DESCRIP MAT:
/INAUGURATION/
~~~~~~~~~~~~~~~~~~~~~~~~~~~~~~~~~~~~~~~~~~~~~~~~~~~~~~~~
COTE;:
PHO.020
AUTEUR PM  :
SONABHY
TITRE;:
INAUGURATION
RESSOURCE  :
65 PHOTOS
ADRESSE ED :
DES. TECH. :
"PHO.17,5/12,5cm; EN COUL."
DESCRIP MAT:
/INAUGURATION/
~~~~~~~~~~~~~~~~~~~~~~~~~~~~~~~~~~~~~~~~~~~~~~~~~~~~~~~~
COTE;:
PHO.021
AUTEUR PM  :
SONABHY
TITRE;:
INAUGURATION
RESSOURCE  :
56 PHOTOS
ADRESSE ED :
DES. TECH. :
"PHO.15,5/12,5cm; EN COUL."
DESCRIP MAT:
/INAUGURATION/
~~~~~~~~~~~~~~~~~~~~~~~~~~~~~~~~~~~~~~~~~~~~~~~~~~~~~~~~
COTE;:
PHO.022
AUTEUR PM  :
SONABHY
TITRE;:
INAUGURATION
RESSOURCE  :
60 PHOTOS
ADRESSE ED :
DES. TECH. :
"PHO.15,5/12,5cm; EN COUL."
DESCRIP MAT:
/INAUGURATION/
~~~~~~~~~~~~~~~~~~~~~~~~~~~~~~~~~~~~~~~~~~~~~~~~~~~~~~~~
COTE;:
PHO.023
AUTEUR PM  :
SONABHY
TITRE;:
INAUGURATION
RESSOURCE  :
43 PHOTOS
ADRESSE ED :
DES. TECH. :
"PHO.16,5/12,5cm; EN COUL."
DESCRIP MAT:
/INAUGURATION/
~~~~~~~~~~~~~~~~~~~~~~~~~~~~~~~~~~~~~~~~~~~~~~~~~~~~~~~~
COTE;:
PHO.024
AUTEUR PM  :
SONABHY
TITRE;:
ARBRE DE NOEL DES ENFANTS
RESSOURCE  :
43 PHOTOS
ADRESSE ED :
DES. TECH. :
"PHO.16/12,5cm; EN COUL.."
DESCRIP MAT:
/ARBRE//NOEL//ENFANT/
~~~~~~~~~~~~~~~~~~~~~~~~~~~~~~~~~~~~~~~~~~~~~~~~~~~~~~~~
COTE;:
PHO.025
AUTEUR PM  :
SONABHY
TITRE;:
ARBRE DE NOEL DES ENFANTS
RESSOURCE  :
96 PHOTOS
ADRESSE ED :
DES. TECH. :
"PHO.16/12,5cm; EN COUL."
DESCRIP MAT:
/ARBRE//NOEL//ENFANT/
~~~~~~~~~~~~~~~~~~~~~~~~~~~~~~~~~~~~~~~~~~~~~~~~~~~~~~~~
COTE;:
PHO.026
AUTEUR PM  :
SONABHY
TITRE;:
ARBRE DE NOEL DES ENFANTS
RESSOURCE  :
155 PHOTOS EN VOL
ADRESSE ED :
DES. TECH. :
"PHO.15/12,5cm; EN COUL."
COLLECTION :
02 VOL
DESCRIP MAT:
/ARBRE//NOEL// ENFANT/
~~~~~~~~~~~~~~~~~~~~~~~~~~~~~~~~~~~~~~~~~~~~~~~~~~~~~~~~
COTE;:
PHO.027
AUTEUR PM  :
SONABHY
TITRE;:
ARBRE DE NOEL DES ENFANTS
RESSOURCE  :
80 PHOTOS
ADRESSE ED :
DES. TECH. :
"PHO.16/12,5cm; EN COUL."
DESCRIP MAT:
/ARBRE//NOEL//ENFANT/
~~~~~~~~~~~~~~~~~~~~~~~~~~~~~~~~~~~~~~~~~~~~~~~~~~~~~~~~
COTE;:
PHO.028
AUTEUR PM  :
SONABHY
TITRE;:
ARBRE DE NOEL DES ENFANTS
RESSOURCE  :
80 PHOTOS
ADRESSE ED :
DES. TECH. :
"PHO.16/12,5cm; EN COUL."
DESCRIP MAT:
/ARBRE//NOEL//ENFANT/
~~~~~~~~~~~~~~~~~~~~~~~~~~~~~~~~~~~~~~~~~~~~~~~~~~~~~~~~
COTE;:
PHO.029
AUTEUR PM  :
SONABHY
TITRE;:
ARBRE DE NOEL DES ENFANTS
RESSOURCE  :
308 PHOTOS EN 02 VOL.
ADRESSE ED :
DES. TECH. :
"PHO.16/12,5cm; EN COUL."
COLLECTION :
02 VOL.
DESCRIP MAT:
/ARBRE//NOEL//ENFANT/
~~~~~~~~~~~~~~~~~~~~~~~~~~~~~~~~~~~~~~~~~~~~~~~~~~~~~~~~
COTE;:
PHO.030
AUTEUR PM  :
SONABHY
TITRE;:
ARBRE DE NOEL DES ENFANTS
RESSOURCE  :
113 PHOTOS
ADRESSE ED :
DES. TECH. :
"PHO.16/12,5cm; EN COUL."
DESCRIP MAT:
/ARBRE//NOEL//ENFANT/
~~~~~~~~~~~~~~~~~~~~~~~~~~~~~~~~~~~~~~~~~~~~~~~~~~~~~~~~
COTE;:
PHO.031
AUTEUR PM  :
SONABHY
TITRE;:
ARBRE DE NOEL DES ENFANTS
RESSOURCE  :
36 PHOTOS
ADRESSE ED :
DES. TECH. :
"PHO.18/12,5cm; EN COUL"
DESCRIP MAT:
/ARBRE//NOEL//ENFANT/
~~~~~~~~~~~~~~~~~~~~~~~~~~~~~~~~~~~~~~~~~~~~~~~~~~~~~~~~
COTE;:
PHO.032
AUTEUR PM  :
SONABHY
TITRE;:
PRESENTATION DE SIEGE ET DEPOT
RESSOURCE  :
100 PHOTOS
ADRESSE ED :
DES. TECH. :
"PHO.16,5/12cm; EN COUL."
DESCRIP MAT:
/PRESENTATION//SIEGE//DEPOT/
~~~~~~~~~~~~~~~~~~~~~~~~~~~~~~~~~~~~~~~~~~~~~~~~~~~~~~~~
COTE;:
PHO.033
AUTEUR PM  :
SONABHY
TITRE;:
PRESENTATION DE SIEGE ET DEPOT
RESSOURCE  :
86 PHOTOS
ADRESSE ED :
DES. TECH. :
"PHO.12,5/16cm; EN COUL."
DESCRIP MAT:
/PRESENTATION//SIEGE//DEPOT/
~~~~~~~~~~~~~~~~~~~~~~~~~~~~~~~~~~~~~~~~~~~~~~~~~~~~~~~~
COTE;:
PHO.034
AUTEUR PM  :
SONABHY
TITRE;:
JOURNEE PROMOTIONNELLE-GAZ
RESSOURCE  :
151 PHOTOS EN 02 VOL.
ADRESSE ED :
DES. TECH. :
"PHO.8,5/12,5cm, 11/16cm; EN COUL."
COLLECTION :
02 VOL.
DESCRIP MAT:
/GAZ//PROMOTIONNELLE//JOURNEE/
~~~~~~~~~~~~~~~~~~~~~~~~~~~~~~~~~~~~~~~~~~~~~~~~~~~~~~~~
COTE;:
PHO.035
AUTEUR PM  :
SONABHY
TITRE;:
"JOURNEE""PORTES OUVRTES"""
RESSOURCE  :
56 PHOTOS
ADRESSE ED :
DES. TECH. :
"PHO.12,5/17,5cm; EN COUL."
DESCRIP MAT:
/JOURNEE//PORTE//OUVERTE/
~~~~~~~~~~~~~~~~~~~~~~~~~~~~~~~~~~~~~~~~~~~~~~~~~~~~~~~~
COTE;:
PHO.036
AUTEUR PM  :
SONABHY
TITRE;:
CONVENTION DU PERSONNEL SUR LE PLAN STRATEGIQUE
2004-2008.
RESSOURCE  :
100 PHOTOS
ADRESSE ED :
DES. TECH. :
"PHO.12,5/17,5cm; EN COUL."
DESCRIP MAT:
/CONVENTION//PLAN STRATEGIQUE//SONABHY//RESSOURCE
HUMAINE/
~~~~~~~~~~~~~~~~~~~~~~~~~~~~~~~~~~~~~~~~~~~~~~~~~~~~~~~~
COTE;:
PHO.037
AUTEUR PM  :
SONABHY
TITRE;:
CONVENTION DU PERSONNEL SUR LE PLAN STRATEGIQUE
2004-2008
RESSOURCE  :
47 PHOTOS
ADRESSE ED :
DES. TECH. :
"PHO.12/18cm, 8/12cm; EN COUL. ET NOIR-BLANC"
DESCRIP MAT:
/CONVENTION//PLAN STRATEGIQUE//SONABHY//RESSOURCE
HUMAINE/
~~~~~~~~~~~~~~~~~~~~~~~~~~~~~~~~~~~~~~~~~~~~~~~~~~~~~~~~
COTE;:
PHO.038
AUTEUR PM  :
SONABHY
TITRE;:
INCENDIE AU DEPOT DE BINGO
RESSOURCE  :
99 PHOTOS
ADRESSE ED :
DES. TECH. :
"PHO.12,5/18cm; EN COUL."
DESCRIP MAT:
/DEPOT DE BINGO//INCENDIE/
~~~~~~~~~~~~~~~~~~~~~~~~~~~~~~~~~~~~~~~~~~~~~~~~~~~~~~~~
COTE;:
PHO.039
AUTEUR PP  :
YAMEOGO JOSEPH GERMAIN
TITRE;:
ABNVS FAIR PLAY: CERTIFICATION DE RECONNAISSANCE A
MONSIEUR JEAN HUBERT POUR SON SOUTIENT INESTIMABLE
RESSOURCE  :
67 PHOTOS
ADRESSE ED :
DES. TECH. :
"PHO.17,5/12cm; EN COUL."
DESCRIP MAT:
/ABNVS FAIR PLAY//YAMEOGO JEAN HUBERT//RECONNAISSANCE/
~~~~~~~~~~~~~~~~~~~~~~~~~~~~~~~~~~~~~~~~~~~~~~~~~~~~~~~~
COTE;:
CDR.020
AUTEUR PM  :
MICROSOFT LICENSING
TITRE;:
Microsoft Windows Server 2003
RESSOURCE  :
CD
ADRESSE ED :
Ouagadougou : MICROSOFT CORPORATION, 2003
DES. TECH. :
7 CD
NOTES;:
/MICROSOFT//LICENCE//WINDOWS//SERVEUR/
~~~~~~~~~~~~~~~~~~~~~~~~~~~~~~~~~~~~~~~~~~~~~~~~~~~~~~~~
COTE;:
CDR.021
AUTEUR PM  :
MICROSOFT LICENSING
TITRE;:
Microsoft Exchange 2003
RESSOURCE  :
3 CD
ADRESSE ED :
Ouagadougou : MICROSOFT CORPORATION, 2003
DES. TECH. :
/MICROSOFT//LICENCE//WINDOWS//EXCHANGE/
~~~~~~~~~~~~~~~~~~~~~~~~~~~~~~~~~~~~~~~~~~~~~~~~~~~~~~~~
COTE;:
CDR.022
AUTEUR PM  :
MICROSOFT LICENSING
TITRE;:
Microsoft Corporate Error Reporting
RESSOURCE  :
CD
ADRESSE ED :
Ouagadougou : MICROSOFT CORPORATION, 2003
DES. TECH. :
1 CD
DESCRIP MAT:
/MICROSOFT//LOGICIEL//WINDOWS/
~~~~~~~~~~~~~~~~~~~~~~~~~~~~~~~~~~~~~~~~~~~~~~~~~~~~~~~~
COTE;:
CDR.023
AUTEUR PM  :
MICROSOFT LICENSING
TITRE;:
Microsoft Exchange Server 2003 : Intelligent Message
Filtrer
RESSOURCE  :
CD
ADRESSE ED :
Ouagadougou : MICROSOFT CORPORATION, 2004
DESCRIP MAT:
/MICROSOFT//WINDOWS//EXCHANGE//SERVEUR/
~~~~~~~~~~~~~~~~~~~~~~~~~~~~~~~~~~~~~~~~~~~~~~~~~~~~~~~~
COTE;:
CDR.024
AUTEUR PM  :
MICROSOFT LICENSING
TITRE;:
Microsoft Windows : Preinstallation Environnement 2004
ADRESSE ED :
Ouagadougou : MICROSOFT CORPORATION, 2004
DESCRIP MAT:
/MICROSOFT//WINDOWS//ENVIRONNEMENT//LOGICIEL/
~~~~~~~~~~~~~~~~~~~~~~~~~~~~~~~~~~~~~~~~~~~~~~~~~~~~~~~~
COTE;:
CDR.025
AUTEUR PM  :
MICROSOFT LICENSING
TITRE;:
Microsoft Windows : Préinstallation Environnement 2004
RESSOURCE  :
1 CD
ADRESSE ED :
Ouagadougou : MICROSOFT CORPORATION, 2005
DESCRIP MAT:
/MICROSOFT//WINDOWS//LOGICIEL//ENVIRONNEMENT/
~~~~~~~~~~~~~~~~~~~~~~~~~~~~~~~~~~~~~~~~~~~~~~~~~~~~~~~~
COTE;:
CDR.026
AUTEUR PM  :
MICROSOFT LICENSING
TITRE;:
Microsoft : SQL Server 2005
RESSOURCE  :
CD 1 et 2
ADRESSE ED :
Ouagadougou : MICROSOFT CORPORATION, 2006
DESCRIP MAT:
/MICROSOFT//SQL//SERVEUR//LOGICIEL/
~~~~~~~~~~~~~~~~~~~~~~~~~~~~~~~~~~~~~~~~~~~~~~~~~~~~~~~~
COTE;:
CDR.027
AUTEUR PM  :
MICROSOFT LICENSING
TITRE;:
Microsoft : SQL Server 2005
RESSOURCE  :
32 bit
ADRESSE ED :
Ouagadougou : MICROSOFT CORPORATION, 2006
DES. TECH. :
CD 1 et 2
DESCRIP MAT:
/MICROSOFT//SQL//SERVEUR/
~~~~~~~~~~~~~~~~~~~~~~~~~~~~~~~~~~~~~~~~~~~~~~~~~~~~~~~~
COTE;:
CDR.028
AUTEUR PM  :
MICROSOFT LICENSING
TITRE;:
Microsoft Windows Server 2003 R2 : Servers Windows
ADRESSE ED :
Ouagadougou : MICROSOFT CORPORATION, 2006
DES. TECH. :
Standard x64 Edition
DESCRIP MAT:
/MICROSOFT//WINDOWS//SERVEUR/
~~~~~~~~~~~~~~~~~~~~~~~~~~~~~~~~~~~~~~~~~~~~~~~~~~~~~~~~
COTE;:
CDR.029
AUTEUR PM  :
MICROSOFT LICENSING
TITRE;:
Microsoft Virtual PC Express Early Release
RESSOURCE  :
CD
ADRESSE ED :
Ouagadougou : MICROSOFT CORPORATION, 2006
DESCRIP MAT:
/MICROSOFT//ASSURANCE//LOGICIEL//MATERIEL INFORMATIQUE/
~~~~~~~~~~~~~~~~~~~~~~~~~~~~~~~~~~~~~~~~~~~~~~~~~~~~~~~~
COTE;:
DVD.003
AUTEUR PM  :
MICROSOFT LICENSING
TITRE;:
Microsoft SQL Server 2005
RESSOURCE  :
MSDN Library DVD
ADRESSE ED :
Ouagadougou : MICROSOFT CORPORATION, 2006
DES. TECH. :
1 CD
DESCRIP MAT:
/MICROSOFT//SQL//SERVEUR//LOGICIEL/
~~~~~~~~~~~~~~~~~~~~~~~~~~~~~~~~~~~~~~~~~~~~~~~~~~~~~~~~
COTE;:
DVD.004
AUTEUR PM  :
MICROSOFT LICENSING
TITRE;:
Microsoft SQL Server 2005
RESSOURCE  :
x64 for DVD installation
ADRESSE ED :
Ouagadougou : MICROSOFT CORPORATION, 2006
DES. TECH. :
1 DVD
DESCRIP MAT:
/MICROSOFT//SQL//SERVEUR/
~~~~~~~~~~~~~~~~~~~~~~~~~~~~~~~~~~~~~~~~~~~~~~~~~~~~~~~~
COTE;:
DVD.005
AUTEUR PM  :
MICROSOFT LICENSING
TITRE;:
Microsoft SQL Server 2005
ADRESSE ED :
Ouagadougou : MICROSOFT CORPORATION, 2006
DES. TECH. :
1 DVD
DESCRIP MAT:
/MICROSOFT//SQL//SERVEUR//LOGICIEL/
~~~~~~~~~~~~~~~~~~~~~~~~~~~~~~~~~~~~~~~~~~~~~~~~~~~~~~~~
COTE;:
CDR.030
AUTEUR PM  :
MICROSOFT LICENSING
TITRE;:
Microsoft Windows Server 2003 R2 : Servers Windows
RESSOURCE  :
Standard 32 bit
ADRESSE ED :
Ouagadougou : MICROSOFT CORPORATION, 2007
DES. TECH. :
CD 1 et 2, entreprise éd.
DESCRIP MAT:
/MICROSOFT//WINDOWS//SERVEUR/
~~~~~~~~~~~~~~~~~~~~~~~~~~~~~~~~~~~~~~~~~~~~~~~~~~~~~~~~
COTE;:
DVD.006
AUTEUR PM  :
MICROSOFT LICENSING
TITRE;:
"Microsoft Office Professional Plus 2007 ; Applications"
microsoft Office Family
RESSOURCE  :
DVD
ADRESSE ED :
Ouagadougou : MICROSOFT CORPORATION, 2007
DESCRIP MAT:
/MICROSOFT OFFICE//PROFESSION//LOGICIEL/
~~~~~~~~~~~~~~~~~~~~~~~~~~~~~~~~~~~~~~~~~~~~~~~~~~~~~~~~
COTE;:
DVD.007
AUTEUR PM  :
MICROSOFT LICENSING
TITRE;:
Microsoft Windows Server TM 2003 for Itanium Based
Systems : Servers Windows 2007
RESSOURCE  :
DVD
ADRESSE ED :
Ouagadougou : MICROSOFT CORPORATION, 2007
DESCRIP MAT:
/MICROSOFT//WINDOWS//SERVEUR/
~~~~~~~~~~~~~~~~~~~~~~~~~~~~~~~~~~~~~~~~~~~~~~~~~~~~~~~~
COTE;:
DVD.008
AUTEUR PM  :
MICROSOFT LICENSING
TITRE;:
Microsoft Windows Vista TM Enterprise : systems
software Assurance Windows vista Enterprise
RESSOURCE  :
DVD
ADRESSE ED :
Ouagadougou : MICROSOFT CORPORATION, 2007
DESCRIP MAT:
/MICROSOFT//WINDOWS VISTA//ASSURANCE//ENTREPRISE/
~~~~~~~~~~~~~~~~~~~~~~~~~~~~~~~~~~~~~~~~~~~~~~~~~~~~~~~~
COTE;:
DVD.009
AUTEUR PM  :
MICROSOFT LICENSING
TITRE;:
Microsoft Windows Vista TM Business : systems Windows
client business
RESSOURCE  :
DVD
ADRESSE ED :
Ouagadougou : MICROSOFT CORPORATION, 2007
DESCRIP MAT:
/MICROSOFT//WINDOWS VISTA//CLIENTELE//AFFAIRE/
~~~~~~~~~~~~~~~~~~~~~~~~~~~~~~~~~~~~~~~~~~~~~~~~~~~~~~~~
COTE;:
DVD.010
AUTEUR PM  :
MICROSOFT LICENSING
TITRE;:
Microsoft system center OPS Manager Server 2007 :
Servers Applications
RESSOURCE  :
DVD
ADRESSE ED :
Ouagadougou : MICROSOFT CORPORATION, 2007
DESCRIP MAT:
/MICROSOFT//SERVEUR//MANAGEMENT//LOGICIEL/
~~~~~~~~~~~~~~~~~~~~~~~~~~~~~~~~~~~~~~~~~~~~~~~~~~~~~~~~
COTE;:
DVD.011
AUTEUR PM  :
MICROSOFT LICENSING
TITRE;:
Microsoft Office SharePoint Server 2007 : Servers
Applications
RESSOURCE  :
DVD
ADRESSE ED :
Ouagadougou : MICROSOFT CORPORATION, 2007
DESCRIP MAT:
/MICROSOFT OFFICE//SHAREPOINT//SERVEUR//LOGICIEL/
~~~~~~~~~~~~~~~~~~~~~~~~~~~~~~~~~~~~~~~~~~~~~~~~~~~~~~~~
COTE;:
DVD.012
AUTEUR PM  :
MICROSOFT LICENSING
TITRE;:
Server Applications : Microsoft SharePoint, Microsoft
Office Project, Microsoft Internet security, Microsoft
SQL, 2003, 2006-2007
RESSOURCE  :
DVD
ADRESSE ED :
Ouagadougou : MICROSOFT CORPORATION, 2007
DESCRIP MAT:
/SERVEUR//MICROSOFT//SHAREPOINT//OFFICE
PROJECT//INTERNET//SECURITE INFORMATIQUE//SQL/
~~~~~~~~~~~~~~~~~~~~~~~~~~~~~~~~~~~~~~~~~~~~~~~~~~~~~~~~
COTE;:
DVD.013
AUTEUR PM  :
MICROSOFT LICENSING
TITRE;:
Microsoft Windows Server TM 2008 : Servers Windows 2008
RESSOURCE  :
DVD
ADRESSE ED :
Ouagadougou : MICROSOFT CORPORATION, 2008
DES. TECH. :
Standard x64 édition
DESCRIP MAT:
/MICROSOFT//WINDOWS//SERVEUR/
~~~~~~~~~~~~~~~~~~~~~~~~~~~~~~~~~~~~~~~~~~~~~~~~~~~~~~~~
COTE;:
DVD.014
AUTEUR PM  :
MICROSOFT LICENSING
TITRE;:
Microsoft System Center OPS Manager Server 2007 with
SP1 and SQL Server 2005 SP2 Technology
ADRESSE ED :
Ouagadougou : MICROSOFT CORPORATION, 2008
DESCRIP MAT:
/MICROSOFT//SERVEUR//TECHNOLOGIE//MANAGEMENT/
~~~~~~~~~~~~~~~~~~~~~~~~~~~~~~~~~~~~~~~~~~~~~~~~~~~~~~~~
COTE;:
DVD.015
AUTEUR PM  :
MICROSOFT LICENSING
TITRE;:
Microsoft Windows Vista TM Business : Systems Windows
client Business 2008
RESSOURCE  :
DVD
ADRESSE ED :
Ouagadougou : MICROSOFT CORPORATION, 2008
DESCRIP MAT:
/MICROSOFT//WINDOWS VISTA//AFFAIRE//CLIENTELE/
~~~~~~~~~~~~~~~~~~~~~~~~~~~~~~~~~~~~~~~~~~~~~~~~~~~~~~~~
COTE;:
DVD.016
AUTEUR PM  :
MICROSOFT LICENSING
TITRE;:
"Windows Servers 2008 R2 Enterprise ; Servers Windows"
RESSOURCE  :
DVD
ADRESSE ED :
Ouagadougou : MICROSOFT CORPORATION, 2008
DES. TECH. :
X64 / 64 - bit
DESCRIP MAT:
/WINDOWS//SERVEUR//ENTREPRISE//MICROSOFT/
~~~~~~~~~~~~~~~~~~~~~~~~~~~~~~~~~~~~~~~~~~~~~~~~~~~~~~~~
COTE;:
DVD.017
AUTEUR PM  :
MICROSOFT LICENSING
TITRE;:
Microsoft Windows 7 professional : systems Windows
client Business
RESSOURCE  :
DVD
ADRESSE ED :
Ouagadougou : MICROSOFT CORPORATION, 2009
DESCRIP MAT:
/MICROSOFT//WINDOWS//CLIENTELE//AFFAIRE/
~~~~~~~~~~~~~~~~~~~~~~~~~~~~~~~~~~~~~~~~~~~~~~~~~~~~~~~~
COTE;:
DVD.018
AUTEUR PM  :
MICROSOFT LICENSING
TITRE;:
Microsoft Exchange Server 2010 standard : Servers
Applications
RESSOURCE  :
DVD
ADRESSE ED :
Ouagadougou : MICROSOFT CORPORATION, 2009
DESCRIP MAT:
/MICROSOFT//EXCHANGE//SERVEUR//LOGICIEL/
~~~~~~~~~~~~~~~~~~~~~~~~~~~~~~~~~~~~~~~~~~~~~~~~~~~~~~~~
COTE;:
DVD.019
AUTEUR PM  :
MICROSOFT LICENSING
TITRE;:
Microsoft Office Professional Plus 2010 : applications
microsoft office family
RESSOURCE  :
DVD
ADRESSE ED :
Ouagadougou : MICROSOFT CORPORATION, 2010
DESCRIP MAT:
/MICROSOFT OFFICE//LOGICIEL/
~~~~~~~~~~~~~~~~~~~~~~~~~~~~~~~~~~~~~~~~~~~~~~~~~~~~~~~~
COTE;:
DVD.020
AUTEUR PM  :
MICROSOFT LICENSING
TITRE;:
Microsoft SQL Server 2008 R2 Enterprise : Servers
applications
RESSOURCE  :
DVD
ADRESSE ED :
Ouagadougou : MICROSOFT CORPORATION, 2010
DESCRIP MAT:
/MICROSOFT//SQL//SERVEUR//ENTREPRISE/
~~~~~~~~~~~~~~~~~~~~~~~~~~~~~~~~~~~~~~~~~~~~~~~~~~~~~~~~
COTE;:
DVD.021
AUTEUR PM  :
MICROSOFT LICENSING
TITRE;:
Microsoft Office Professional Plus 2010 : Applications
Microsoft Office Family 2011
RESSOURCE  :
DVD et CD
ADRESSE ED :
Ouagadougou : MICROSOFT CORPORATION, 2011
DESCRIP MAT:
/MICROSOFT OFFICE//LOGICIEL/
~~~~~~~~~~~~~~~~~~~~~~~~~~~~~~~~~~~~~~~~~~~~~~~~~~~~~~~~
COTE;:
DVD.022
AUTEUR PM  :
MICROSOFT LICENSING
TITRE;:
Microsoft Windows 7 professional : systems Windows
client business
RESSOURCE  :
DVD
ADRESSE ED :
Ouagadougou : MICROSOFT CORPORATION, 2011
DESCRIP MAT:
/MICROSOFT//WINDOWS//CLIENTELE//AFFAIRE/
~~~~~~~~~~~~~~~~~~~~~~~~~~~~~~~~~~~~~~~~~~~~~~~~~~~~~~~~
COTE;:
DVD.023
AUTEUR PM  :
MICROSOFT LICENSING
TITRE;:
Microsoft Windows Server 2008 R2 standard : Servers
Windows 2011
RESSOURCE  :
DVD
ADRESSE ED :
Ouagadougou : MICROSOFT CORPORATION, 2011
DESCRIP MAT:
/MICROSOFT//WINDOWS//SERVEUR/
~~~~~~~~~~~~~~~~~~~~~~~~~~~~~~~~~~~~~~~~~~~~~~~~~~~~~~~~
COTE;:
DVD.024
AUTEUR PM  :
MICROSOFT LICENSING
TITRE;:
Microsoft Office Professional Plus 2010 : Applications
Microsoft Office Family
RESSOURCE  :
DVD
ADRESSE ED :
Ouagadougou : MICROSOFT CORPORATION, 2012
DES. TECH. :
w/service Pact 1
DESCRIP MAT:
/MICROSOFT OFFICE//LOGICIEL/
~~~~~~~~~~~~~~~~~~~~~~~~~~~~~~~~~~~~~~~~~~~~~~~~~~~~~~~~
COTE;:
DVD.025
AUTEUR PM  :
MICROSOFT LICENSING
TITRE;:
Microsoft Office Professional Plus 2013 : Applications
Microsoft Office Family
RESSOURCE  :
DVD
ADRESSE ED :
Ouagadougou : MICROSOFT CORPORATION, 2012
DESCRIP MAT:
/MICROSOFT OFFICE//LOGICIEL/
~~~~~~~~~~~~~~~~~~~~~~~~~~~~~~~~~~~~~~~~~~~~~~~~~~~~~~~~
COTE;:
DVD.026
AUTEUR PM  :
MICROSOFT LICENSING
TITRE;:
Microsoft Windows 8 Pro : Systems Windows client :
business 2012
RESSOURCE  :
DVD
ADRESSE ED :
Ouagadougou : MICROSOFT CORPORATION, 2012
DES. TECH. :
32-bit x 86 Full
DESCRIP MAT:
/MICROSOFT//WINDOWS//CLIENTELE//AFFAIRE/
~~~~~~~~~~~~~~~~~~~~~~~~~~~~~~~~~~~~~~~~~~~~~~~~~~~~~~~~
COTE;:
DVD.027
AUTEUR PM  :
MICROSOFT LICENSING
TITRE;:
Microsoft Windows Server 2012 standard : Servers
Windows Servers
RESSOURCE  :
DVD
ADRESSE ED :
Ouagadougou : MICROSOFT CORPORATION, 2012
DESCRIP MAT:
/MICROSOFT//WINDOWS//SERVEUR/
~~~~~~~~~~~~~~~~~~~~~~~~~~~~~~~~~~~~~~~~~~~~~~~~~~~~~~~~
COTE;:
DVD.028
AUTEUR PM  :
MICROSOFT LICENSING
TITRE;:
Microsoft Exchange Server standard 2013 : Servers
Applications 2012
RESSOURCE  :
DVD
ADRESSE ED :
Ouagadougou : MICROSOFT CORPORATION, 2012
DESCRIP MAT:
/MICROSOFT//EXCHANGE//SERVEUR//LOGICIEL/
~~~~~~~~~~~~~~~~~~~~~~~~~~~~~~~~~~~~~~~~~~~~~~~~~~~~~~~~
COTE;:
DVD.029
AUTEUR PM  :
SYMANTEC
TITRE;:
Veritas Netbackup : Server / Enterprise Server V6.5
RESSOURCE  :
DVD
ADRESSE ED :
s.l. : SYMANTEC CORPORATION, 2007
DESCRIP MAT:
/SYMANTEC//SERVEUR//ENTREPRISE//SECURITE INFORMATIQUE/
~~~~~~~~~~~~~~~~~~~~~~~~~~~~~~~~~~~~~~~~~~~~~~~~~~~~~~~~
COTE;:
CDR.031
TITRE;:
Divers fichiers sauvegardés :
RESSOURCE  :
1 CD : 34,3 MO
ADRESSE ED :
Ouagadougou : SONABHY, 2004
DES. TECH. :
"509 Fichiers ; 7 dossiers"
DESCRIP MAT:
/SONABHY//INFORMATION//COURRIER/
~~~~~~~~~~~~~~~~~~~~~~~~~~~~~~~~~~~~~~~~~~~~~~~~~~~~~~~~
COTE;:
CDR.032
TITRE;:
Documentation sur le droit commercial, droit fiscal,
droit du travail, brèves informations sur l'AFD,
indicateurs économiques
RESSOURCE  :
1 CD : 3,08 MO
ADRESSE ED :
s.l. : s.n., 2013
DES. TECH. :
5 fichiers
COLLECTION :
Extrait de la revue : Droit des affaires du Burkina
Faso 2013
DESCRIP MAT:
/DROIT//COMMERCE//FISCALITE//TRAVAIL//AFD//INDICATEUR
ECONOMIQUE//ECONOMIE/
DESCRIP GEO:
/BURKINA FASO/
~~~~~~~~~~~~~~~~~~~~~~~~~~~~~~~~~~~~~~~~~~~~~~~~~~~~~~~~
COTE;:
CDR.033
AUTEUR PM  :
MCPEA
TITRE;:
Rapport en conseil des ministres adressé au Président
du Faso
RESSOURCE  :
1 CD : 76,5 KO
ADRESSE ED :
Ouagadougou : MCPEA, 2004
DES. TECH. :
1 fichier Word
DESCRIP MAT:
/CONSEIL DE MINSTRE//TAXE//PRODUIT
PETROLIER//STRUCTURE DE PRIX//TPP//SONABHY/
DESCRIP GEO:
/BURKINA FASO/
~~~~~~~~~~~~~~~~~~~~~~~~~~~~~~~~~~~~~~~~~~~~~~~~~~~~~~~~
COTE;:
CDR.034
AUTEUR PM  :
MICROSOFT
TITRE;:
Microsoft Windows Server 2003
RESSOURCE  :
1 CD : 551 MO
ADRESSE ED :
s.l. : MICROSOFT CORPORATION, 2003
DES. TECH. :
8093 fichiers : 57 dossiers
DESCRIP MAT:
/MICROSOFT//WINDOWS//SERVEUR/
~~~~~~~~~~~~~~~~~~~~~~~~~~~~~~~~~~~~~~~~~~~~~~~~~~~~~~~~
COTE;:
CDR.035
AUTEUR PM  :
MICROSOFT WINDOWS
TITRE;:
Internet Security et acceleration Server 2006
RESSOURCE  :
"1 CD ; 133 MO"
ADRESSE ED :
s.l. : MICROSOFT CORPORATION, 2006
DES. TECH. :
"627 fichiers ; 94 dossiers"
DESCRIP MAT:
/INTERNET//SECURITE INFORMATIQUE//SERVEUR/
~~~~~~~~~~~~~~~~~~~~~~~~~~~~~~~~~~~~~~~~~~~~~~~~~~~~~~~~
COTE;:
CDR.036
AUTEUR PM  :
CISCO
TITRE;:
CISCO Catalyst 3560 Serie Switches
RESSOURCE  :
1 CD : 42,8 MO
ADRESSE ED :
s.l. : CISCO, 2009
DES. TECH. :
"73 fichiers ; 11 dossiers"
DESCRIP MAT:
/CISCO//SWITVHES//DOCUMENTATION/
~~~~~~~~~~~~~~~~~~~~~~~~~~~~~~~~~~~~~~~~~~~~~~~~~~~~~~~~
COTE;:
CDR.037
AUTEUR PM  :
HP DEVELOPMENT COMPANY
TITRE;:
HP Proliant Networking Software drivers documentation
utilities
RESSOURCE  :
1 CD : 102 MO
ADRESSE ED :
s.l. : HP DEVELOPMENT COMPANY, 2006
DES. TECH. :
"713 fichiers ; 91 dossiers"
DESCRIP MAT:
/HP//MATERIEL INFORMATIQUE/
~~~~~~~~~~~~~~~~~~~~~~~~~~~~~~~~~~~~~~~~~~~~~~~~~~~~~~~~
COTE;:
CDR.038
AUTEUR PM  :
MICROSOFT WINDOWS
TITRE;:
Microsoft Windows XP : applications
RESSOURCE  :
1 CD : 885 MO
ADRESSE ED :
s.l. : MICROSOFT CORPORATION, s. d.
DES. TECH. :
"13189 fichiers ; 675 dossiers"
DESCRIP MAT:
/MICROSOFT//WINDOWS XP//LOGICIEL/
~~~~~~~~~~~~~~~~~~~~~~~~~~~~~~~~~~~~~~~~~~~~~~~~~~~~~~~~
COTE;:
CDR.039
AUTEUR PM  :
CANON
TITRE;:
ImageFORMULA DR-X10C : document scanner septup disc
RESSOURCE  :
1 CD : 605 MO
ADRESSE ED :
s.l. : CANON ELECTRONICS INC, s. d.
DES. TECH. :
"119 fichiers ; 22 dossiers"
DESCRIP MAT:
/document//scanner//numerisation//scannerisation/
~~~~~~~~~~~~~~~~~~~~~~~~~~~~~~~~~~~~~~~~~~~~~~~~~~~~~~~~
COTE;:
REL.001
AUTEUR PM  :
SONABHY
TITRE;:
DISQUE DUR D1-08 : DONNEES INFORMATIQUES AU AOUT 2018
RESSOURCE  :
DISQUE DUR = RESSOURCE EN LIGNE
ADRESSE ED :
DES. TECH. :
BASE DE DONNEES
DESCRIP MAT:
/DONNEE INFORMATIQUE//BASE DE
DONNEES//SAUVEGARDE//SONABHY/
~~~~~~~~~~~~~~~~~~~~~~~~~~~~~~~~~~~~~~~~~~~~~~~~~~~~~~~~
COTE;:
REL.002
AUTEUR PM  :
SONABHY
TITRE;:
DISQUE DUR N°001 : DONNEES INFORMATIQUES AU JUILLET
2019
RESSOURCE  :
DISQUE DUR = RESSOURCE EN LIGNE
ADRESSE ED :
DES. TECH. :
BASE DE DONNEES
DESCRIP MAT:
/DONNEE INFORMATIQUE//BASE DE
DONNEES//SAUVEGARDE//SONABHY/
~~~~~~~~~~~~~~~~~~~~~~~~~~~~~~~~~~~~~~~~~~~~~~~~~~~~~~~~
COTE;:
REL.003
AUTEUR PM  :
SONABHY
TITRE;:
DISQUE DUR N°001 : DONNEES INFORMATIQUES AU SEPTEMBRE
2019
RESSOURCE  :
DISQUE DUR = RESSOURCE EN LIGNE
ADRESSE ED :
DES. TECH. :
BASE DE DONNEES
DESCRIP MAT:
/DONNEE INFORMATIQUE//BASE DE
DONNEES//SAUVEGARDE//SONABHY/
~~~~~~~~~~~~~~~~~~~~~~~~~~~~~~~~~~~~~~~~~~~~~~~~~~~~~~~~
COTE;:
CDR.040
AUTEUR PM  :
CEIA INTERNATIONAL
TITRE;:
Divers rapports sur les travaux de construction des
infrastructures au profit de la SONABHY.
RESSOURCE  :
52x / 700MB / 80min
ADRESSE ED :
NOTES;:
Pièces jointe du courrier arrivée n°1900 du 03 avril
2019
DESCRIP MAT:
/INFRASTRUCTURE//SONABHY//ROUTE//PARKING//DEPOT DE
BINGO/
~~~~~~~~~~~~~~~~~~~~~~~~~~~~~~~~~~~~~~~~~~~~~~~~~~~~~~~~
COTE;:
CDR.041
AUTEUR PM  :
CEIA INTERNATIONAL
TITRE;:
Divers rapports sur les travaux de construction des
infrastructures au profit de la SONABHY
RESSOURCE  :
12x speed / 700MB / 80 min
ADRESSE ED :
NOTES;:
Pièce jointe du courrier arrivée n°4696 du 06
septembre 2019
DESCRIP MAT:
/INFRASTRUCTURE//SONABHY//ROUTE//PARKING//DEPOT DE
BINGO/
~~~~~~~~~~~~~~~~~~~~~~~~~~~~~~~~~~~~~~~~~~~~~~~~~~~~~~~~
COTE;:
PHO.040
AUTEUR PM  :
SONABHY
TITRE;:
PRENTATION DE VOEUX DU PERSONNEL A MONSIEUR LE
DIRECTEUR GENERALE
RESSOURCE  :
1 ALBUM DE 60 PHOTOS
ADRESSE ED :
DES. TECH. :
PHOTO  EN COUL.
DESCRIP MAT:
/PRESENTATION DE VOEUX//RESSOURCEHUMAINE//DIRECTEUR
GENERALE//SONBHY/
~~~~~~~~~~~~~~~~~~~~~~~~~~~~~~~~~~~~~~~~~~~~~~~~~~~~~~~~
COTE;:
PHO.041
AUTEUR PM  :
SONABHY
TITRE;:
ARBRE DE NOEL
RESSOURCE  :
1 LOT DE 72 PHOTOS
ADRESSE ED :
DES. TECH. :
PHOTO  EN COUL.
DESCRIP MAT:
/ARBRE DE NOEL//NOEL//PARENT//ENFANT//CADEAU//SONABHY/
~~~~~~~~~~~~~~~~~~~~~~~~~~~~~~~~~~~~~~~~~~~~~~~~~~~~~~~~
COTE;:
PHO.042
AUTEUR PM  :
SONABHY
TITRE;:
ARBRE DE NOEL A LA SONABHY
RESSOURCE  :
1 ALBUM DE 52 PHOTOS
ADRESSE ED :
DES. TECH. :
PHOTO  EN COUL.
DESCRIP MAT:
/ARBRE DE NOEL//NOEL//CADEAU//PARENT//ENFANT//SONABHY
~~~~~~~~~~~~~~~~~~~~~~~~~~~~~~~~~~~~~~~~~~~~~~~~~~~~~~~~
COTE;:
PHO.043
AUTEUR PM  :
SONABHY
TITRE;:
ARBRE DE NOEL 2005
RESSOURCE  :
1 ALBUM DE 58 PHOTOS
ADRESSE ED :
DES. TECH. :
PHOTO  EN COUL.
DESCRIP MAT:
/ARBRE DE NOEL//NOE//CADEAU//PARENT//ENFANT//SONABHY/
~~~~~~~~~~~~~~~~~~~~~~~~~~~~~~~~~~~~~~~~~~~~~~~~~~~~~~~~
COTE;:
PHO.044
AUTEUR PM  :
SONABHY
TITRE;:
PRESENTATION DE VOEUX A L'OCASION DU NOUVEL AN 2004
RESSOURCE  :
1 ALBUM DE 72 PHOTOS
ADRESSE ED :
DES. TECH. :
PHOTO  EN COUL.
DESCRIP MAT:
/PRESENTATION DE VOEUX//NOUVEL AN//RESSOURCE
HUMAINE//DIRECTEUR GENERALE/
~~~~~~~~~~~~~~~~~~~~~~~~~~~~~~~~~~~~~~~~~~~~~~~~~~~~~~~~
COTE;:
PHO.045
AUTEUR PM  :
SONABHY
TITRE;:
EXERCICE INCENDI CONJOINT SONABHY -BNSP
RESSOURCE  :
1 ALBUM DE 148 PHOTOS
ADRESSE ED :
DES. TECH. :
PHOTO  EN COUL.
NOTES;:
THEME:FEU DE CUVETTE CONTENANT UN BAC DE SUPER 91
CAPACITE 6500 m3
DESCRIP MAT:
/EXERCICE//INCENDIE//SECURITE//DEPOT DE
BINGO//BNSP//SONABHY/
~~~~~~~~~~~~~~~~~~~~~~~~~~~~~~~~~~~~~~~~~~~~~~~~~~~~~~~~
COTE;:
BAN.001
AUTEUR PM  :
SONABHY
TITRE;:
BANDE DE SAUVEGARDE (CARTOUCHE DE DONNEES) : M1J
RESSOURCE  :
800GB
ADRESSE ED :
DESCRIP MAT:
/SAUVEGARDE//BASE DE DONNEES//SONABHY/
~~~~~~~~~~~~~~~~~~~~~~~~~~~~~~~~~~~~~~~~~~~~~~~~~~~~~~~~
COTE;:
BAN.002
AUTEUR PM  :
SONABHY
TITRE;:
BANDE DE SAUVEGARDE (CARTOUCHE DE DONNEES) M2J
RESSOURCE  :
800MG
ADRESSE ED :
DESCRIP MAT:
/SAUVEGARDE//BASEDE DONNEES//SONABHY/
~~~~~~~~~~~~~~~~~~~~~~~~~~~~~~~~~~~~~~~~~~~~~~~~~~~~~~~~
COTE;:
BAN.003
AUTEUR PM  :
SONABHY
TITRE;:
BANDE DE SAUVEGARDE (CARTOUCHE DE DONNEES) M3J
RESSOURCE  :
800MG
ADRESSE ED :
DESCRIP MAT:
/SAUVEGARDE//BASEDE DONNEES//SONABHY/
~~~~~~~~~~~~~~~~~~~~~~~~~~~~~~~~~~~~~~~~~~~~~~~~~~~~~~~~
COTE;:
BAN.004
AUTEUR PM  :
SONABHY
TITRE;:
BANDE DE SAUVEGARDE (CARTOUCHE DE DONNEES) M4J
RESSOURCE  :
800MG
ADRESSE ED :
DESCRIP MAT:
/SAUVEGARDE//BASE DE DONNEES//SONABHY/
~~~~~~~~~~~~~~~~~~~~~~~~~~~~~~~~~~~~~~~~~~~~~~~~~~~~~~~~
COTE;:
BAN.005
AUTEUR PM  :
SONABHY
TITRE;:
BANDE DE SAUVEGARDE (CARTOUCHE DE DONNEES) M5J
RESSOURCE  :
800MG
ADRESSE ED :
DESCRIP MAT:
/SAUVEGARDE//BASE DE DONNEES//SONABHY/
~~~~~~~~~~~~~~~~~~~~~~~~~~~~~~~~~~~~~~~~~~~~~~~~~~~~~~~~
COTE;:
BAN.006
AUTEUR PM  :
SONABHY
TITRE;:
BANDE DE SAUVEGARDE (CARTOUCHE DE DONNEES) M6J
RESSOURCE  :
800MG
ADRESSE ED :
DESCRIP MAT:
/SAUVEGARDE//BASEDE DONNEES//SONABHY/
~~~~~~~~~~~~~~~~~~~~~~~~~~~~~~~~~~~~~~~~~~~~~~~~~~~~~~~~
COTE;:
BAN.007
AUTEUR PM  :
SONABHY
TITRE;:
BANDE DE SAUVEGARDE (CARTOUCHE DE DONNEES) M7J
RESSOURCE  :
800MG
ADRESSE ED :
DESCRIP MAT:
/SAUVEGARDE//BASE DE DONNEES//SONABHY/
~~~~~~~~~~~~~~~~~~~~~~~~~~~~~~~~~~~~~~~~~~~~~~~~~~~~~~~~
COTE;:
BAN.008
AUTEUR PM  :
SONABHY
TITRE;:
BANDE DE SAUVEGARDE (CARTOUCHE DE DONNEES) M8J
RESSOURCE  :
800MG
ADRESSE ED :
DESCRIP MAT:
/SAUVEGARDE//BASE DE DONNEES//SONABHY/
~~~~~~~~~~~~~~~~~~~~~~~~~~~~~~~~~~~~~~~~~~~~~~~~~~~~~~~~
COTE;:
BAN.009
AUTEUR PM  :
SONABHY
TITRE;:
BANDE DE SAUVEGARDE (CARTOUCHE DE DONNEES) M9J
RESSOURCE  :
800MG
ADRESSE ED :
DESCRIP MAT:
/SAUVEGARDE//BASE DE DONNEES//SONABHY/
~~~~~~~~~~~~~~~~~~~~~~~~~~~~~~~~~~~~~~~~~~~~~~~~~~~~~~~~
COTE;:
BAN.010
AUTEUR PM  :
SONABHY
TITRE;:
BANDE DE SAUVEGARDE (CARTOUCHE DE DONNEES) M10J
RESSOURCE  :
800MG
ADRESSE ED :
DESCRIP MAT:
/SAUVEGARDE//BASE DE DONNEES//SONABHY/
~~~~~~~~~~~~~~~~~~~~~~~~~~~~~~~~~~~~~~~~~~~~~~~~~~~~~~~~
COTE;:
BAN.011
AUTEUR PM  :
SONABHY
TITRE;:
BANDE DE SAUVEGARDE (CARTOUCHE DE DONNEES) M11J
RESSOURCE  :
800MG
ADRESSE ED :
DESCRIP MAT:
/SAUVEGARDE//BASE DE DONNEES//SONABHY/
~~~~~~~~~~~~~~~~~~~~~~~~~~~~~~~~~~~~~~~~~~~~~~~~~~~~~~~~
COTE;:
BAN.012
AUTEUR PM  :
SONABHY
TITRE;:
BANDE DE SAUVEGARDE (CARTOUCHE DE DONNEES) M12J
RESSOURCE  :
800MG
ADRESSE ED :
DESCRIP MAT:
/SAUVEGARDE//BASE DE DONNEES//SONABHY/
~~~~~~~~~~~~~~~~~~~~~~~~~~~~~~~~~~~~~~~~~~~~~~~~~~~~~~~~
COTE;:
BAN.013
AUTEUR PM  :
SONABHY
TITRE;:
BANDE DE SAUVEGARDE (CARTOUCHE DE DONNEES) M13J
RESSOURCE  :
800MG
ADRESSE ED :
DESCRIP MAT:
/SAUVEGARDE//BASE DE DONNEES//SONABHY/
~~~~~~~~~~~~~~~~~~~~~~~~~~~~~~~~~~~~~~~~~~~~~~~~~~~~~~~~
COTE;:
BAN.014
AUTEUR PM  :
SONABHY
TITRE;:
BANDE DE SAUVEGARDE (CARTOUCHE DE DONNEES) M14J
RESSOURCE  :
800MG
ADRESSE ED :
DESCRIP MAT:
/SAUVEGARDE//BASE DE DONNEES//SONABHY/
~~~~~~~~~~~~~~~~~~~~~~~~~~~~~~~~~~~~~~~~~~~~~~~~~~~~~~~~
COTE;:
BAN.015
AUTEUR PM  :
SONABHY
TITRE;:
BANDE DE SAUVEGARDE (CARTOUCHE DE DONNEES) M15J
RESSOURCE  :
800MG
ADRESSE ED :
DESCRIP MAT:
/SAUVEGARDE//BASE DE DONNEES//SONABHY/
~~~~~~~~~~~~~~~~~~~~~~~~~~~~~~~~~~~~~~~~~~~~~~~~~~~~~~~~
COTE;:
BAN.016
AUTEUR PM  :
SONABHY
TITRE;:
BANDE DE SAUVEGARDE (CARTOUCHE DE DONNEES) M16J
RESSOURCE  :
800MG
ADRESSE ED :
DESCRIP MAT:
/SAUVEGARDE//BASE DE DONNEES//SONABHY/
~~~~~~~~~~~~~~~~~~~~~~~~~~~~~~~~~~~~~~~~~~~~~~~~~~~~~~~~
COTE;:
BAN.017
AUTEUR PM  :
SONABHY
TITRE;:
BANDE DE SAUVEGARDE (CARTOUCHE DE DONNEES) M17J
RESSOURCE  :
800MG
ADRESSE ED :
DESCRIP MAT:
/SAUVEGARDE//BASE DE DONNEES//SONABHY/
~~~~~~~~~~~~~~~~~~~~~~~~~~~~~~~~~~~~~~~~~~~~~~~~~~~~~~~~
COTE;:
BAN.018
AUTEUR PM  :
SONABHY
TITRE;:
BANDE DE SAUVEGARDE (CARTOUCHE DE DONNEES) M18J
RESSOURCE  :
800MG
ADRESSE ED :
DESCRIP MAT:
/SAUVEGARDE//BASE DE DONNEES//SONABHY/
~~~~~~~~~~~~~~~~~~~~~~~~~~~~~~~~~~~~~~~~~~~~~~~~~~~~~~~~
COTE;:
BAN.019
AUTEUR PM  :
SONABHY
TITRE;:
BANDE DE SAUVEGARDE (CARTOUCHE DE DONNEES) M19J
RESSOURCE  :
800MG
ADRESSE ED :
DESCRIP MAT:
/SAUVEGARDE//BASE DE DONNEES//SONABHY/
~~~~~~~~~~~~~~~~~~~~~~~~~~~~~~~~~~~~~~~~~~~~~~~~~~~~~~~~
COTE;:
BAN.020
AUTEUR PM  :
SONABHY
TITRE;:
BANDE DE SAUVEGARDE (CARTOUCHE DE DONNEES) M20J
RESSOURCE  :
800MG
ADRESSE ED :
DESCRIP MAT:
/SAUVEGARDE//BASE DE DONNEES//SONABHY/
~~~~~~~~~~~~~~~~~~~~~~~~~~~~~~~~~~~~~~~~~~~~~~~~~~~~~~~~
COTE;:
BAN.021
AUTEUR PM  :
SONABHY
TITRE;:
BANDE DE SAUVEGARDE (CARTOUCHE DE DONNEES) M21J
RESSOURCE  :
800MG
ADRESSE ED :
DESCRIP MAT:
/SAUVEGARDE//BASE DE DONNEES//SONABHY/
~~~~~~~~~~~~~~~~~~~~~~~~~~~~~~~~~~~~~~~~~~~~~~~~~~~~~~~~
COTE;:
BAN.022
AUTEUR PM  :
SONABHY
TITRE;:
BANDE DE SAUVEGARDE (CARTOUCHE DE DONNEES) M22J
RESSOURCE  :
800MG
ADRESSE ED :
DESCRIP MAT:
/SAUVEGARDE//BASE DE DONNEES//SONABHY/
~~~~~~~~~~~~~~~~~~~~~~~~~~~~~~~~~~~~~~~~~~~~~~~~~~~~~~~~
COTE;:
BAN.023
AUTEUR PM  :
SONABHY
TITRE;:
BANDE DE SAUVEGARDE (CARTOUCHE DE DONNEES) M23J
RESSOURCE  :
800MG
ADRESSE ED :
DESCRIP MAT:
/SAUVEGARDE//BASE DE DONNEES//SONABHY/
~~~~~~~~~~~~~~~~~~~~~~~~~~~~~~~~~~~~~~~~~~~~~~~~~~~~~~~~
COTE;:
BAN.024
AUTEUR PM  :
SONABHY
TITRE;:
BANDE DE SAUVEGARDE (CARTOUCHE DE DONNEES) M24J
RESSOURCE  :
800MG
ADRESSE ED :
DESCRIP MAT:
/SAUVEGARDE//BASE DE DONNEES//SONABHY/
~~~~~~~~~~~~~~~~~~~~~~~~~~~~~~~~~~~~~~~~~~~~~~~~~~~~~~~~
COTE;:
BAN.025
AUTEUR PM  :
SONABHY
TITRE;:
BANDE DE SAUVEGARDE (CARTOUCHE DE DONNEES) M25J
RESSOURCE  :
800MG
ADRESSE ED :
DESCRIP MAT:
/SAUVEGARDE//BASE DE DONNEES//SONABHY/
~~~~~~~~~~~~~~~~~~~~~~~~~~~~~~~~~~~~~~~~~~~~~~~~~~~~~~~~
COTE;:
BAN.026
AUTEUR PM  :
SONABHY
TITRE;:
BANDE DE SAUVEGARDE (CARTOUCHE DE DONNEES) M26J
RESSOURCE  :
800MG
ADRESSE ED :
DESCRIP MAT:
/SAUVEGARDE//BASE DE DONNEES//SONABHY/
~~~~~~~~~~~~~~~~~~~~~~~~~~~~~~~~~~~~~~~~~~~~~~~~~~~~~~~~
COTE;:
BAN.027
AUTEUR PM  :
SONABHY
TITRE;:
BANDE DE SAUVEGARDE (CARTOUCHE DE DONNEES) M27J
RESSOURCE  :
800MG
ADRESSE ED :
DESCRIP MAT:
/SAUVEGARDE//BASE DE DONNEES//SONABHY/
~~~~~~~~~~~~~~~~~~~~~~~~~~~~~~~~~~~~~~~~~~~~~~~~~~~~~~~~
COTE;:
BAN.028
AUTEUR PM  :
SONABHY
TITRE;:
BANDE DE SAUVEGARDE (CARTOUCHE DE DONNEES) M28J
RESSOURCE  :
800MG
ADRESSE ED :
DESCRIP MAT:
/SAUVEGARDE//BASE DE DONNEES//SONABHY/
~~~~~~~~~~~~~~~~~~~~~~~~~~~~~~~~~~~~~~~~~~~~~~~~~~~~~~~~
COTE;:
BAN.029
AUTEUR PM  :
SONABHY
TITRE;:
BANDE DE SAUVEGARDE (CARTOUCHE DE DONNEES) M29J
RESSOURCE  :
800MG
ADRESSE ED :
DESCRIP MAT:
/SAUVEGARDE//BASE DE DONNEES//SONABHY/
~~~~~~~~~~~~~~~~~~~~~~~~~~~~~~~~~~~~~~~~~~~~~~~~~~~~~~~~
COTE;:
BAN.029
AUTEUR PM  :
SONABHY
TITRE;:
BANDE DE SAUVEGARDE (CARTOUCHE DE DONNEES) M29J
RESSOURCE  :
800MG
ADRESSE ED :
DESCRIP MAT:
/SAUVEGARDE//BASE DE DONNEES//SONABHY/
~~~~~~~~~~~~~~~~~~~~~~~~~~~~~~~~~~~~~~~~~~~~~~~~~~~~~~~~
COTE;:
BAN.030
AUTEUR PM  :
SONABHY
TITRE;:
BANDE DE SAUVEGARDE (CARTOUCHE DE DONNEES) M30J
RESSOURCE  :
800MG
ADRESSE ED :
DESCRIP MAT:
/SAUVEGARDE//BASE DE DONNEES//SONABHY/
~~~~~~~~~~~~~~~~~~~~~~~~~~~~~~~~~~~~~~~~~~~~~~~~~~~~~~~~
COTE;:
BAN.031
AUTEUR PM  :
SONABHY
TITRE;:
BANDE DE SAUVEGARDE (CARTOUCHE DE DONNEES) M31J
RESSOURCE  :
800MG
ADRESSE ED :
DESCRIP MAT:
/SAUVEGARDE//BASE DE DONNEES//SONABHY/
~~~~~~~~~~~~~~~~~~~~~~~~~~~~~~~~~~~~~~~~~~~~~~~~~~~~~~~~
COTE;:
BAN.032
AUTEUR PM  :
SONABHY
TITRE;:
BANDE DE SAUVEGARDE (CARTOUCHE DE DONNEES) M32J
RESSOURCE  :
800MG
ADRESSE ED :
DESCRIP MAT:
/SAUVEGARDE//BASE DE DONNEES//SONABHY/
~~~~~~~~~~~~~~~~~~~~~~~~~~~~~~~~~~~~~~~~~~~~~~~~~~~~~~~~
COTE;:
BAN.033
AUTEUR PM  :
SONABHY
TITRE;:
BANDE DE SAUVEGARDE (CARTOUCHE DE DONNEES) M33J
RESSOURCE  :
800MG
ADRESSE ED :
DESCRIP MAT:
/SAUVEGARDE//BASE DE DONNEES//SONABHY/
~~~~~~~~~~~~~~~~~~~~~~~~~~~~~~~~~~~~~~~~~~~~~~~~~~~~~~~~
COTE;:
BAN.034
AUTEUR PM  :
SONABHY
TITRE;:
BANDE DE SAUVEGARDE (CARTOUCHE DE DONNEES) M34J
RESSOURCE  :
800MG
ADRESSE ED :
DESCRIP MAT:
/SAUVEGARDE//BASE DE DONNEES//SONABHY/
~~~~~~~~~~~~~~~~~~~~~~~~~~~~~~~~~~~~~~~~~~~~~~~~~~~~~~~~
COTE;:
BAN.035
AUTEUR PM  :
SONABHY
TITRE;:
BANDE DE SAUVEGARDE (CARTOUCHE DE DONNEES) M35J
RESSOURCE  :
800MG
ADRESSE ED :
DESCRIP MAT:
/SAUVEGARDE//BASE DE DONNEES//SONABHY/
~~~~~~~~~~~~~~~~~~~~~~~~~~~~~~~~~~~~~~~~~~~~~~~~~~~~~~~~
COTE;:
CDR.042
AUTEUR PM  :
SONABHY
TITRE;:
DONNEES SUR LA FACTURATION : CD-ROM DU OFFICE PRO 2003
RESSOURCE  :
700MB
ADRESSE ED :
DES. TECH. :
80 minutes
DESCRIP MAT:
/BASE DE DONNEES// FACTURATION// SONABHY/
~~~~~~~~~~~~~~~~~~~~~~~~~~~~~~~~~~~~~~~~~~~~~~~~~~~~~~~~
COTE;:
CDR.043
AUTEUR PM  :
SONABHY
TITRE;:
DONNEES SUR LA FACTURATION : CD-ROM DU 25 AOUT 2005
RESSOURCE  :
700MB
ADRESSE ED :
DES. TECH. :
80 minutes
DESCRIP MAT:
/BASE DE DONNEES// FACTURATION// SONABHY/
~~~~~~~~~~~~~~~~~~~~~~~~~~~~~~~~~~~~~~~~~~~~~~~~~~~~~~~~
COTE;:
CDR.044
AUTEUR PM  :
SONABHY
TITRE;:
DONNEES SUR LA FACTURATION : CD-ROM DU 05 SEPTEMBRE
2005
RESSOURCE  :
700MB
ADRESSE ED :
DES. TECH. :
80 minutes
DESCRIP MAT:
/BASE DE DONNEES// FACTURATION// SONABHY/
~~~~~~~~~~~~~~~~~~~~~~~~~~~~~~~~~~~~~~~~~~~~~~~~~~~~~~~~
COTE;:
CDR.045
AUTEUR PM  :
SONABHY
TITRE;:
DONNEES SUR LA FACTURATION : CD-ROM DU 1er,
25,26,29,30,31 SEPTEMBRE 2005
RESSOURCE  :
700MB
ADRESSE ED :
DES. TECH. :
80 minutes
DESCRIP MAT:
/BASE DE DONNEES// FACTURATION// SONABHY/
~~~~~~~~~~~~~~~~~~~~~~~~~~~~~~~~~~~~~~~~~~~~~~~~~~~~~~~~
COTE;:
CDR.046
AUTEUR PM  :
SONABHY
TITRE;:
DONNEES SUR LA FACTURATION : CD-ROM DU 07 SEPTEMBRE
2005
RESSOURCE  :
700MB
ADRESSE ED :
DES. TECH. :
80 minutes
DESCRIP MAT:
/BASE DE DONNEES// FACTURATION// SONABHY/
~~~~~~~~~~~~~~~~~~~~~~~~~~~~~~~~~~~~~~~~~~~~~~~~~~~~~~~~
COTE;:
CDR.047
AUTEUR PM  :
SONABHY
TITRE;:
DONNEES SUR LA FACTURATION : CD-ROM DU 20 SEPTEMBRE
2005
RESSOURCE  :
700MB
ADRESSE ED :
DES. TECH. :
80 minutes
DESCRIP MAT:
/BASE DE DONNEES// FACTURATION// SONABHY/
~~~~~~~~~~~~~~~~~~~~~~~~~~~~~~~~~~~~~~~~~~~~~~~~~~~~~~~~
COTE;:
CDR.048
AUTEUR PM  :
SONABHY
TITRE;:
DONNEES SUR LA FACTURATION : CD-ROM DU 1er SEPTEMBRE
2005
RESSOURCE  :
700MB
ADRESSE ED :
DES. TECH. :
80 minutes
DESCRIP MAT:
/BASE DE DONNEES// FACTURATION// SONABHY/
~~~~~~~~~~~~~~~~~~~~~~~~~~~~~~~~~~~~~~~~~~~~~~~~~~~~~~~~
COTE;:
CDR.049
AUTEUR PM  :
SONABHY
TITRE;:
DONNEES SUR LA FACTURATION : CD-ROM DU 12 SEPTEMBRE
2005
RESSOURCE  :
730MB
ADRESSE ED :
DES. TECH. :
80 minutes
DESCRIP MAT:
/BASE DE DONNEES// FACTURATION// SONABHY/
~~~~~~~~~~~~~~~~~~~~~~~~~~~~~~~~~~~~~~~~~~~~~~~~~~~~~~~~
COTE;:
CDR.050
AUTEUR PM  :
SONABHY
TITRE;:
DONNEES SUR LA FACTURATION : CD-ROM DU 13 SEPTEMBRE
2005
RESSOURCE  :
730MB
ADRESSE ED :
DES. TECH. :
80 minutes
DESCRIP MAT:
/BASE DE DONNEES// FACTURATION// SONABHY/
~~~~~~~~~~~~~~~~~~~~~~~~~~~~~~~~~~~~~~~~~~~~~~~~~~~~~~~~
COTE;:
CDR.051
AUTEUR PM  :
SONABHY
TITRE;:
DONNEES SUR LA FACTURATION : CD-ROM DU 22 SEPTEMBRE
,2005
RESSOURCE  :
700MB
ADRESSE ED :
DES. TECH. :
80 minutes
DESCRIP MAT:
/BASE DE DONNEES// FACTURATION// SONABHY/
~~~~~~~~~~~~~~~~~~~~~~~~~~~~~~~~~~~~~~~~~~~~~~~~~~~~~~~~
COTE;:
CDR.052
AUTEUR PM  :
SONABHY
TITRE;:
DONNEES SUR LA FACTURATION : CD-ROM DU 23 SEPTEMBRE
2005
RESSOURCE  :
730MB
ADRESSE ED :
DES. TECH. :
80 minutes
DESCRIP MAT:
/BASE DE DONNEES// FACTURATION// SONABHY/
~~~~~~~~~~~~~~~~~~~~~~~~~~~~~~~~~~~~~~~~~~~~~~~~~~~~~~~~
COTE;:
CDR.053
AUTEUR PM  :
SONABHY
TITRE;:
DONNEES SUR LA FACTURATION : CD-ROM DU 06 OCTOBRE 2005
RESSOURCE  :
730MB
ADRESSE ED :
DES. TECH. :
80 minutes
DESCRIP MAT:
/BASE DE DONNEES// FACTURATION// SONABHY/
~~~~~~~~~~~~~~~~~~~~~~~~~~~~~~~~~~~~~~~~~~~~~~~~~~~~~~~~
COTE;:
CDR.054
AUTEUR PM  :
SONABHY
TITRE;:
DONNEES SUR LA FACTURATION : CD-ROM DU 17 OCTOBRE 2005
RESSOURCE  :
700MB
ADRESSE ED :
DES. TECH. :
80 minutes
DESCRIP MAT:
/BASE DE DONNEES// FACTURATION// SONABHY/
~~~~~~~~~~~~~~~~~~~~~~~~~~~~~~~~~~~~~~~~~~~~~~~~~~~~~~~~
COTE;:
CDR.055
AUTEUR PM  :
SONABHY
TITRE;:
DONNEES SUR LA FACTURATION : CD-ROM DU 1er MARSS 2006
RESSOURCE  :
730MB
ADRESSE ED :
DES. TECH. :
80 minutes
DESCRIP MAT:
/BASE DE DONNEES// FACTURATION// SONABHY/
~~~~~~~~~~~~~~~~~~~~~~~~~~~~~~~~~~~~~~~~~~~~~~~~~~~~~~~~
COTE;:
CDR.056
AUTEUR PM  :
SONABHY
TITRE;:
DONNEES SUR LA FACTURATION : CD-ROM DU 03 MARS 2006
RESSOURCE  :
700MB
ADRESSE ED :
DES. TECH. :
80 minutes
DESCRIP MAT:
/BASE DE DONNEES// FACTURATION// SONABHY/
~~~~~~~~~~~~~~~~~~~~~~~~~~~~~~~~~~~~~~~~~~~~~~~~~~~~~~~~
COTE;:
CDR.057
AUTEUR PM  :
SONABHY
TITRE;:
DONNEES SUR LA FACTURATION : CD-ROM DU 03 MARS 2006
RESSOURCE  :
700MB
ADRESSE ED :
DES. TECH. :
80 minutes
DESCRIP MAT:
/BASE DE DONNEES// FACTURATION// SONABHY/
~~~~~~~~~~~~~~~~~~~~~~~~~~~~~~~~~~~~~~~~~~~~~~~~~~~~~~~~
COTE;:
CDR.058
AUTEUR PM  :
SONABHY
TITRE;:
DONNEES SUR LA FACTURATION : CD-ROM DU 06 MARS 2006
RESSOURCE  :
700MB
ADRESSE ED :
DES. TECH. :
80 minutes
DESCRIP MAT:
/BASE DE DONNEES// FACTURATION// SONABHY/
~~~~~~~~~~~~~~~~~~~~~~~~~~~~~~~~~~~~~~~~~~~~~~~~~~~~~~~~
COTE;:
CDR.059
AUTEUR PM  :
SONABHY
TITRE;:
DONNEES SUR LA FACTURATION : CD-ROM DU 09 MARS 2006,
RESSOURCE  :
700MB
ADRESSE ED :
DES. TECH. :
80 minutes
DESCRIP MAT:
/BASE DE DONNEES// FACTURATION// SONABHY/
~~~~~~~~~~~~~~~~~~~~~~~~~~~~~~~~~~~~~~~~~~~~~~~~~~~~~~~~
COTE;:
CDR.060
AUTEUR PM  :
SONABHY
TITRE;:
DONNEES SUR LA FACTURATION : CD-ROM DU 10 MARS 2006
RESSOURCE  :
700MB
ADRESSE ED :
DES. TECH. :
80 minutes
DESCRIP MAT:
/BASE DE DONNEES// FACTURATION// SONABHY/
~~~~~~~~~~~~~~~~~~~~~~~~~~~~~~~~~~~~~~~~~~~~~~~~~~~~~~~~
COTE;:
CDR.061
AUTEUR PM  :
SONABHY
TITRE;:
DONNEES SUR LA FACTURATION : CD-ROM DU 10 MARS 2006
RESSOURCE  :
700MB
ADRESSE ED :
DES. TECH. :
80 minutes
DESCRIP MAT:
/BASE DE DONNEES// FACTURATION// SONABHY/
~~~~~~~~~~~~~~~~~~~~~~~~~~~~~~~~~~~~~~~~~~~~~~~~~~~~~~~~
COTE;:
CDR.062
AUTEUR PM  :
SONABHY
TITRE;:
DONNEES SUR LA FACTURATION : CD-ROM DU 17 MARS 2006
RESSOURCE  :
700MB
ADRESSE ED :
DES. TECH. :
80 minutes
DESCRIP MAT:
/BASE DE DONNEES// FACTURATION// SONABHY/
~~~~~~~~~~~~~~~~~~~~~~~~~~~~~~~~~~~~~~~~~~~~~~~~~~~~~~~~
COTE;:
CDR.063
AUTEUR PM  :
SONABHY
TITRE;:
DONNEES SUR LA FACTURATION : CD-ROM DU 20 MARS 2006
RESSOURCE  :
700MB
ADRESSE ED :
DES. TECH. :
80 minutes
DESCRIP MAT:
/BASE DE DONNEES// FACTURATION// SONABHY/
~~~~~~~~~~~~~~~~~~~~~~~~~~~~~~~~~~~~~~~~~~~~~~~~~~~~~~~~
COTE;:
CDR.064
AUTEUR PM  :
SONABHY
TITRE;:
DONNEES SUR LA FACTURATION : CD-ROM DU 20 MARS 2006
RESSOURCE  :
700MB
ADRESSE ED :
DES. TECH. :
80 minutes
DESCRIP MAT:
/BASE DE DONNEES// FACTURATION// SONABHY/
~~~~~~~~~~~~~~~~~~~~~~~~~~~~~~~~~~~~~~~~~~~~~~~~~~~~~~~~
COTE;:
CDR.065
AUTEUR PM  :
SONABHY
TITRE;:
DONNEES SUR LA FACTURATION : CD-ROM DU 26 MARS 2006
RESSOURCE  :
700MB
ADRESSE ED :
DES. TECH. :
80 minutes
DESCRIP MAT:
/BASE DE DONNEES// FACTURATION// SONABHY/
~~~~~~~~~~~~~~~~~~~~~~~~~~~~~~~~~~~~~~~~~~~~~~~~~~~~~~~~
COTE;:
CDR.066
AUTEUR PM  :
SONABHY
TITRE;:
DONNEES SUR LA FACTURATION : CD-ROM DU 31 MARS 2006
RESSOURCE  :
700MB
ADRESSE ED :
DES. TECH. :
80 minutes
DESCRIP MAT:
/BASE DE DONNEES// FACTURATION// SONABHY/
~~~~~~~~~~~~~~~~~~~~~~~~~~~~~~~~~~~~~~~~~~~~~~~~~~~~~~~~
COTE;:
CDR.067
AUTEUR PM  :
SONABHY
TITRE;:
DONNEES SUR LA FACTURATION : CD-ROM DU 21 MARS 2006
RESSOURCE  :
700MB
ADRESSE ED :
DES. TECH. :
80 minutes
DESCRIP MAT:
/BASE DE DONNEES// FACTURATION// SONABHY/
~~~~~~~~~~~~~~~~~~~~~~~~~~~~~~~~~~~~~~~~~~~~~~~~~~~~~~~~
COTE;:
CDR.068
AUTEUR PM  :
SONABHY
TITRE;:
DONNEES SUR LA FACTURATION : CD-ROM DU 21 MARS 2006
RESSOURCE  :
700MB
ADRESSE ED :
DES. TECH. :
80 minutes
DESCRIP MAT:
/BASE DE DONNEES// FACTURATION// SONABHY/
~~~~~~~~~~~~~~~~~~~~~~~~~~~~~~~~~~~~~~~~~~~~~~~~~~~~~~~~
COTE;:
CDR.069
AUTEUR PM  :
SONABHY
TITRE;:
DONNEES SUR LA FACTURATION : CD-ROM DU 23 MARS 2006
RESSOURCE  :
700MB
ADRESSE ED :
DES. TECH. :
80 minutes
DESCRIP MAT:
/BASE DE DONNEES// FACTURATION// SONABHY/
~~~~~~~~~~~~~~~~~~~~~~~~~~~~~~~~~~~~~~~~~~~~~~~~~~~~~~~~
COTE;:
CDR.070
AUTEUR PM  :
SONABHY
TITRE;:
DONNEES SUR LA FACTURATION : CD-ROM DU 24 MARS 2006
RESSOURCE  :
700MB
ADRESSE ED :
DES. TECH. :
80 minutes
DESCRIP MAT:
/BASE DE DONNEES// FACTURATION// SONABHY/
~~~~~~~~~~~~~~~~~~~~~~~~~~~~~~~~~~~~~~~~~~~~~~~~~~~~~~~~
COTE;:
CDR.071
AUTEUR PM  :
SONABHY
TITRE;:
DONNEES SUR LA FACTURATION : CD-ROM DU 13 AVRIL 2006
RESSOURCE  :
700MB
ADRESSE ED :
DES. TECH. :
80 minutes
DESCRIP MAT:
/BASE DE DONNEES// FACTURATION// SONABHY/
~~~~~~~~~~~~~~~~~~~~~~~~~~~~~~~~~~~~~~~~~~~~~~~~~~~~~~~~
COTE;:
CDR.072
AUTEUR PM  :
SONABHY
TITRE;:
DONNEES SUR LA FACTURATION : CD-ROM DU VENDREDI 14
AVRIL 2006
RESSOURCE  :
700MB
ADRESSE ED :
DES. TECH. :
80 minutes
DESCRIP MAT:
/BASE DE DONNEES// FACTURATION// SONABHY/
~~~~~~~~~~~~~~~~~~~~~~~~~~~~~~~~~~~~~~~~~~~~~~~~~~~~~~~~
COTE;:
DIS.003
AUTEUR PM  :
SONABHY
TITRE;:
BASE DE DONNEES PETROL : FICHIER DE DEFINITION
RESSOURCE  :
1.44MB
ADRESSE ED :
DESCRIP MAT:
/BASE DE DONNEES// PETROL// ARCHIVES //SONABHY/
~~~~~~~~~~~~~~~~~~~~~~~~~~~~~~~~~~~~~~~~~~~~~~~~~~~~~~~~
COTE;:
DIS.004
AUTEUR PM  :
SONABHY
TITRE;:
BASE DE DONNEES PETROL : ISO : EXPORTATION
RESSOURCE  :
1.44MB
ADRESSE ED :
DESCRIP MAT:
/BASE DE DONNEES// ARCHIVES //SONABHY/
~~~~~~~~~~~~~~~~~~~~~~~~~~~~~~~~~~~~~~~~~~~~~~~~~~~~~~~~
COTE;:
DIS.005
AUTEUR PM  :
SONABHY
TITRE;:
BASE DE DONNEES DECOM : FICHIER DE DEFINITION
RESSOURCE  :
1.44MB
ADRESSE ED :
DESCRIP MAT:
/BASE DE DONNEES// ARCHIVES//SONABHY/
~~~~~~~~~~~~~~~~~~~~~~~~~~~~~~~~~~~~~~~~~~~~~~~~~~~~~~~~
COTE;:
DIS.006
AUTEUR PM  :
SONABHY
TITRE;:
BASE DE DONNEES DECOM ISO : EXPORTATION
RESSOURCE  :
1.44MB
ADRESSE ED :
DESCRIP MAT:
/BASE DE DONNEES// ARCHIVES //SONABHY/
~~~~~~~~~~~~~~~~~~~~~~~~~~~~~~~~~~~~~~~~~~~~~~~~~~~~~~~~
COTE;:
DIS.007
AUTEUR PM  :
SONABHY
TITRE;:
BASE DE DONNEES DADFI : FICHIER DE DEFINITION
RESSOURCE  :
1.44MB
ADRESSE ED :
DESCRIP MAT:
/BASE DE DONNEES//DADFI// ARCHIVES//SONABHY/
~~~~~~~~~~~~~~~~~~~~~~~~~~~~~~~~~~~~~~~~~~~~~~~~~~~~~~~~
COTE;:
DIS.008
AUTEUR PM  :
SONABHY
TITRE;:
BASE DE DONNEES DADFI : EXPORTATION
RESSOURCE  :
1.44MB
ADRESSE ED :
DESCRIP MAT:
/BASE DE DONNEES// ARCHIVES //SONABHY/
~~~~~~~~~~~~~~~~~~~~~~~~~~~~~~~~~~~~~~~~~~~~~~~~~~~~~~~~
COTE;:
DIS.009
AUTEUR PM  :
SONABHY
TITRE;:
BASE DE DONNEES DIGEN : FICHIER DE DEFINITION
RESSOURCE  :
1.44MB
ADRESSE ED :
DESCRIP MAT:
/BASE DE DONNEES// DIGEN//ARCHIVES //SONABHY/
~~~~~~~~~~~~~~~~~~~~~~~~~~~~~~~~~~~~~~~~~~~~~~~~~~~~~~~~
COTE;:
DIS.010
AUTEUR PM  :
SONABHY
TITRE;:
BASE DE DONNEES DIGEN.ISO : FICHIER D'EXPORTATION
RESSOURCE  :
1.44MB
ADRESSE ED :
OUAGADOUGOU : SONABHY, s.d.
DESCRIP MAT:
/BASE DE DONNEES//ARCHIVES//DIGEN//SONABHY/
~~~~~~~~~~~~~~~~~~~~~~~~~~~~~~~~~~~~~~~~~~~~~~~~~~~~~~~~
COTE;:
DIS.011
AUTEUR PM  :
SONABHY
TITRE;:
BASE DE DONNEES INCONNUE
ADRESSE ED :
DESCRIP MAT:
/BASE DE DONNEES //SONABHY/
~~~~~~~~~~~~~~~~~~~~~~~~~~~~~~~~~~~~~~~~~~~~~~~~~~~~~~~~
COTE;:
DIS.012
AUTEUR PM  :
SONABHY
TITRE;:
BASE DE DONNEES INCONNUE
ADRESSE ED :
DESCRIP MAT:
/BASE DE DONNEES// INCONNUE //SONABHY/
~~~~~~~~~~~~~~~~~~~~~~~~~~~~~~~~~~~~~~~~~~~~~~~~~~~~~~~~
COTE;:
AUD.001
AUTEUR PM  :
SONABHY
TITRE;:
BASE DE DONNEES SUR SAUVEGARDE COMPLETTE DU MARDI 03
JUIN 2003
RESSOURCE  :
MINI CASSETTE DE 120.GB
ADRESSE ED :
DESCRIP MAT:
/BASE DE DONNEE//INCONNUE //SONABHY/
~~~~~~~~~~~~~~~~~~~~~~~~~~~~~~~~~~~~~~~~~~~~~~~~~~~~~~~~
ADRESSE ED :
~~~~~~~~~~~~~~~~~~~~~~~~~~~~~~~~~~~~~~~~~~~~~~~~~~~~~~~~
ADRESSE ED :
~~~~~~~~~~~~~~~~~~~~~~~~~~~~~~~~~~~~~~~~~~~~~~~~~~~~~~~~
COTE;:
REL.004
AUTEUR PM  :
SONABHY
TITRE;:
Disque dur externe de sauvegarde de données
informatiques n°003 du 02 fevrier 2023 au 04 mars 2023.
ADRESSE ED :
DESCRIP MAT:
/DONNEE INFORMATIQUE//DONNEE
NUMERIQUE//SAUVEGARDE//INFORMATIQUE//SONABHY/
~~~~~~~~~~~~~~~~~~~~~~~~~~~~~~~~~~~~~~~~~~~~~~~~~~~~~~~~
COTE;:
REL.005
AUTEUR PM  :
SONABHY
TITRE;:
SYSTEME D'INFORMATION :DONNEE INFORMATIQUE: DISQUE DUR
EXTERNE DE SAUVEGARDE BDJDE 07/04/2023 AU 08/05 2023
ADRESSE ED :
DESCRIP MAT:
DONNEE INFORMATIQUESAUVEGARDE BDJDESONABHY
~~~~~~~~~~~~~~~~~~~~~~~~~~~~~~~~~~~~~~~~~~~~~~~~~~~~~~~~
COTE;:
REL.006
AUTEUR PM  :
SONABHY
TITRE;:
SYSTEME D'INFORMATION :DONNEE INFORMATIQUE: DISQUE DUR
EXTERNE DE SAUVEGARDE BD GAZ BUTANE02/02/2023, BDJE
05/03/2023,06/04/2023, 25/05/2023,026/05/2023
RESSOURCE  :
DISQUE DUR
ADRESSE ED :
DESCRIP MAT:
DONNEE INFORMATIQUEKIRASAUVEGARDE SONABHY
~~~~~~~~~~~~~~~~~~~~~~~~~~~~~~~~~~~~~~~~~~~~~~~~~~~~~~~~
COTE;:
REL.007
AUTEUR PP  :
SYSTEME D'INFORMATION : DONNEE INFORMATIQUE
:SAUVEGARDE BDE DU 09/05/2023 AU24/05/2023,SAUVEGARDE BD KIRA DU
"06/03/2023 AU26/03/2023;SAUVEGARDE BDRT DU 07/03/203 AU 23/05/2023"
AUTEUR PM  :
SONABHY
RESSOURCE  :
DISQUE DUR
ADRESSE ED :
DESCRIP MAT:
DONNEE INFORMATIQUESONABHYBASEXRTJDE ENTRIPRISE
~~~~~~~~~~~~~~~~~~~~~~~~~~~~~~~~~~~~~~~~~~~~~~~~~~~~~~~~
COTE;:
REL.008
AUTEUR PP  :
SYSTEME D'INFORMATION : DONNEE INFORMATIQUE
:SAUVEGARDE BDEDU 27/05/023 AU 01/06/2023 ,SAUVEGARDE BDVM VJDEBDD
10/06/2023
AUTEUR PM  :
SONABHY
RESSOURCE  :
DISQUE DUR
ADRESSE ED :
DESCRIP MAT:
DONNEE INFORMATIQUESONABHYSIEVDEBDD
~~~~~~~~~~~~~~~~~~~~~~~~~~~~~~~~~~~~~~~~~~~~~~~~~~~~~~~~
COTE;:
REL.009
AUTEUR PP  :
SYSTEME D'INFORMATION : DONNEE INFORMATIQUE :
"SAUVEGARDE BD GAZ BTUTANE DU  29/05/2023 AU 28/06/2023 ; 02/006/2023 AU"
"05/06/2023 ; KIRA DU 27/05/2023 AU 28/06/2023 ; bdxrt du 30/05/2023  AU"
"28/06/2023 ; VMSIEVIDEBDD 20/06/2023."
AUTEUR PM  :
SONABHY
RESSOURCE  :
DISQUE DUR
ADRESSE ED :
OUAGADOUGOU : SONABHY, 2023
DESCRIP MAT:
DONNEE INFORMATIQUESONABHYSIEVDEBDDGAZ
BUTANEDOCUBASEJD ENTREPRISERESOURCE HUMAINE
~~~~~~~~~~~~~~~~~~~~~~~~~~~~~~~~~~~~~~~~~~~~~~~~~~~~~~~~
COTE;:
REL.010
AUTEUR PP  :
SYSTEME D'INFORMATION : DONNEE INFORMATIQUE
:SAUVEGARDEVMSCEVDEDD SUITB(192.168.100 :PARTITION ET D
AUTEUR PM  :
SONABHY
RESSOURCE  :
DISQUE DUR
ADRESSE ED :
DESCRIP MAT:
DONNEE INFORMATIQUESONABHYSIEVDEBDDDOCUBASE
~~~~~~~~~~~~~~~~~~~~~~~~~~~~~~~~~~~~~~~~~~~~~~~~~~~~~~~~
COTE;:
REL.011
AUTEUR PM  :
SONABHY
TITRE;:
Données informatiques : Sauvegarde des données
"informatiques ; JDE, KIRA, ZRT, eSYSCOA, GAZ"
PERSONNEL, SIEVBDGED, SERVEURS de fichiers février -
aout 2023.
ADRESSE ED :
Ouagadougou : SONABHY, 2023
DESCRIP MAT:
/DONNEE INFORMATIQUE//BASE DE
DONNEES//SAUVEGARDE//JDE//GED//SRT//GAZ
PERSONNEL//KIRA//ESYSCOA//SERVEUR/
~~~~~~~~~~~~~~~~~~~~~~~~~~~~~~~~~~~~~~~~~~~~~~~~~~~~~~~~
COTE;:
REL.012
AUTEUR PM  :
SONABHY
TITRE;:
Données informatiques : HDD 1023-01 : SAUVEGARDE DE
BDJDE production du 06 juillet -04 aout 2023
ADRESSE ED :
Ouagadougou : SONABHY, 2023
DES. TECH. :
DISQUE DUR EXTERNE
DESCRIP MAT:
/DONNEES INFORMATIQUE//BASES DE
DONNEES//SAUVEGARDE//JDE//INFORMATIQUE/
~~~~~~~~~~~~~~~~~~~~~~~~~~~~~~~~~~~~~~~~~~~~~~~~~~~~~~~~
COTE;:
REL.013
AUTEUR PM  :
SONABHY
TITRE;:
Données informatiques : HDD 1023-02 : Sauvegarde BD
"GAZ PERSONNEL (07/08/2023 - 23/10/2023) ; Workspace"
(DEV+PROD) et outils de déploiement gaz personnel
"(26/10/2023) ; requête SQL JDE (10/10/2023) ; BD JDE"
"PRODUCTION (05/08/2023-23/10/2023) ; BD KIRA"
(07/08/2023 - 06/09/2023) BD XRT (09/08/2023 -
12/10/2023)
ADRESSE ED :
Ouagadougou : SONABHY, 2023
DESCRIP MAT:
/DONNEES INFORMATIQUE//BASES DE
DONNEES//SAUVEGARDE//WORKSPACE//JDE//KIRA//ZRT//GAZ
BUTANE//RESSOURCE HUMAINE/
~~~~~~~~~~~~~~~~~~~~~~~~~~~~~~~~~~~~~~~~~~~~~~~~~~~~~~~~
COTE;:
REL.014
AUTEUR PM  :
SONABHY
TITRE;:
Données informatiques : Sauvegarde du 15012024 : BD
"GAZ PERSONNEL (04/09/2023 - 05/01/2024) ; BD JDE"
"(20/10/2023 - 28/12/2023) ; BD XRT (16/08/2023 -"
03/01/2024)
ADRESSE ED :
Ouagadougou : SONABHY, 2024
DES. TECH. :
DISQUE DUR EXTERNE
DESCRIP MAT:
/DONNEE INFORMATIQUE//BASE DE
DONNEES//SAUVEGARDE//JDE//XRT//GAZ BUTANE//RESSOURCE
HUMAINE/
~~~~~~~~~~~~~~~~~~~~~~~~~~~~~~~~~~~~~~~~~~~~~~~~~~~~~~~~
COTE;:
PHO.046
AUTEUR PM  :
SONABHY
TITRE;:
ATELIER BROW-BAG SUR LE MECANISME FIXATION DES PRISE
DES YDOCARBURES
RESSOURCE  :
ALBUM GRAND FORMAT
ADRESSE ED :
DES. TECH. :
PHOTO  EN COUL.
NOTES;:
THEME:FEU DE CUVETTE CONTENANT UN BAC DE SUPER 91
CAPACITE 6500 m3
DESCRIP MAT:
/ HYDROCARBURE//PRIX//FORMATION//BROW-BAG//SONABHY/
/CAPES/
~~~~~~~~~~~~~~~~~~~~~~~~~~~~~~~~~~~~~~~~~~~~~~~~~~~~~~~~
COTE;:
PHO.047
AUTEUR PM  :
SONABHY
TITRE;:
ACTIVITE SPORTIVES :AS SONABHY
RESSOURCE  :
ALBUM GRAND FORMAT
ADRESSE ED :
DES. TECH. :
PHOTO  EN COUL.
NOTES;:
THEME:FEU DE CUVETTE CONTENANT UN BAC DE SUPER 91
CAPACITE 6500 m3
DESCRIP MAT:
/ SPORT//AS-SONABHY//HAND-BALL//FOOTBALL/
~~~~~~~~~~~~~~~~~~~~~~~~~~~~~~~~~~~~~~~~~~~~~~~~~~~~~~~~
COTE;:
PHO.048
AUTEUR PM  :
SONABHY
TITRE;:
PRESENTATION DE VOEUX DE LA SONABHY EN 2018
RESSOURCE  :
ALBUM GRAND FORMAT
ADRESSE ED :
DES. TECH. :
107 PHOTOS  EN COUL.
NOTES;:
BON ETAT
DESCRIP MAT:
/ PRESENTATION VOEUX//NOUVEL AN//SONABHY/
~~~~~~~~~~~~~~~~~~~~~~~~~~~~~~~~~~~~~~~~~~~~~~~~~~~~~~~~
COTE;:
PHO.049
AUTEUR PM  :
SONABHY
TITRE;:
CEREMONIE DE REMISE OFFICIELLE DE 02 BUS A LA MUTUELLE
DE LA SONABHY PAR LA DIRECTION GENERALE DE LA SONABHY
RESSOURCE  :
ALBUM GRAND FORMAT
ADRESSE ED :
DES. TECH. :
68 PHOTOS  EN COUL.
NOTES;:
BON ETAT
DESCRIP MAT:
/SONABHY//BUS//MUTRAS
~~~~~~~~~~~~~~~~~~~~~~~~~~~~~~~~~~~~~~~~~~~~~~~~~~~~~~~~
COTE;:
PHO.050
AUTEUR PM  :
SONABHY
TITRE;:
CEREMONIE DE PASSATION DE CHARGE ENTRE PARE NAZAIRE
ENTRANT ET ILBOUDO SEYDOU
RESSOURCE  :
ALBUM GRAND FORMAT
ADRESSE ED :
DES. TECH. :
54 PHOTOS  EN COUL.
NOTES;:
BON ETAT
DESCRIP MAT:
/PASSATION DE CHARGE//PARE NAZAIRE//ILBOUDO SEYDOU/
~~~~~~~~~~~~~~~~~~~~~~~~~~~~~~~~~~~~~~~~~~~~~~~~~~~~~~~~
COTE;:
PHO.051
AUTEUR PM  :
SONABHY
TITRE;:
CEREMONIE D'HOMMAGE ET DE RECONNAISSANCE DES ANCIENS
DIRECTEURS GENERAUX DE LA SONABHY
RESSOURCE  :
ALBUM GRAND FORMAT
ADRESSE ED :
DES. TECH. :
74 PHOTOS  EN COUL.
NOTES;:
BON ETAT
DESCRIP MAT:
/HOMMAGE//ANCIEN DIRECTEUR
GENERAL//RECONNAISSANCE//SONABHY/
~~~~~~~~~~~~~~~~~~~~~~~~~~~~~~~~~~~~~~~~~~~~~~~~~~~~~~~~
COTE;:
PHO.052
AUTEUR PM  :
SONABHY
TITRE;:
JOURNEE DE CONVENTION DU PERSONNEL SUR LE LANCEMENT DU
"PROJET ""REFONTE DU PROGICIEL DE GESTION INTEGREE (ERR"
JD EDWARDS JDI)
RESSOURCE  :
ALBUM GRAND FORMAT
ADRESSE ED :
DES. TECH. :
122 PHOTOS  EN COUL.
NOTES;:
BON ETAT
DESCRIP MAT:
/LANCEMENT//PROJET INFORMATIQUE//PROGICIEL DE GESTION
INTEGRE//J D ENTREPRISE/
~~~~~~~~~~~~~~~~~~~~~~~~~~~~~~~~~~~~~~~~~~~~~~~~~~~~~~~~
COTE;:
PHO.053
AUTEUR PM  :
SONABHY
TITRE;:
CEREMONIE DE PASSATION DE CHARGE ENTRE HILAIRE KABORE
ET ABOUBACAR NACRO
RESSOURCE  :
ALBUM GRAND FORMAT
ADRESSE ED :
DES. TECH. :
54 PHOTOS  EN COUL.
NOTES;:
BON ETAT
DESCRIP MAT:
/CEREMONIE DE PASSATION//PASSATION//HILAIRE
KABORE//ABOUBACAR NACRO
~~~~~~~~~~~~~~~~~~~~~~~~~~~~~~~~~~~~~~~~~~~~~~~~~~~~~~~~
COTE;:
PHO.054
AUTEUR PM  :
SONABHY
TITRE;:
ATELIER SUR LA CHAINE LOGISTIQUE DU GAZ BUTANE
RESSOURCE  :
ALBUM GRAND FORMAT (DOC PHYSIQUE PLUS DOC NUMERIQUE
(CLE USB)
ADRESSE ED :
DES. TECH. :
120 PHOTOS  EN COUL.
NOTES;:
BON ETAT
DESCRIP MAT:
/GAZ BUTANE//CONSOMMATEUR//ECONOMIE//LOGISTIQUE/
~~~~~~~~~~~~~~~~~~~~~~~~~~~~~~~~~~~~~~~~~~~~~~~~~~~~~~~~
COTE;:
PHO.055
AUTEUR PM  :
SONABHY
TITRE;:
CEREMONIE DE LANCEMENT DES TRAVAUX D'EXTENSION DES
INSTALLATIONS DES DEPOTS DE BINGO ET BOBO DIOULASSO
RESSOURCE  :
ALBUM GRAND FORMANT
ADRESSE ED :
DES. TECH. :
120 PHOTOS  EN COUL.
NOTES;:
BON ETAT
DESCRIP MAT:
/EXTENSION//DEPOT BINGO//LANCEMENT//DEPOT BOBO/
~~~~~~~~~~~~~~~~~~~~~~~~~~~~~~~~~~~~~~~~~~~~~~~~~~~~~~~~
COTE;:
PHO.056
AUTEUR PM  :
SONABHY
TITRE;:
PASSATION DE FONCTION ENTRE LE PCA SORTANT SEYDOU
ILBOUDO ET LE PCA ENTRANT HONORE HADI YONLI
RESSOURCE  :
ALBUM GRAND FORMANT
ADRESSE ED :
DES. TECH. :
77 PHOTOS  EN COUL.
NOTES;:
BON ETAT
DESCRIP MAT:
/PASSATION CHARGE//ILBOUDO SEYDOU//YONLI HONORE
HADI//SONABHY/
~~~~~~~~~~~~~~~~~~~~~~~~~~~~~~~~~~~~~~~~~~~~~~~~~~~~~~~~
COTE;:
PHO.057
AUTEUR PM  :
SONABHY
TITRE;:
CEREMONIE DE POT D'AUREVOIR AUX RETRAITES DE LA
SONABHY SUIVIE DE REMISE DE MEDAILLE
RESSOURCE  :
ALBUM GRAND FORMANT
ADRESSE ED :
DES. TECH. :
90 PHOTOS  EN COUL.
NOTES;:
BON ETAT
DESCRIP MAT:
/RETRAITE//DEPART A LA
RETRAITE//MEDAILLE//SONABHY//RESSOURCE HUMAINE/
~~~~~~~~~~~~~~~~~~~~~~~~~~~~~~~~~~~~~~~~~~~~~~~~~~~~~~~~
COTE;:
PHO.058
AUTEUR PM  :
SONABHY
TITRE;:
SIGNATURE DE CONVENTION CADRE DE PARTENARIAT SONABHY
CHAMBRE DE METIERS DE L'ARTISANAT DU BF SEPT 2021
RESSOURCE  :
ALBUM GRAND FORMANT
ADRESSE ED :
DES. TECH. :
58 PHOTOS  EN COUL.
NOTES;:
BON ETAT
DESCRIP MAT:
/PARTENARIAT//SONABHY//CMABF//SIGNATURE
~~~~~~~~~~~~~~~~~~~~~~~~~~~~~~~~~~~~~~~~~~~~~~~~~~~~~~~~
COTE;:
REL.015
AUTEUR PM  :
SONABHY
TITRE;:
DONNEES INFORMATIQUES: DISQUE DUR HDD0224-01 DU
08-02-2024:SI, EVBDD1, SIEVSCCM, SIEVSCDPM, SIEVSCSM,
SIEVSCVMM
ADRESSE ED :
DES. TECH. :
DISQUE DUR EXTERNE
NOTES;:
BON ETAT
DESCRIP MAT:
/BASE DE DONNEE//INFORMATIQUE//SAUVEGARDE/
~~~~~~~~~~~~~~~~~~~~~~~~~~~~~~~~~~~~~~~~~~~~~~~~~~~~~~~~
COTE;:
REL.016
AUTEUR PM  :
SONABHY
TITRE;:
DONNEES INFORMATIQUES : DISQUE DUR HDD0224-02 DU
08-02-2024:SIEVDHCP, SIEVSEDR,
ADRESSE ED :
DES. TECH. :
DISQUE DUR
NOTES;:
BON ETAT
DESCRIP MAT:
/BASE DE DONNEE//INFORMATIQUE//SAUVEGARDE/
~~~~~~~~~~~~~~~~~~~~~~~~~~~~~~~~~~~~~~~~~~~~~~~~~~~~~~~~
COTE;:
REL.017
AUTEUR PM  :
SONABHY
TITRE;:
DONNEES INFORMATIQUES : DISQUE DUR HDD0224-02 DU
08-02-2024:JDZBDD,JDZDEV,JDEENT,JDEOVR,JDEWEB1
ADRESSE ED :
DES. TECH. :
DISQUE DUR
NOTES;:
BON ETAT
DESCRIP MAT:
/BASE DE DONNEE//INFORMATIQUE//SAUVEGARDE//JDE//DONNEE
INFORMATIQUE/
~~~~~~~~~~~~~~~~~~~~~~~~~~~~~~~~~~~~~~~~~~~~~~~~~~~~~~~~
COTE;:
REL.019
AUTEUR PM  :
SONABHY
TITRE;:
DONNEES INFORMATIQUES : DISQUE DUR HDD0424-01
ADRESSE ED :
DES. TECH. :
DISQUE DUR
NOTES;:
BON ETAT
DESCRIP MAT:
/GED//GAZBUTANE//RESSOURCE HUMAINE//CONTRAT/DONNE
INFORMATIQUE//BASE DE DONNEE/
~~~~~~~~~~~~~~~~~~~~~~~~~~~~~~~~~~~~~~~~~~~~~~~~~~~~~~~~
COTE;:
REL.020
AUTEUR PM  :
SONABHY
TITRE;:
DISQUE DUR :
HDD0624-01:192.1680.203:(SIEVDC2,SIEVFILES2,SIEVG
EDBDD,SIEVGEDWEB,SIEVMBX2,SIEVVIDS,OTHER) DU
08-06-2024 ET 192.168.0.2040DU 08-06-2024
ADRESSE ED :
DES. TECH. :
DISQUE DUR
NOTES;:
BON ETAT
DESCRIP MAT:
/GED// INFORMATIQUE//BASE DE DONNEE//SERVEUR/
~~~~~~~~~~~~~~~~~~~~~~~~~~~~~~~~~~~~~~~~~~~~~~~~~~~~~~~~
COTE;:
REL.021
AUTEUR PM  :
SONABHY
TITRE;:
"DISQUE DUR :  HDD0624-02:172.20.10.201;"
(SIEVBDD1,SIEVsccm,SIEVSCDPM,SIEVSCOM,SIEVSCSM,SI
"EVSCVMM,); 172.20.10.202 (SIEVDHCP,SIEVSEDR);"
172.20.10.210 (SIEVMAARCHRM)
ADRESSE ED :
DES. TECH. :
DISQUE DUR
NOTES;:
BON ETAT
DESCRIP MAT:
/ INFORMATIQUE//BASE DE DONNEE//MAARCH/
~~~~~~~~~~~~~~~~~~~~~~~~~~~~~~~~~~~~~~~~~~~~~~~~~~~~~~~~
COTE;:
REL.022
AUTEUR PM  :
SONABHY
TITRE;:
"DISQUE DUR :  HDD0624-03:172.20.10.100;"
(JDEBDD,JDEWEB1,JDEENT,JDEDEP,JDEOVR) DU 08-06-2024
ADRESSE ED :
DES. TECH. :
DISQUE DUR
NOTES;:
BON ETAT
DESCRIP MAT:
/ INFORMATIQUE//BASE DE DONNEE//WEB//SERVEUR/
~~~~~~~~~~~~~~~~~~~~~~~~~~~~~~~~~~~~~~~~~~~~~~~~~~~~~~~~
COTE;:
REL.023
AUTEUR PM  :
SONABHY
TITRE;:
"DISQUE DUR :  HDD0624-04:192.20.168.0.100;"
(SIEVJDEBDD,SIEVJDEWEB1,SIEVJDEWEB2, SIEVJDEENT,
SIEVJDEDEP,SIEVJDEOVR, SIEVFIN01, SIEVXRT,SIEVKIRA) DU
08-06-2024
ADRESSE ED :
DES. TECH. :
DISQUE DUR
NOTES;:
BON ETAT
DESCRIP MAT:
/ INFORMATIQUE//BASE DE
DONNEE//WEB//SERVEUR//JDE//DISQUE DUR//KIRA//FINANCE/
~~~~~~~~~~~~~~~~~~~~~~~~~~~~~~~~~~~~~~~~~~~~~~~~~~~~~~~~
COTE;:
REL.024
AUTEUR PM  :
SONABHY
TITRE;:
DISQUE DUR :  HDD0624-05:DOCUBASE(13-04-2024
/24-06-2024) JDE (12-03-2024/22-05-2024) PROJET
"GESTION DES CONTRATS (19-03-2024); XRT"
(28-02-2024/19-06-2024)
ADRESSE ED :
DES. TECH. :
DISQUE DUR
NOTES;:
BON ETAT
DESCRIP MAT:
/ INFORMATIQUE//BASE DE DONNEE//JDE//DISQUE
DUR//DOCUBASE//GESTION DES CONTRAT//GAZ
BUTANE//PERSONNEL//XRT/
~~~~~~~~~~~~~~~~~~~~~~~~~~~~~~~~~~~~~~~~~~~~~~~~~~~~~~~~
ADRESSE ED :
~~~~~~~~~~~~~~~~~~~~~~~~~~~~~~~~~~~~~~~~~~~~~~~~~~~~~~~~
ADRESSE ED :
~~~~~~~~~~~~~~~~~~~~~~~~~~~~~~~~~~~~~~~~~~~~~~~~~~~~~~~~
COTE;:
REL.025
AUTEUR PM  :
SONABHY
TITRE;:
[DONNEES INFORMATIQUES]:DISQUE DUR HDD 1224-01: GEDBDD
DOCUBASE(13/04/2024-15/08/2024), GAZPERSONNEL
DB(25/06/2024-15/08/2024),
JDE_PRODUCTION(23/05/2024-30/07/2024), JDE920
(24/05/2024-26/07/2024), JDE_PY920, JDE_PS920,
JDE_DV920, JDE_DEVELOPEMENT , JDE_CRP ,
JDE_BIP(31/05/2024), REQUETES SQL PROJETS SQL, PROJETS
(26/06/2024), XRTPRODUCTION XRT, COMMONS XRT,
FORMABANK (22/05/2024)
ADRESSE ED :
DES. TECH. :
DISQUE DUR
DESCRIP MAT:
/BASE DE DONNEE/ /ARCHIVAGE ELECTRONIQUE/ /DOCUBASE/
/DONNEE INFORMATIQUE/
~~~~~~~~~~~~~~~~~~~~~~~~~~~~~~~~~~~~~~~~~~~~~~~~~~~~~~~~
